#2017-08-04#,H,announces,1
#2017-08-04#,H,comms,1
#2017-08-04#,T,stessi,1
#2017-08-04#,T,soon,1
#2017-08-04#,T,rest,1
#2017-08-04#,T,press,2
#2017-08-04#,T,talbertswan,1
#2017-08-04#,T,_makada_,1
#2017-08-04#,H,icbm,1
#2017-08-04#,T,epic,1
#2017-08-04#,H,children,1
#2017-08-04#,T,#trump,1
#2017-08-04#,H,scaramucci,5
#2017-08-04#,T,miller's,1
#2017-08-04#,T,alla,1
#2017-08-04#,H,thinking,1
#2017-08-04#,H,trying,1
#2017-08-04#,T,jim,1
#2017-08-04#,H,nap,1
#2017-08-04#,T,praised,1
#2017-08-04#,T,rich,1
#2017-08-04#,T,stephen,2
#2017-08-04#,T,speech,1
#2017-08-04#,T,msnbc,1
#2017-08-04#,H,save,1
#2017-08-04#,T,hates,1
#2017-08-04#,T,real,1
#2017-08-04#,H,sued,1
#2017-08-04#,H,means,1
#2017-08-04#,H,food,1
#2017-08-04#,T,watch,1
#2017-08-04#,H,cupcake,1
#2017-08-04#,T,huffpost,1
#2017-08-04#,T,listening,1
#2017-08-04#,H,judge,1
#2017-08-04#,T,using,1
#2017-08-04#,H,republican,1
#2017-08-04#,T,odio,1
#2017-08-04#,H,w.va,1
#2017-08-04#,H,gov,1
#2017-08-04#,T,schools,1
#2017-08-04#,H,leader,1
#2017-08-04#,T,cnn's,1
#2017-08-04#,H,found,1
#2017-08-04#,T,#cnn,1
#2017-08-04#,T,view,1
#2017-08-04#,H,attorney,1
#2017-08-04#,T,untrue,1
#2017-08-04#,T,stacylstiles,1
#2017-08-04#,T,leaders,1
#2017-08-04#,B,trump's,2
#2017-08-04#,H,sends,1
#2017-08-04#,T,miller,3
#2017-08-04#,H,globe,1
#2017-08-04#,T,cuts,1
#2017-08-04#,T,realdonaldtrump,3
#2017-08-04#,T,donald,1
#2017-08-04#,T,static,1
#2017-08-04#,T,jobs,1
#2017-08-04#,T,blue,1
#2017-08-04#,H,afghanistan,1
#2017-08-04#,H,network,1
#2017-08-04#,T,#thursdaythoughts,1
#2017-08-04#,T,reform,1
#2017-08-04#,H,house,1
#2017-08-04#,H,tensions,1
#2017-08-04#,T,reporter,1
#2017-08-04#,T,fox,1
#2017-08-04#,T,liberty,1
#2017-08-04#,H,korean,1
#2017-08-04#,H,arkansas,1
#2017-08-04#,T,cnn,2
#2017-08-04#,H,surprise,1
#2017-08-04#,T,lucianwintrich,1
#2017-08-04#,H,beating,1
#2017-08-04#,T,correct,1
#2017-08-04#,T,red,1
#2017-08-04#,H,hotbed,1
#2017-08-04#,H,korea,1
#2017-08-04#,H,jury,7
#2017-08-04#,T,exchange,1
#2017-08-04#,T,wh,1
#2017-08-04#,T,le,1
#2017-08-04#,T,news,1
#2017-08-04#,T,boy,1
#2017-08-04#,H,mob,1
#2017-08-04#,H,region,1
#2017-08-04#,H,violence,1
#2017-08-04#,H,foreign,1
#2017-08-04#,T,american,1
#2017-08-04#,H,aboard,1
#2017-08-04#,T,today's,1
#2017-08-04#,T,shsanders,1
#2017-08-04#,H,opinion,1
#2017-08-04#,T,michaelbeatty,1
#2017-08-04#,T,qualcuno,1
#2017-08-04#,H,emerge,1
#2017-08-04#,T,via,1
#2017-08-04#,H,blogger,1
#2017-08-04#,T,spreading,1
#2017-08-04#,T,#usa,1
#2017-08-04#,H,message,1
#2017-08-04#,T,pinkk9lover,1
#2017-08-04#,H,crisis,1
#2017-08-04#,B,trump,9
#2017-08-04#,T,story,1
#2017-08-04#,T,drmartyfox,1
#2017-08-04#,T,fec,1
#2017-08-04#,T,start,1
#2017-08-04#,H,caught,1
#2017-08-04#,T,political,1
#2017-08-04#,H,test-launches,1
#2017-08-04#,T,doing,1
#2017-08-04#,T,msm,1
#2017-08-04#,T,basic,1
#2017-08-04#,H,sekulow,1
#2017-08-04#,T,donnawr,1
#2017-08-04#,T,ricordo,1
#2017-08-04#,T,washingtonpost,1
#2017-08-04#,T,hard,1
#2017-08-04#,H,north,2
#2017-08-04#,T,gli,1
#2017-08-04#,H,fire,2
#2017-08-04#,T,expose,1
#2017-08-04#,T,exactly,1
#2017-08-04#,T,immigration,1
#2017-08-04#,H,phone,1
#2017-08-04#,H,train,1
#2017-08-04#,H,july,6
#2017-08-04#,T,ha,1
#2017-08-04#,H,sanctions,4
#2017-08-04#,T,#raise,1
#2017-08-04#,H,bellwether,1
#2017-08-04#,H,purge,1
#2017-08-04#,T,fakenews,2
#2017-08-04#,H,amid,1
#2017-08-04#,T,briefing,1
#2017-08-04#,H,transcripts,1
#2017-08-04#,T,potus,1
#2017-08-04#,H,russia,6
#2017-08-04#,T,#maga,2
#2017-08-04#,T,politico,1
#2017-08-04#,T,violets,1
#2017-08-04#,T,#jimacosta,1
#2017-08-04#,T,didn't,1
#2017-08-04#,H,mega-leak,1
#2017-08-04#,T,cosmopolitan,1
#2017-08-04#,H,dallas,1
#2017-08-04#,T,media,1
#2017-08-04#,T,di,1
#2017-08-04#,H,snow,1
#2017-08-04#,T,roses,1
#2017-08-04#,T,report,1
#2017-08-04#,T,demolished,1
#2017-08-04#,H,grand,7
#2017-08-04#,H,party,1
#2017-08-04#,H,terrorism,1
#2017-08-04#,T,jrcheneyjohn,1
#2017-08-04#,H,mueller,7
#2017-08-04#,T,nytimes,1
#2017-08-04#,H,dies,1
#2017-08-04#,H,eggs,1
#2017-08-04#,T,reporting,1
#2017-08-04#,T,acosta,3
#2017-08-04#,T,#firehannity,1
#2017-08-04#,T,dato,1
#2017-08-04#,H,plan,4
#2017-08-04#,T,statue,1
#2017-08-04#,H,president,1
#2017-08-04#,T,sono,1
#2017-08-04#,T,totally,1
#2017-08-04#,T,sebgorka,1
#2017-08-04#,H,calls,1
#2017-08-04#,T,acosta's,1
#2017-08-04#,T,seth,1
#2017-08-04#,T,daily,1
#2017-08-04#,H,switch,1
#2017-08-04#,T,#buildthewall,1
#2017-08-04#,T,time,1
#2017-08-04#,H,democratic,1
#2017-08-05#,T,golf,1
#2017-08-05#,H,probe,1
#2017-08-05#,T,#fridayfeeling,1
#2017-08-05#,T,press,1
#2017-08-05#,T,own,1
#2017-08-05#,T,won't,1
#2017-08-05#,T,yes,1
#2017-08-05#,H,impanels,1
#2017-08-05#,H,children,1
#2017-08-05#,T,dummies,1
#2017-08-05#,H,death,1
#2017-08-05#,H,police,1
#2017-08-05#,T,tweet,1
#2017-08-05#,H,former,1
#2017-08-05#,H,arrest,1
#2017-08-05#,T,outed,1
#2017-08-05#,H,dunham,1
#2017-08-05#,H,policy,1
#2017-08-05#,T,msnbc,1
#2017-08-05#,T,fakenews,1
#2017-08-05#,T,real,1
#2017-08-05#,H,grassley,3
#2017-08-05#,T,https://t.co/7u5me6pflg,1
#2017-08-05#,T,lvnancy,1
#2017-08-05#,T,stop,1
#2017-08-05#,H,tucker,1
#2017-08-05#,T,hahahahahaha,1
#2017-08-05#,T,reporters,1
#2017-08-05#,H,report,1
#2017-08-05#,H,hearing,1
#2017-08-05#,H,multiple,1
#2017-08-05#,T,cover-up,1
#2017-08-05#,H,abby,1
#2017-08-05#,H,officer's,1
#2017-08-05#,H,university,1
#2017-08-05#,H,schultz's,1
#2017-08-05#,H,gun,1
#2017-08-05#,H,detroit,4
#2017-08-05#,H,rocks,1
#2017-08-05#,T,carrieksada,1
#2017-08-05#,T,skb_sara,1
#2017-08-05#,T,liars,1
#2017-08-05#,H,predatory,1
#2017-08-05#,T,jojoh,1
#2017-08-05#,H,lashes,1
#2017-08-05#,T,miller,1
#2017-08-05#,H,sex,5
#2017-08-05#,T,elected,1
#2017-08-05#,H,dear,1
#2017-08-05#,H,sen,5
#2017-08-05#,T,#trumprally,1
#2017-08-05#,T,wonder,1
#2017-08-05#,T,rt,1
#2017-08-05#,H,apologizes,1
#2017-08-05#,H,review,1
#2017-08-05#,T,fox,1
#2017-08-05#,H,comments,1
#2017-08-05#,T,newsweek,1
#2017-08-05#,H,shelter,1
#2017-08-05#,H,investigation,1
#2017-08-05#,T,abt,1
#2017-08-05#,T,cnn,2
#2017-08-05#,T,#trump,1
#2017-08-05#,H,guns,1
#2017-08-05#,T,lazy,1
#2017-08-05#,T,reporting,1
#2017-08-05#,H,jury,1
#2017-08-05#,T,predicting,1
#2017-08-05#,T,free,1
#2017-08-05#,H,bombshell,1
#2017-08-05#,T,job,1
#2017-08-05#,H,base,1
#2017-08-05#,T,news,1
#2017-08-05#,B,wh,2
#2017-08-05#,H,teacher,1
#2017-08-05#,T,boy,1
#2017-08-05#,H,balance,1
#2017-08-05#,T,#cnnfakenews,1
#2017-08-05#,T,#westvirginia,1
#2017-08-05#,T,#iftwitterdidntexist,1
#2017-08-05#,T,months,1
#2017-08-05#,T,michelle's,1
#2017-08-05#,B,russia,2
#2017-08-05#,T,american,1
#2017-08-05#,T,weren't,1
#2017-08-05#,T,demwrite,1
#2017-08-05#,H,opinion,5
#2017-08-05#,T,bama's,1
#2017-08-05#,T,organize,1
#2017-08-05#,H,clinton,4
#2017-08-05#,T,win,1
#2017-08-05#,T,#obamaday,1
#2017-08-05#,T,jesus,1
#2017-08-05#,T,lies,1
#2017-08-05#,T,accomplishments,1
#2017-08-05#,T,trumptrain45pac,1
#2017-08-05#,T,article,1
#2017-08-05#,H,scandal,6
#2017-08-05#,T,total,1
#2017-08-05#,T,story,1
#2017-08-05#,T,aren't,1
#2017-08-05#,T,support,1
#2017-08-05#,T,bamas,1
#2017-08-05#,H,adopted,1
#2017-08-05#,H,leaks,8
#2017-08-05#,T,msm,1
#2017-08-05#,T,poured,1
#2017-08-05#,T,call,1
#2017-08-05#,T,we're,1
#2017-08-05#,T,strong,1
#2017-08-05#,H,suit,1
#2017-08-05#,T,fought,1
#2017-08-05#,T,washingtonpost,1
#2017-08-05#,T,supporters,2
#2017-08-05#,H,sessions,6
#2017-08-05#,T,pollsters,1
#2017-08-05#,T,stephen,1
#2017-08-05#,T,hillary,2
#2017-08-05#,T,remixed,1
#2017-08-05#,T,fooled,1
#2017-08-05#,T,rivers,1
#2017-08-05#,T,eat,1
#2017-08-05#,T,obama,1
#2017-08-05#,H,abused,1
#2017-08-05#,T,batch,1
#2017-08-05#,T,matter,1
#2017-08-05#,T,loves,1
#2017-08-05#,T,youngdems4trump,1
#2017-08-05#,T,landslide,1
#2017-08-05#,T,potus,1
#2017-08-05#,T,propaganda,1
#2017-08-05#,H,claim,1
#2017-08-05#,T,#maga,1
#2017-08-05#,B,trump,3
#2017-08-05#,T,boston,1
#2017-08-05#,T,julien_assange,1
#2017-08-05#,H,tonight,1
#2017-08-05#,T,list,1
#2017-08-05#,T,bias,1
#2017-08-05#,H,rally,1
#2017-08-05#,T,#fakenews,1
#2017-08-05#,T,lie,1
#2017-08-05#,T,americanvoterus,1
#2017-08-05#,T,dying,1
#2017-08-05#,T,idiot,1
#2017-08-05#,T,joan,1
#2017-08-05#,T,able,1
#2017-08-05#,H,confidant,1
#2017-08-05#,T,knp2bp,1
#2017-08-05#,H,slammed,1
#2017-08-05#,T,vacation,1
#2017-08-05#,H,animal,1
#2017-08-05#,H,grand,1
#2017-08-05#,H,wasserman,1
#2017-08-05#,T,=,1
#2017-08-05#,T,stand,1
#2017-08-05#,H,mueller,1
#2017-08-05#,T,nytimes,1
#2017-08-05#,T,plans,1
#2017-08-05#,H,students,1
#2017-08-05#,T,watch,1
#2017-08-05#,H,advice,1
#2017-08-05#,H,buzz,1
#2017-08-05#,T,acosta,1
#2017-08-05#,T,#firehannity,1
#2017-08-05#,T,abc,1
#2017-08-05#,H,feds,1
#2017-08-05#,T,#leaks,1
#2017-08-05#,T,president,1
#2017-08-05#,H,blumenthal,3
#2017-08-05#,H,dog,1
#2017-08-05#,T,person,1
#2017-08-05#,H,jail,6
#2017-08-05#,B,subpoena,2
#2017-08-05#,B,media,9
#2017-08-05#,T,push,1
#2017-08-05#,H,krauthammer,1
#2017-08-05#,H,charged,1
#2017-08-05#,T,+,1
#2017-08-05#,T,left,1
#2017-08-06#,H,planetary,4
#2017-08-06#,H,maxine,1
#2017-08-06#,H,bomb,1
#2017-08-06#,T,celebs,1
#2017-08-06#,H,soon,1
#2017-08-06#,T,report,1
#2017-08-06#,H,atomic,1
#2017-08-06#,T,human,1
#2017-08-06#,H,earth,1
#2017-08-06#,T,paul,1
#2017-08-06#,T,newsweek,1
#2017-08-06#,H,aggression,1
#2017-08-06#,T,#trump,2
#2017-08-06#,T,le,1
#2017-08-06#,H,candidates,1
#2017-08-06#,H,save,1
#2017-08-06#,H,aliens,2
#2017-08-06#,T,fakenews,1
#2017-08-06#,T,read,1
#2017-08-06#,T,de,1
#2017-08-06#,T,stop,1
#2017-08-06#,T,dc,1
#2017-08-06#,T,resistance,1
#2017-08-06#,T,huffpost,1
#2017-08-06#,T,listening,1
#2017-08-06#,T,reporters,1
#2017-08-06#,T,press,1
#2017-08-06#,T,using,1
#2017-08-06#,T,wokers,1
#2017-08-06#,T,#tcot,1
#2017-08-06#,T,list,1
#2017-08-06#,T,democrat,1
#2017-08-06#,T,ryan,1
#2017-08-06#,T,libtards,1
#2017-08-06#,H,officer,4
#2017-08-06#,H,bombs,1
#2017-08-06#,T,produciendo,1
#2017-08-06#,H,replacement,1
#2017-08-06#,T,en,1
#2017-08-06#,T,cost,1
#2017-08-06#,H,senate,1
#2017-08-06#,H,house,7
#2017-08-06#,T,idea,1
#2017-08-06#,H,immigrant,1
#2017-08-06#,T,#nra,1
#2017-08-06#,B,accused,2
#2017-08-06#,H,japan,1
#2017-08-06#,T,#venezuela,1
#2017-08-06#,H,kidnap,1
#2017-08-06#,T,rt,3
#2017-08-06#,T,fox,1
#2017-08-06#,H,ice,6
#2017-08-06#,T,activist,1
#2017-08-06#,H,mcmaster,8
#2017-08-06#,T,cnn,2
#2017-08-06#,T,supports,1
#2017-08-06#,T,corruption,1
#2017-08-06#,H,seeks,6
#2017-08-06#,T,rodstryker,1
#2017-08-06#,H,available,1
#2017-08-06#,T,lazy,1
#2017-08-06#,H,korea,1
#2017-08-06#,T,jobs,1
#2017-08-06#,T,truth,1
#2017-08-06#,H,power,1
#2017-08-06#,T,targeted,1
#2017-08-06#,T,non-#fakenews,1
#2017-08-06#,T,brainwashed,1
#2017-08-06#,H,protection,5
#2017-08-06#,T,news,1
#2017-08-06#,T,aren't,1
#2017-08-06#,T,pnehlen,1
#2017-08-06#,T,wait,1
#2017-08-06#,T,boy,1
#2017-08-06#,T,mega,1
#2017-08-06#,T,ericbolling,1
#2017-08-06#,T,dloesch,1
#2017-08-06#,T,months,1
#2017-08-06#,H,times,1
#2017-08-06#,T,ministro,1
#2017-08-06#,T,american,1
#2017-08-06#,T,nratv,1
#2017-08-06#,T,act,1
#2017-08-06#,T,#prosecuted,1
#2017-08-06#,H,opinion,1
#2017-08-06#,H,deported,1
#2017-08-06#,T,kurtz,1
#2017-08-06#,T,garbage,1
#2017-08-06#,T,[journalists],1
#2017-08-06#,T,#obamaday,1
#2017-08-06#,T,#flashbackfriday,1
#2017-08-06#,H,powerful,1
#2017-08-06#,H,primary,1
#2017-08-06#,T,accomplishments,1
#2017-08-06#,T,#draintheswamp,1
#2017-08-06#,T,fake,1
#2017-08-06#,T,liberal,1
#2017-08-06#,T,message,1
#2017-08-06#,T,millions,1
#2017-08-06#,T,ravennightmyst,1
#2017-08-06#,H,confidence,1
#2017-08-06#,T,howard,1
#2017-08-06#,B,leaks,8
#2017-08-06#,T,msm,1
#2017-08-06#,H,white,6
#2017-08-06#,H,john,1
#2017-08-06#,T,washingtonpost,1
#2017-08-06#,H,north,1
#2017-08-06#,T,d'oh,1
#2017-08-06#,B,sessions,2
#2017-08-06#,T,foxnews,1
#2017-08-06#,T,minister,1
#2017-08-06#,H,applauds,1
#2017-08-06#,T,realdonaldtrump,2
#2017-08-06#,T,obama,1
#2017-08-06#,T,associated,1
#2017-08-06#,T,they're,1
#2017-08-06#,T,favors,1
#2017-08-06#,H,mount,1
#2017-08-06#,T,polls,1
#2017-08-06#,T,un,1
#2017-08-06#,H,thin,6
#2017-08-06#,H,anti-trump,5
#2017-08-06#,T,potus,1
#2017-08-06#,T,#trumprussia,1
#2017-08-06#,H,dropped,1
#2017-08-06#,T,false,1
#2017-08-06#,B,trump,6
#2017-08-06#,T,talking,1
#2017-08-06#,T,vs,1
#2017-08-06#,T,dems,1
#2017-08-06#,T,story,1
#2017-08-06#,H,hydrogen,1
#2017-08-06#,T,polling,1
#2017-08-06#,T,americanvoterus,1
#2017-08-06#,H,develop,1
#2017-08-06#,T,dying,1
#2017-08-06#,T,media,2
#2017-08-06#,H,veteran,5
#2017-08-06#,H,korean,1
#2017-08-06#,T,events,1
#2017-08-06#,T,nytimes,2
#2017-08-06#,H,leakers,1
#2017-08-06#,H,waters,1
#2017-08-06#,T,reporting,1
#2017-08-06#,T,acosta,1
#2017-08-06#,T,#firehannity,1
#2017-08-06#,H,kelly,1
#2017-08-06#,T,georgiadirtroad,1
#2017-08-06#,T,coming,1
#2017-08-06#,B,president,2
#2017-08-06#,T,america,1
#2017-08-06#,H,alabama,1
#2017-08-06#,H,grown-up,1
#2017-08-06#,T,swamp,1
#2017-08-06#,H,nasa,6
#2017-08-06#,T,narrative,1
#2017-08-06#,T,push,1
#2017-08-06#,T,#maga,1
#2017-08-06#,T,se,1
#2017-08-06#,T,left,1
#2017-08-07#,T,represent,1
#2017-08-07#,T,#potus,1
#2017-08-07#,H,bomb,1
#2017-08-07#,H,scam,1
#2017-08-07#,T,allegations,1
#2017-08-07#,H,dynasty,1
#2017-08-07#,H,atomic,1
#2017-08-07#,H,skin,1
#2017-08-07#,H,talks,1
#2017-08-07#,H,rabbits,1
#2017-08-07#,T,#trump,1
#2017-08-07#,H,police,1
#2017-08-07#,T,posting,1
#2017-08-07#,T,la,1
#2017-08-07#,T,#istandwithericbolling,1
#2017-08-07#,T,falsely,1
#2017-08-07#,T,jak,1
#2017-08-07#,T,msnbc,1
#2017-08-07#,T,reinstate,1
#2017-08-07#,T,#breaking,1
#2017-08-07#,T,fakenews,1
#2017-08-07#,H,prosecute,1
#2017-08-07#,H,woman,1
#2017-08-07#,H,mainstream,1
#2017-08-07#,T,lvnancy,1
#2017-08-07#,T,de,1
#2017-08-07#,B,stop,2
#2017-08-07#,T,hire,1
#2017-08-07#,T,huffpost,1
#2017-08-07#,H,worst,1
#2017-08-07#,T,nanjala,1
#2017-08-07#,H,tillis,1
#2017-08-07#,H,telling,1
#2017-08-07#,T,#ericboling's,1
#2017-08-07#,H,killed,1
#2017-08-07#,T,#istandwitheric,1
#2017-08-07#,H,reveal,1
#2017-08-07#,T,united-#fakenews,1
#2017-08-07#,T,lvourpotus,1
#2017-08-07#,T,debunked,1
#2017-08-07#,H,fixer,2
#2017-08-07#,H,retaliation,1
#2017-08-07#,T,politicalshort,1
#2017-08-07#,H,ohio,2
#2017-08-07#,T,security,1
#2017-08-07#,H,joanna,2
#2017-08-07#,H,upper,1
#2017-08-07#,T,attorney,1
#2017-08-07#,T,en,1
#2017-08-07#,H,instagram,1
#2017-08-07#,H,fair,2
#2017-08-07#,H,sends,1
#2017-08-07#,H,house,2
#2017-08-07#,T,national,1
#2017-08-07#,T,foxnews,2
#2017-08-07#,T,colectivos,1
#2017-08-07#,T,accused,1
#2017-08-07#,T,fail,1
#2017-08-07#,H,gutfeld,1
#2017-08-07#,H,message,1
#2017-08-07#,H,special,1
#2017-08-07#,H,nuclear,1
#2017-08-07#,T,maduro,1
#2017-08-07#,H,weapons,1
#2017-08-07#,H,mcmaster,1
#2017-08-07#,T,cnn,2
#2017-08-07#,T,falling,1
#2017-08-07#,T,venezuela,1
#2017-08-07#,H,korea,3
#2017-08-07#,H,jury,3
#2017-08-07#,H,uk,1
#2017-08-07#,H,missing,1
#2017-08-07#,T,targeted,1
#2017-08-07#,H,timeline,1
#2017-08-07#,T,standardkenya,1
#2017-08-07#,T,acosta,1
#2017-08-07#,T,completely,1
#2017-08-07#,H,china,1
#2017-08-07#,T,news,1
#2017-08-07#,H,strong,1
#2017-08-07#,H,marine,1
#2017-08-07#,H,care,1
#2017-08-07#,H,protect,1
#2017-08-07#,H,accident,2
#2017-08-07#,T,ericbolling,1
#2017-08-07#,T,country,1
#2017-08-07#,T,osoby,1
#2017-08-07#,B,russia,2
#2017-08-07#,H,thom,1
#2017-08-07#,T,american,1
#2017-08-07#,H,threat,1
#2017-08-07#,H,gaines,1
#2017-08-07#,T,que,1
#2017-08-07#,T,mean,1
#2017-08-07#,H,star,1
#2017-08-07#,H,appeals,1
#2017-08-07#,T,clinton,1
#2017-08-07#,T,el,1
#2017-08-07#,T,pinkbelgium,1
#2017-08-07#,T,skandaliczny,1
#2017-08-07#,T,cuando,1
#2017-08-07#,T,medios,1
#2017-08-07#,T,anti,1
#2017-08-07#,T,fake,2
#2017-08-07#,H,impossible,1
#2017-08-07#,T,kayajones,1
#2017-08-07#,T,total,1
#2017-08-07#,T,risk,1
#2017-08-07#,T,accuser,1
#2017-08-07#,T,story,2
#2017-08-07#,H,law,1
#2017-08-07#,T,silent,1
#2017-08-07#,H,capable,1
#2017-08-07#,H,whales,1
#2017-08-07#,H,caught,1
#2017-08-07#,T,vacation,1
#2017-08-07#,T,los,1
#2017-08-07#,H,stars,1
#2017-08-07#,H,strike,1
#2017-08-07#,H,white,2
#2017-08-07#,T,wait,1
#2017-08-07#,T,realdonaldtrump,3
#2017-08-07#,T,alyssa_milano,1
#2017-08-07#,T,sokzburakapl,1
#2017-08-07#,T,washingtonpost,1
#2017-08-07#,H,north,5
#2017-08-07#,T,supporters,1
#2017-08-07#,H,overstate,1
#2017-08-07#,T,#hannity,1
#2017-08-07#,T,priced,1
#2017-08-07#,H,line,1
#2017-08-07#,T,believe,1
#2017-08-07#,H,effort,1
#2017-08-07#,T,sound,1
#2017-08-07#,T,they're,1
#2017-08-07#,T,patriot,1
#2017-08-07#,H,locked,1
#2017-08-07#,H,ride,1
#2017-08-07#,H,korea's,1
#2017-08-07#,H,recruit,1
#2017-08-07#,T,h/t,1
#2017-08-07#,T,un,1
#2017-08-07#,T,del,1
#2017-08-07#,H,venture,1
#2017-08-07#,H,amid,1
#2017-08-07#,H,wild,1
#2017-08-07#,T,potus,1
#2017-08-07#,T,called,1
#2017-08-07#,T,#draintheswamp,1
#2017-08-07#,T,buries,1
#2017-08-07#,T,#maga,2
#2017-08-07#,B,trump,8
#2017-08-07#,T,ten_gop,1
#2017-08-07#,H,chip,1
#2017-08-07#,T,didn't,1
#2017-08-07#,T,covers,1
#2017-08-07#,B,vp,2
#2017-08-07#,H,dropped,1
#2017-08-07#,H,ready,1
#2017-08-07#,H,inspector,1
#2017-08-07#,T,worry,1
#2017-08-07#,T,regime,1
#2017-08-07#,B,pence,4
#2017-08-07#,H,rumors,1
#2017-08-07#,T,depending,1
#2017-08-07#,H,media,3
#2017-08-07#,T,responsible,1
#2017-08-07#,H,offensive,1
#2017-08-07#,T,mycalynn,1
#2017-08-07#,T,amazing,1
#2017-08-07#,T,#lies,1
#2017-08-07#,T,sie,1
#2017-08-07#,H,grand,2
#2017-08-07#,T,interview,1
#2017-08-07#,H,chase,1
#2017-08-07#,T,retweeting,1
#2017-08-07#,H,breaks,1
#2017-08-07#,H,disgraceful,1
#2017-08-07#,H,fairly,1
#2017-08-07#,T,nytimes,1
#2017-08-07#,H,divorcing,1
#2017-08-07#,H,measures,1
#2017-08-07#,H,leaks,2
#2017-08-07#,H,kim,2
#2017-08-07#,T,coming,2
#2017-08-07#,H,president,1
#2017-08-07#,T,america,1
#2017-08-07#,T,revealed,1
#2017-08-07#,T,dtrumpexposed,1
#2017-08-07#,H,chasing,1
#2017-08-07#,H,wins,1
#2017-08-07#,H,bid,1
#2017-08-07#,T,na,1
#2017-08-07#,H,claims,1
#2017-08-07#,H,rosenstein,1
#2017-08-07#,T,playstrumpcard,1
#2017-08-07#,T,#dnc,1
#2017-08-07#,T,lying,1
#2017-08-07#,T,jeszcze,1
#2017-08-08#,H,freak,1
#2017-08-08#,T,saying,1
#2017-08-08#,H,sanctuary,5
#2017-08-08#,H,overstate,1
#2017-08-08#,H,brain,1
#2017-08-08#,H,schumer's,1
#2017-08-08#,T,via,1
#2017-08-08#,T,won't,1
#2017-08-08#,T,looks,1
#2017-08-08#,H,battle,1
#2017-08-08#,H,mayor,1
#2017-08-08#,T,#trump,1
#2017-08-08#,H,cancer,1
#2017-08-08#,T,cup,1
#2017-08-08#,T,tweet,1
#2017-08-08#,T,th,1
#2017-08-08#,H,announce,1
#2017-08-08#,T,sok,1
#2017-08-08#,T,fakenews,1
#2017-08-08#,T,fool,1
#2017-08-08#,H,mcmaster,1
#2017-08-08#,T,government,1
#2017-08-08#,B,de,2
#2017-08-08#,H,watch,1
#2017-08-08#,T,pikminister,1
#2017-08-08#,B,report,2
#2017-08-08#,H,d'angostino,1
#2017-08-08#,H,weapon,1
#2017-08-08#,H,catches,1
#2017-08-08#,H,catcher,1
#2017-08-08#,T,covering,1
#2017-08-08#,T,lodowej,1
#2017-08-08#,T,morning,1
#2017-08-08#,T,truth,1
#2017-08-08#,T,enjoy,1
#2017-08-08#,H,luann,1
#2017-08-08#,T,stacylstiles,1
#2017-08-08#,T,#realnews,1
#2017-08-08#,T,w/,1
#2017-08-08#,T,house,1
#2017-08-08#,T,tdameritrade,1
#2017-08-08#,H,dead,1
#2017-08-08#,T,realdonaldtrump,5
#2017-08-08#,T,challenges,1
#2017-08-08#,T,washtimes,1
#2017-08-08#,T,election,1
#2017-08-08#,H,impossible,1
#2017-08-08#,T,#istandwithtrump,1
#2017-08-08#,H,star,1
#2017-08-08#,T,news,2
#2017-08-08#,T,believes,1
#2017-08-08#,H,croc,1
#2017-08-08#,T,wonder,1
#2017-08-08#,T,rt,4
#2017-08-08#,T,network,1
#2017-08-08#,T,dziennym,1
#2017-08-08#,H,chicago,1
#2017-08-08#,H,nuclear,1
#2017-08-08#,T,everyhumanknows,1
#2017-08-08#,T,fox,1
#2017-08-08#,T,#alexjonesshow,1
#2017-08-08#,H,goes,1
#2017-08-08#,B,cnn,3
#2017-08-08#,H,anna,1
#2017-08-08#,T,told,1
#2017-08-08#,H,shut,1
#2017-08-08#,H,korea,7
#2017-08-08#,H,monster,1
#2017-08-08#,T,pathetic,1
#2017-08-08#,H,vows,1
#2017-08-08#,H,revenge,1
#2017-08-08#,H,pratt,1
#2017-08-08#,T,base,1
#2017-08-08#,T,que,1
#2017-08-08#,H,separation,1
#2017-08-08#,H,thousands-fold,1
#2017-08-08#,H,cities,5
#2017-08-08#,T,launch,1
#2017-08-08#,T,dloesch,1
#2017-08-08#,H,tries,1
#2017-08-08#,T,agree,1
#2017-08-08#,B,pence,2
#2017-08-08#,H,leadership,1
#2017-08-08#,T,trumps,1
#2017-08-08#,H,threat,1
#2017-08-08#,T,funder,1
#2017-08-08#,T,itsedwardoz,1
#2017-08-08#,T,lied,1
#2017-08-08#,T,simple,1
#2017-08-08#,T,spreading,1
#2017-08-08#,T,na,1
#2017-08-08#,H,running,1
#2017-08-08#,T,lies,1
#2017-08-08#,T,accomplishments,1
#2017-08-08#,T,#msm,1
#2017-08-08#,H,faris,1
#2017-08-08#,T,delicious,1
#2017-08-08#,T,fake,1
#2017-08-08#,T,scandal,1
#2017-08-08#,T,hannity,1
#2017-08-08#,T,story,1
#2017-08-08#,T,peplamb,1
#2017-08-08#,T,buraka,1
#2017-08-08#,H,lesseps,1
#2017-08-08#,H,divorce,1
#2017-08-08#,H,question,1
#2017-08-08#,H,vacation,1
#2017-08-08#,H,darren,1
#2017-08-08#,T,live,1
#2017-08-08#,T,call,1
#2017-08-08#,T,storm,1
#2017-08-08#,H,tom,1
#2017-08-08#,H,strike,1
#2017-08-08#,H,australian,1
#2017-08-08#,T,bill,1
#2017-08-08#,T,po,1
#2017-08-08#,H,north,8
#2017-08-08#,T,fire,1
#2017-08-08#,T,#bigly,1
#2017-08-08#,H,phillies,1
#2017-08-08#,T,hear,1
#2017-08-08#,H,housewives,1
#2017-08-08#,H,former,1
#2017-08-08#,T,ericbolling,1
#2017-08-08#,H,sanctions,6
#2017-08-08#,T,created,1
#2017-08-08#,H,nations,1
#2017-08-08#,H,marriage,1
#2017-08-08#,H,dem,1
#2017-08-08#,T,rigged,1
#2017-08-08#,T,potus,2
#2017-08-08#,T,called,1
#2017-08-08#,T,launched,1
#2017-08-08#,H,real,1
#2017-08-08#,T,#maga,1
#2017-08-08#,B,trump,11
#2017-08-08#,T,didn't,1
#2017-08-08#,T,sad,1
#2017-08-08#,T,vp,1
#2017-08-08#,H,file,1
#2017-08-08#,T,host,1
#2017-08-08#,T,#fakenews,1
#2017-08-08#,T,lie,1
#2017-08-08#,H,nj,1
#2017-08-08#,H,united,1
#2017-08-08#,T,realalexjones,1
#2017-08-08#,T,media,2
#2017-08-08#,H,offensive,1
#2017-08-08#,T,trumptv,1
#2017-08-08#,T,nyt,1
#2017-08-08#,H,slams,4
#2017-08-08#,T,makowski_m,1
#2017-08-08#,H,korean,5
#2017-08-08#,T,week,1
#2017-08-08#,T,alozrast,1
#2017-08-08#,T,nytimes,1
#2017-08-08#,T,ratings,1
#2017-08-08#,H,dies,1
#2017-08-08#,T,tylko,1
#2017-08-08#,T,acosta,1
#2017-08-08#,H,outback,1
#2017-08-08#,H,eight,1
#2017-08-08#,T,georgiadirtroad,1
#2017-08-08#,H,chris,1
#2017-08-08#,H,president,7
#2017-08-08#,H,pelosi,1
#2017-08-08#,H,response,1
#2017-08-08#,T,dtrumpexposed,1
#2017-08-08#,T,#firehannity-that,1
#2017-08-08#,H,daulton,1
#2017-08-08#,T,cover,1
#2017-08-08#,T,contact,1
#2017-08-08#,T,sources,1
#2017-08-08#,T,time,1
#2017-08-08#,T,leaked,1
#2017-08-08#,T,lying,1
#2017-08-09#,H,neighbors,2
#2017-08-09#,H,exclusive,4
#2017-08-09#,H,capitol,1
#2017-08-09#,T,saying,1
#2017-08-09#,T,#lockdonjrup,1
#2017-08-09#,H,probe,1
#2017-08-09#,H,bring,1
#2017-08-09#,H,attempts,1
#2017-08-09#,H,flashback,1
#2017-08-09#,T,newsweek,1
#2017-08-09#,T,#trump,1
#2017-08-09#,H,letting,1
#2017-08-09#,T,death,1
#2017-08-09#,H,police,1
#2017-08-09#,H,post-newtown,1
#2017-08-09#,T,front,1
#2017-08-09#,H,border,1
#2017-08-09#,T,spread,1
#2017-08-09#,T,th,1
#2017-08-09#,T,local,1
#2017-08-09#,T,fakenews,1
#2017-08-09#,T,real,1
#2017-08-09#,H,threatens,1
#2017-08-09#,H,seized,1
#2017-08-09#,H,bid,1
#2017-08-09#,T,https://t.co/ufyoylo0x,1
#2017-08-09#,T,wolfenspride,1
#2017-08-09#,H,judge,1
#2017-08-09#,T,#spinapart,1
#2017-08-09#,T,impeach_d_trump,1
#2017-08-09#,H,proposes,1
#2017-08-09#,H,pounds,1
#2017-08-09#,H,gun,1
#2017-08-09#,H,uproar,1
#2017-08-09#,H,court's,1
#2017-08-09#,T,#cnn,1
#2017-08-09#,T,page,1
#2017-08-09#,T,https://t.co/ukmqgfdy5f,1
#2017-08-09#,T,stations,1
#2017-08-09#,H,spotted,1
#2017-08-09#,T,polls,1
#2017-08-09#,T,stacylstiles,1
#2017-08-09#,T,#realnews,1
#2017-08-09#,T,doing,1
#2017-08-09#,T,house,1
#2017-08-09#,T,tdameritrade,1
#2017-08-09#,H,haley,6
#2017-08-09#,T,realdonaldtrump,2
#2017-08-09#,T,challenges,1
#2017-08-09#,H,street,2
#2017-08-09#,T,washtimes,1
#2017-08-09#,T,sean,1
#2017-08-09#,H,sen,1
#2017-08-09#,T,news,1
#2017-08-09#,H,strangle,1
#2017-08-09#,T,rt,2
#2017-08-09#,T,network,1
#2017-08-09#,T,maddow,1
#2017-08-09#,T,#firehannity-that,1
#2017-08-09#,T,fox,1
#2017-08-09#,T,#alexjonesshow,1
#2017-08-09#,H,mueller,6
#2017-08-09#,T,rinos,1
#2017-08-09#,H,hill,1
#2017-08-09#,T,scientists,1
#2017-08-09#,T,cnn,3
#2017-08-09#,T,told,1
#2017-08-09#,H,notice,1
#2017-08-09#,H,korea,7
#2017-08-09#,H,power,4
#2017-08-09#,H,vows,1
#2017-08-09#,T,libs,1
#2017-08-09#,T,deejay,1
#2017-08-09#,H,revenge,1
#2017-08-09#,T,york,1
#2017-08-09#,T,o'keefe,1
#2017-08-09#,H,texas-mexico,1
#2017-08-09#,T,climate,1
#2017-08-09#,T,#impeachtrump,1
#2017-08-09#,H,ahead,1
#2017-08-09#,T,launch,1
#2017-08-09#,T,taking,1
#2017-08-09#,T,months,1
#2017-08-09#,H,round,1
#2017-08-09#,T,trumps,1
#2017-08-09#,H,threat,1
#2017-08-09#,H,pick,1
#2017-08-09#,H,military,4
#2017-08-09#,T,funder,2
#2017-08-09#,T,sinclair,1
#2017-08-09#,H,russia,3
#2017-08-09#,T,lies,1
#2017-08-09#,T,#msm,1
#2017-08-09#,T,fake,1
#2017-08-09#,T,rats,1
#2017-08-09#,T,trust,1
#2017-08-09#,H,boat,1
#2017-08-09#,B,trump,8
#2017-08-09#,T,hannity,1
#2017-08-09#,T,agree,1
#2017-08-09#,T,foxnewspolitics,1
#2017-08-09#,T,msm,1
#2017-08-09#,T,returns,1
#2017-08-09#,T,live,1
#2017-08-09#,T,call,1
#2017-08-09#,T,storm,1
#2017-08-09#,T,white,1
#2017-08-09#,T,war,1
#2017-08-09#,T,donnawr,1
#2017-08-09#,H,north,7
#2017-08-09#,H,packs,1
#2017-08-09#,B,fire,2
#2017-08-09#,H,reduce,1
#2017-08-09#,H,what's,1
#2017-08-09#,H,scrutiny,1
#2017-08-09#,H,grades,1
#2017-08-09#,H,pig,1
#2017-08-09#,T,obama,1
#2017-08-09#,T,television,1
#2017-08-09#,T,https://t.co/ymg4xla5ep,1
#2017-08-09#,H,sanctions,4
#2017-08-09#,T,straight,1
#2017-08-09#,T,ericbolling,1
#2017-08-09#,T,harder,1
#2017-08-09#,H,nations,1
#2017-08-09#,T,record,1
#2017-08-09#,T,seanhannity,1
#2017-08-09#,T,stories,1
#2017-08-09#,T,elites,1
#2017-08-09#,T,report,1
#2017-08-09#,H,meet,1
#2017-08-09#,T,potus,1
#2017-08-09#,T,propaganda,1
#2017-08-09#,H,control,1
#2017-08-09#,T,claim,1
#2017-08-09#,H,supreme,1
#2017-08-09#,T,#maga,1
#2017-08-09#,H,san,2
#2017-08-09#,T,rosie,1
#2017-08-09#,T,alanilagan,1
#2017-08-09#,T,didn't,1
#2017-08-09#,H,marijuana,3
#2017-08-09#,T,evidence,1
#2017-08-09#,H,graham,1
#2017-08-09#,T,conspiracy,1
#2017-08-09#,T,teased,1
#2017-08-09#,H,sells,1
#2017-08-09#,T,times,2
#2017-08-09#,T,#fakenews,2
#2017-08-09#,T,davidkwilliams,1
#2017-08-09#,T,incorrect,1
#2017-08-09#,H,missiles,3
#2017-08-09#,T,realalexjones,1
#2017-08-09#,T,teapainusa,1
#2017-08-09#,T,ny,1
#2017-08-09#,T,im_theantitrump,1
#2017-08-09#,H,korean,1
#2017-08-09#,T,establishment,1
#2017-08-09#,T,picture,1
#2017-08-09#,T,alozrast,1
#2017-08-09#,H,francisco,2
#2017-08-09#,T,nytimes,1
#2017-08-09#,T,get'em,1
#2017-08-09#,H,students,1
#2017-08-09#,T,time,1
#2017-08-09#,H,blocks,1
#2017-08-09#,T,#firehannity,1
#2017-08-09#,H,united,1
#2017-08-09#,H,response,1
#2017-08-09#,H,stress,1
#2017-08-09#,H,professor,1
#2017-08-09#,T,hillary,1
#2017-08-09#,T,#trumpsarmy,1
#2017-08-09#,T,contact,1
#2017-08-09#,T,media,1
#2017-08-09#,T,push,1
#2017-08-09#,H,wolves,1
#2017-08-09#,H,laws,1
#2017-08-09#,H,painting,1
#2017-08-09#,T,lying,1
#2017-08-09#,T,pro-trump,1
#2017-08-10#,T,fox,1
#2017-08-10#,T,telling,1
#2017-08-10#,T,won't,1
#2017-08-10#,T,questions,1
#2017-08-10#,T,headlines,1
#2017-08-10#,H,bail,1
#2017-08-10#,T,#trump,1
#2017-08-10#,T,le,1
#2017-08-10#,T,#theresistance,1
#2017-08-10#,H,mcconnell,5
#2017-08-10#,T,#wednesdaywisdom,1
#2017-08-10#,T,spread,1
#2017-08-10#,T,#stampa,1
#2017-08-10#,H,halftime,1
#2017-08-10#,T,unprecedented,1
#2017-08-10#,T,fakenews,1
#2017-08-10#,T,happened,1
#2017-08-10#,H,woman,1
#2017-08-10#,T,yankifarber,1
#2017-08-10#,T,di,1
#2017-08-10#,T,read,1
#2017-08-10#,T,stop,1
#2017-08-10#,T,#northkorea,1
#2017-08-10#,T,front,1
#2017-08-10#,H,nasty,1
#2017-08-10#,H,miniaturized,1
#2017-08-10#,H,remove,1
#2017-08-10#,H,jong-un,1
#2017-08-10#,T,stupid,1
#2017-08-10#,T,cernovich,1
#2017-08-10#,T,journalist,1
#2017-08-10#,T,truth,2
#2017-08-10#,H,moral,1
#2017-08-10#,T,page,1
#2017-08-10#,H,husband,1
#2017-08-10#,T,mean,1
#2017-08-10#,H,upper,2
#2017-08-10#,H,korea's,6
#2017-08-10#,T,exposed,1
#2017-08-10#,H,senate,1
#2017-08-10#,H,house,1
#2017-08-10#,T,foxnews,1
#2017-08-10#,H,authority,1
#2017-08-10#,H,sex,1
#2017-08-10#,T,#nra,1
#2017-08-10#,T,donald,1
#2017-08-10#,T,growth,1
#2017-08-10#,T,raid,1
#2017-08-10#,T,rt,1
#2017-08-10#,H,nuclear,1
#2017-08-10#,H,rev,1
#2017-08-10#,T,current,1
#2017-08-10#,H,lights,1
#2017-08-10#,T,foa,1
#2017-08-10#,T,internet,1
#2017-08-10#,T,cnn,2
#2017-08-10#,H,gop,1
#2017-08-10#,T,told,1
#2017-08-10#,B,korea,9
#2017-08-10#,T,story,1
#2017-08-10#,T,answers,1
#2017-08-10#,T,blame,1
#2017-08-10#,T,broken,1
#2017-08-10#,T,job,1
#2017-08-10#,T,york,1
#2017-08-10#,T,#trumpsarmy,1
#2017-08-10#,T,news,1
#2017-08-10#,H,teacher,4
#2017-08-10#,H,boy,1
#2017-08-10#,H,bible,1
#2017-08-10#,T,#impeachtrump,1
#2017-08-10#,H,canadian,1
#2017-08-10#,T,taking,1
#2017-08-10#,T,la,1
#2017-08-10#,T,reports,1
#2017-08-10#,T,times,1
#2017-08-10#,T,#danaloesch,1
#2017-08-10#,T,american,2
#2017-08-10#,T,#trumprussia,1
#2017-08-10#,H,gaines,2
#2017-08-10#,T,vogliamo,1
#2017-08-10#,H,star,2
#2017-08-10#,H,seeing,1
#2017-08-10#,T,clinton,1
#2017-08-10#,H,family,1
#2017-08-10#,H,guam,5
#2017-08-10#,H,arsenal,1
#2017-08-10#,T,kwilli,1
#2017-08-10#,T,en,1
#2017-08-10#,T,americans,1
#2017-08-10#,T,send,1
#2017-08-10#,T,fake,2
#2017-08-10#,T,false,1
#2017-08-10#,H,message,1
#2017-08-10#,T,trust,2
#2017-08-10#,T,armed,1
#2017-08-10#,T,guess,1
#2017-08-10#,H,divorce,2
#2017-08-10#,T,support,1
#2017-08-10#,T,vacation,1
#2017-08-10#,T,#resist,1
#2017-08-10#,H,we're,1
#2017-08-10#,B,white,2
#2017-08-10#,T,bill,1
#2017-08-10#,T,war,1
#2017-08-10#,T,recovered,1
#2017-08-10#,T,donnawr,1
#2017-08-10#,B,north,9
#2017-08-10#,H,releases,1
#2017-08-10#,H,fire,1
#2017-08-10#,T,trumpsblonde,1
#2017-08-10#,H,pastor,1
#2017-08-10#,T,hillary,1
#2017-08-10#,H,jeffress,1
#2017-08-10#,T,trolls,1
#2017-08-10#,T,realdonaldtrump,2
#2017-08-10#,B,obama,2
#2017-08-10#,T,dirlo,1
#2017-08-10#,T,polls,1
#2017-08-10#,H,rumors,2
#2017-08-10#,T,tell,1
#2017-08-10#,H,warning,5
#2017-08-10#,T,avevano,1
#2017-08-10#,B,report,2
#2017-08-10#,T,situation,1
#2017-08-10#,T,#draintheswamp,1
#2017-08-10#,T,liberal,1
#2017-08-10#,B,trump,7
#2017-08-10#,T,eissolomon,1
#2017-08-10#,H,chip,2
#2017-08-10#,H,official,1
#2017-08-10#,T,didn't,1
#2017-08-10#,H,slam,1
#2017-08-10#,T,il,1
#2017-08-10#,T,et,1
#2017-08-10#,T,gingrich_of_pa,1
#2017-08-10#,H,lie,1
#2017-08-10#,T,realalexjones,1
#2017-08-10#,T,media,2
#2017-08-10#,H,shuts,2
#2017-08-10#,H,administration,6
#2017-08-10#,T,kelliwardaz,1
#2017-08-10#,T,nyt,1
#2017-08-10#,H,fixer,2
#2017-08-10#,H,majority,1
#2017-08-10#,T,torto,1
#2017-08-10#,H,sick,1
#2017-08-10#,H,test,1
#2017-08-10#,H,gorka,1
#2017-08-10#,T,economy,1
#2017-08-10#,H,trump's,5
#2017-08-10#,T,nytimes,1
#2017-08-10#,T,agenda,1
#2017-08-10#,T,kill,1
#2017-08-10#,H,kim,3
#2017-08-10#,T,coming,1
#2017-08-10#,T,president,1
#2017-08-10#,H,hyperpower,1
#2017-08-10#,T,ago,1
#2017-08-10#,T,picture,1
#2017-08-10#,T,bugs,1
#2017-08-10#,H,feud,1
#2017-08-10#,H,jail,1
#2017-08-10#,T,#thelyingpress,1
#2017-08-10#,H,alarming,1
#2017-08-10#,T,claims,1
#2017-08-10#,T,#maga,1
#2017-08-10#,H,talk,1
#2017-08-10#,T,left,1
#2017-08-11#,H,holds,1
#2017-08-11#,H,golf,1
#2017-08-11#,T,neckdeepuk,1
#2017-08-11#,T,rhinos,1
#2017-08-11#,H,psyche,1
#2017-08-11#,T,sources,1
#2017-08-11#,T,won't,1
#2017-08-11#,T,democrats,1
#2017-08-11#,T,questions,1
#2017-08-11#,T,world,1
#2017-08-11#,H,talks,1
#2017-08-11#,H,hell,1
#2017-08-11#,T,headlines,1
#2017-08-11#,T,#trump,1
#2017-08-11#,T,voter,1
#2017-08-11#,H,praises,1
#2017-08-11#,H,paris,1
#2017-08-11#,T,johncardillo,1
#2017-08-11#,T,#farm,1
#2017-08-11#,T,storms,1
#2017-08-11#,H,expectations,1
#2017-08-11#,H,mcconnell,1
#2017-08-11#,H,former,1
#2017-08-11#,T,#wednesdaywisdom,1
#2017-08-11#,T,msnbc,1
#2017-08-11#,T,fakenews,1
#2017-08-11#,T,happened,1
#2017-08-11#,T,jake,1
#2017-08-11#,H,lunatic,1
#2017-08-11#,T,manafort,1
#2017-08-11#,H,means,1
#2017-08-11#,H,dan,1
#2017-08-11#,T,de,1
#2017-08-11#,H,rhetoric,4
#2017-08-11#,T,#northkorea,1
#2017-08-11#,T,subscribers,1
#2017-08-11#,H,gorka,5
#2017-08-11#,T,report,1
#2017-08-11#,H,impaired,1
#2017-08-11#,H,korean,1
#2017-08-11#,T,https://t.co/ep4rd0uffc,1
#2017-08-11#,H,catches,1
#2017-08-11#,T,die,2
#2017-08-11#,H,plane,1
#2017-08-11#,H,gop,1
#2017-08-11#,T,yashar,1
#2017-08-11#,T,journalist,1
#2017-08-11#,T,truth,2
#2017-08-11#,H,doubles,1
#2017-08-11#,H,aftermath,1
#2017-08-11#,H,trying,1
#2017-08-11#,T,en,1
#2017-08-11#,T,exposed,1
#2017-08-11#,H,house,1
#2017-08-11#,T,fake,1
#2017-08-11#,T,foxnews,1
#2017-08-11#,T,realdonaldtrump,3
#2017-08-11#,T,#nra,1
#2017-08-11#,H,japan,1
#2017-08-11#,H,home,1
#2017-08-11#,T,loses,1
#2017-08-11#,T,paul,1
#2017-08-11#,T,rt,6
#2017-08-11#,H,cooper,4
#2017-08-11#,H,expert,1
#2017-08-11#,T,wow,1
#2017-08-11#,T,fox,1
#2017-08-11#,H,asia,1
#2017-08-11#,H,research,1
#2017-08-11#,H,seriously,1
#2017-08-11#,T,cnn,2
#2017-08-11#,H,public,1
#2017-08-11#,T,told,1
#2017-08-11#,H,stern,1
#2017-08-11#,B,korea,8
#2017-08-11#,T,polling,1
#2017-08-11#,T,answers,1
#2017-08-11#,T,reported,1
#2017-08-11#,T,job,1
#2017-08-11#,T,le,1
#2017-08-11#,T,york,1
#2017-08-11#,T,news,3
#2017-08-11#,T,post,1
#2017-08-11#,H,teacher,5
#2017-08-11#,H,oust,1
#2017-08-11#,H,remark,1
#2017-08-11#,H,d.b,4
#2017-08-11#,H,blasts,1
#2017-08-11#,T,#danaloesch,1
#2017-08-11#,T,american,2
#2017-08-11#,T,base,1
#2017-08-11#,T,und,1
#2017-08-11#,H,stuart,1
#2017-08-11#,H,opinion,1
#2017-08-11#,H,jersey,1
#2017-08-11#,H,flies,1
#2017-08-11#,H,campaign,1
#2017-08-11#,H,guam,2
#2017-08-11#,H,bound,1
#2017-08-11#,T,kwilli,1
#2017-08-11#,T,lies,1
#2017-08-11#,T,americans,1
#2017-08-11#,H,varney,1
#2017-08-11#,T,#maga,2
#2017-08-11#,H,fbi,5
#2017-08-11#,T,trust,2
#2017-08-11#,H,nuke,1
#2017-08-11#,H,service,1
#2017-08-11#,H,support,1
#2017-08-11#,H,threatening,1
#2017-08-11#,H,attack,1
#2017-08-11#,H,raids,1
#2017-08-11#,T,#dabonthehaters,1
#2017-08-11#,H,meeting,1
#2017-08-11#,B,war,2
#2017-08-11#,T,donnawr,1
#2017-08-11#,H,north,7
#2017-08-11#,H,fire,1
#2017-08-11#,H,purse,1
#2017-08-11#,T,believe,1
#2017-08-11#,T,netanyahu,1
#2017-08-11#,H,russian,1
#2017-08-11#,T,trolls,1
#2017-08-11#,T,copy,1
#2017-08-11#,H,white,3
#2017-08-11#,T,obama,1
#2017-08-11#,H,shoot,1
#2017-08-11#,T,fraud,1
#2017-08-11#,T,bill,1
#2017-08-11#,T,tell,2
#2017-08-11#,H,un,1
#2017-08-11#,T,stories,1
#2017-08-11#,T,pre-order,1
#2017-08-11#,T,learn,1
#2017-08-11#,T,potus,1
#2017-08-11#,T,russia,1
#2017-08-11#,H,spy,1
#2017-08-11#,T,false,1
#2017-08-11#,B,trump,4
#2017-08-11#,T,eissolomon,1
#2017-08-11#,T,didn't,1
#2017-08-11#,H,warning,1
#2017-08-11#,T,exist,1
#2017-08-11#,H,dems,1
#2017-08-11#,H,sen,1
#2017-08-11#,H,rally,1
#2017-08-11#,T,times,1
#2017-08-11#,T,#fakenews,1
#2017-08-11#,T,eric,1
#2017-08-11#,H,worse,1
#2017-08-11#,T,americanvoterus,1
#2017-08-11#,T,realalexjones,1
#2017-08-11#,T,media,1
#2017-08-11#,T,weathers,1
#2017-08-11#,T,peace,1
#2017-08-11#,T,kelliwardaz,2
#2017-08-11#,H,unite,1
#2017-08-11#,H,club,1
#2017-08-11#,H,jong,1
#2017-08-11#,H,sick,1
#2017-08-11#,T,harlan,1
#2017-08-11#,T,liberal,1
#2017-08-11#,T,panic,1
#2017-08-11#,T,jrcheneyjohn,1
#2017-08-11#,H,trump's,2
#2017-08-11#,T,raid,1
#2017-08-11#,H,leakers,1
#2017-08-11#,H,chance,1
#2017-08-11#,H,missiles,1
#2017-08-11#,T,designed,1
#2017-08-11#,H,kim,1
#2017-08-11#,T,coming,1
#2017-08-11#,B,president,2
#2017-08-11#,T,sebgorka,1
#2017-08-11#,T,ago,1
#2017-08-11#,H,calls,1
#2017-08-11#,T,#trumpsarmy,1
#2017-08-11#,H,mass,1
#2017-08-11#,T,#thelyingpress,1
#2017-08-11#,T,progresspolls,1
#2017-08-12#,T,opinions,1
#2017-08-12#,H,bomb,1
#2017-08-12#,T,islamofascists,1
#2017-08-12#,T,neckdeepuk,1
#2017-08-12#,T,fakenews,2
#2017-08-12#,T,#fridayfeeling,1
#2017-08-12#,H,unrest,1
#2017-08-12#,H,london,1
#2017-08-12#,T,democrats,1
#2017-08-12#,H,lethal,2
#2017-08-12#,T,paul,1
#2017-08-12#,T,believe,1
#2017-08-12#,H,he's,1
#2017-08-12#,B,tweet,2
#2017-08-12#,T,swat,1
#2017-08-12#,H,program,1
#2017-08-12#,H,loophole,1
#2017-08-12#,H,pledges,1
#2017-08-12#,T,elites,1
#2017-08-12#,H,guarded,2
#2017-08-12#,T,watching,1
#2017-08-12#,H,utah,1
#2017-08-12#,T,we'll,1
#2017-08-12#,T,subscribers,1
#2017-08-12#,H,immediately,1
#2017-08-12#,H,killed,1
#2017-08-12#,T,https://t.co/ep4rd0uffc,1
#2017-08-12#,T,cool,1
#2017-08-12#,H,imminent,1
#2017-08-12#,H,school,1
#2017-08-12#,T,looney,1
#2017-08-12#,T,die,1
#2017-08-12#,T,trumpers,1
#2017-08-12#,T,loses,1
#2017-08-12#,T,polling,1
#2017-08-12#,T,won't,1
#2017-08-12#,T,told,1
#2017-08-12#,T,poltoons,1
#2017-08-12#,T,jojoh,1
#2017-08-12#,T,stacylstiles,1
#2017-08-12#,T,realjeffreylord,1
#2017-08-12#,H,doing,1
#2017-08-12#,H,posts,1
#2017-08-12#,H,zookeeper,1
#2017-08-12#,T,foxnews,1
#2017-08-12#,H,dead,1
#2017-08-12#,T,realdonaldtrump,1
#2017-08-12#,H,guam's,1
#2017-08-12#,T,seanhannity,1
#2017-08-12#,H,pass,1
#2017-08-12#,T,nbc,1
#2017-08-12#,H,unless,1
#2017-08-12#,H,enclosure,1
#2017-08-12#,T,danrather,1
#2017-08-12#,T,bradcrain,2
#2017-08-12#,H,booming,1
#2017-08-12#,T,afghanistan,1
#2017-08-12#,H,america's,1
#2017-08-12#,H,business,2
#2017-08-12#,H,nuclear,4
#2017-08-12#,T,commies,1
#2017-08-12#,B,weapons,2
#2017-08-12#,T,seriously,1
#2017-08-12#,H,staffer,1
#2017-08-12#,T,cnn,3
#2017-08-12#,H,tips,1
#2017-08-12#,H,venezuela,2
#2017-08-12#,T,rodstryker,1
#2017-08-12#,T,shujarabbani,1
#2017-08-12#,B,korea,6
#2017-08-12#,H,power,2
#2017-08-12#,T,hefty,1
#2017-08-12#,H,free,1
#2017-08-12#,T,les,1
#2017-08-12#,H,china,1
#2017-08-12#,T,wear,1
#2017-08-12#,T,news,2
#2017-08-12#,T,lawsuit,1
#2017-08-12#,H,teacher,1
#2017-08-12#,H,wasserman,1
#2017-08-12#,H,hits,1
#2017-08-12#,H,attacks,1
#2017-08-12#,T,davidmweissman,1
#2017-08-12#,H,firing,1
#2017-08-12#,T,leftists,1
#2017-08-12#,T,ms_erika,1
#2017-08-12#,H,military,1
#2017-08-12#,H,top,1
#2017-08-12#,T,#istandwithbibi,1
#2017-08-12#,H,kim,1
#2017-08-12#,T,jessebwatters,1
#2017-08-12#,H,guam,6
#2017-08-12#,H,arsenal,1
#2017-08-12#,T,mccain,1
#2017-08-12#,T,carrieksada,1
#2017-08-12#,H,aimed,1
#2017-08-12#,T,fake,1
#2017-08-12#,H,scandal,1
#2017-08-12#,T,message,1
#2017-08-12#,H,considering,1
#2017-08-12#,H,city,1
#2017-08-12#,H,nuke,1
#2017-08-12#,T,legacy,1
#2017-08-12#,T,support,1
#2017-08-12#,T,constantly,1
#2017-08-12#,T,political,1
#2017-08-12#,H,attack,2
#2017-08-12#,H,fight,1
#2017-08-12#,T,msm,1
#2017-08-12#,H,strike,1
#2017-08-12#,T,#dabonthehaters,1
#2017-08-12#,B,war,3
#2017-08-12#,B,media,3
#2017-08-12#,T,washingtonpost,1
#2017-08-12#,B,north,8
#2017-08-12#,H,complete,1
#2017-08-12#,H,slideshow,2
#2017-08-12#,H,chimpanzee,1
#2017-08-12#,H,missile,1
#2017-08-12#,H,tiger,1
#2017-08-12#,H,neutral,1
#2017-08-12#,T,badly,1
#2017-08-12#,T,copy,1
#2017-08-12#,T,women,1
#2017-08-12#,T,#cutthecable,1
#2017-08-12#,T,https://t.co/zvveo48obn,1
#2017-08-12#,T,wasn't,1
#2017-08-12#,H,avoiding,1
#2017-08-12#,H,korea's,1
#2017-08-12#,H,flip,1
#2017-08-12#,B,air,3
#2017-08-12#,H,defends,1
#2017-08-12#,T,slander,1
#2017-08-12#,H,defense,1
#2017-08-12#,T,del,1
#2017-08-12#,T,pre-order,1
#2017-08-12#,H,uk,1
#2017-08-12#,T,celebritards,1
#2017-08-12#,T,#medialiesmatter,1
#2017-08-12#,T,potus,1
#2017-08-12#,T,propaganda,1
#2017-08-12#,H,star's,2
#2017-08-12#,T,globalists,1
#2017-08-12#,B,trump,7
#2017-08-12#,H,voters,1
#2017-08-12#,T,didn't,1
#2017-08-12#,T,israel,1
#2017-08-12#,H,expletive-filled,1
#2017-08-12#,T,cbs,1
#2017-08-12#,T,jake,1
#2017-08-12#,T,la,1
#2017-08-12#,T,rino's,1
#2017-08-12#,T,#fakenews,1
#2017-08-12#,H,regime,1
#2017-08-12#,H,grown,1
#2017-08-12#,T,americanvoterus,1
#2017-08-12#,T,graham,1
#2017-08-12#,T,peace,1
#2017-08-12#,H,zoo,1
#2017-08-12#,T,headlines,1
#2017-08-12#,T,sick,1
#2017-08-12#,T,harlan,1
#2017-08-12#,T,liberal,1
#2017-08-12#,T,panic,1
#2017-08-12#,T,jrcheneyjohn,1
#2017-08-12#,H,conflict,1
#2017-08-12#,H,schultz,1
#2017-08-12#,T,rt,4
#2017-08-12#,H,star,1
#2017-08-12#,T,christiec,1
#2017-08-12#,H,shelter,1
#2017-08-12#,H,kansas,1
#2017-08-12#,H,stay,1
#2017-08-12#,B,abc,2
#2017-08-12#,T,netanyahu,1
#2017-08-12#,H,coverage,1
#2017-08-12#,T,coming,1
#2017-08-12#,T,president,1
#2017-08-12#,H,gap,1
#2017-08-12#,T,network,1
#2017-08-12#,T,journalists,1
#2017-08-12#,H,sets,1
#2017-08-12#,H,vulgar,1
#2017-08-12#,H,daredevil,1
#2017-08-12#,T,foxandfriends,1
#2017-08-12#,T,time,1
#2017-08-12#,T,fires,1
#2017-08-12#,H,honchos,1
#2017-08-12#,T,leahr,1
#2017-08-13#,T,saying,1
#2017-08-13#,T,forget,1
#2017-08-13#,H,symbols,1
#2017-08-13#,T,won't,1
#2017-08-13#,T,thanks,1
#2017-08-13#,T,hating,1
#2017-08-13#,T,#antifa,1
#2017-08-13#,H,tough,1
#2017-08-13#,H,flashback,1
#2017-08-13#,H,votes,1
#2017-08-13#,T,cut,1
#2017-08-13#,H,police,2
#2017-08-13#,T,la,1
#2017-08-13#,T,explain,1
#2017-08-13#,T,#standwithnetanyahu,1
#2017-08-13#,H,board,1
#2017-08-13#,H,charlottesville,3
#2017-08-13#,T,fakenews,1
#2017-08-13#,T,march,1
#2017-08-13#,T,mainstream,1
#2017-08-13#,T,ya,1
#2017-08-13#,T,de,1
#2017-08-13#,T,stop,1
#2017-08-13#,H,protesters,3
#2017-08-13#,T,pretending,1
#2017-08-13#,H,confederate,1
#2017-08-13#,T,disappointed,1
#2017-08-13#,H,brutality,1
#2017-08-13#,H,school,1
#2017-08-13#,H,name,1
#2017-08-13#,T,spokesperson,1
#2017-08-13#,T,occasions,1
#2017-08-13#,H,drop,1
#2017-08-13#,T,https://t.co/csy1jptlbv,1
#2017-08-13#,H,remove,1
#2017-08-13#,T,parasite,1
#2017-08-13#,T,continue,1
#2017-08-13#,T,journalist,1
#2017-08-13#,T,polnewsforever,1
#2017-08-13#,T,davidmweissman,1
#2017-08-13#,H,supremacists,1
#2017-08-13#,H,regret,1
#2017-08-13#,T,realdonaldtrump,1
#2017-08-13#,T,fires,1
#2017-08-13#,T,infiltrated,1
#2017-08-13#,T,sparklesoup,1
#2017-08-13#,T,eating,1
#2017-08-13#,H,school's,1
#2017-08-13#,T,es,1
#2017-08-13#,T,rt,1
#2017-08-13#,T,neo,1
#2017-08-13#,H,america's,2
#2017-08-13#,H,appear,1
#2017-08-13#,T,brentbozell,1
#2017-08-13#,H,rep,1
#2017-08-13#,T,dirt,1
#2017-08-13#,T,/,1
#2017-08-13#,H,mcauliffe,1
#2017-08-13#,H,acting,1
#2017-08-13#,H,omarosa,1
#2017-08-13#,T,sur,1
#2017-08-13#,T,cnn,2
#2017-08-13#,H,gov,1
#2017-08-13#,T,shujarabbani,1
#2017-08-13#,T,disavowed,1
#2017-08-13#,B,korea,8
#2017-08-13#,H,christian,1
#2017-08-13#,H,reporter,1
#2017-08-13#,T,pushing,1
#2017-08-13#,T,reason,1
#2017-08-13#,T,les,1
#2017-08-13#,T,que,1
#2017-08-13#,H,conservatives,1
#2017-08-13#,H,refuses,1
#2017-08-13#,T,news,1
#2017-08-13#,T,#cstar,1
#2017-08-13#,H,fantasies,1
#2017-08-13#,H,cop,1
#2017-08-13#,T,necesario,1
#2017-08-13#,T,mitchellvii,1
#2017-08-13#,H,attacks,5
#2017-08-13#,H,violence,1
#2017-08-13#,H,times,1
#2017-08-13#,T,whiny,1
#2017-08-13#,H,oppose,1
#2017-08-13#,T,une,1
#2017-08-13#,H,opinion,1
#2017-08-13#,H,documentary,1
#2017-08-13#,B,duke,2
#2017-08-13#,H,protests,1
#2017-08-13#,H,coverage,3
#2017-08-13#,H,guam,7
#2017-08-13#,H,arsenal,3
#2017-08-13#,T,kwilli,1
#2017-08-13#,T,medios,1
#2017-08-13#,T,#msm,1
#2017-08-13#,H,fast,1
#2017-08-13#,T,fake,2
#2017-08-13#,T,little,1
#2017-08-13#,T,gearmeister,1
#2017-08-13#,T,crap,1
#2017-08-13#,T,there's,1
#2017-08-13#,T,defendeuropeid,1
#2017-08-13#,T,create,1
#2017-08-13#,T,question,1
#2017-08-13#,T,attack,2
#2017-08-13#,H,cannibal,1
#2017-08-13#,T,los,1
#2017-08-13#,T,liberals,1
#2017-08-13#,H,call,3
#2017-08-13#,T,n.korea,1
#2017-08-13#,T,derangement,1
#2017-08-13#,T,infected,1
#2017-08-13#,B,white,2
#2017-08-13#,H,panel,1
#2017-08-13#,T,war,1
#2017-08-13#,T,pm,1
#2017-08-13#,T,media,2
#2017-08-13#,T,washingtonpost,1
#2017-08-13#,B,north,4
#2017-08-13#,H,complete,2
#2017-08-13#,T,#cnnfail,1
#2017-08-13#,H,what's,2
#2017-08-13#,T,netanyahu,1
#2017-08-13#,H,missile,2
#2017-08-13#,H,photos,3
#2017-08-13#,T,hillary,1
#2017-08-13#,T,obama,1
#2017-08-13#,H,erickson,1
#2017-08-13#,H,erick,1
#2017-08-13#,H,car,3
#2017-08-13#,T,gavin_mcinnes,1
#2017-08-13#,T,bill,1
#2017-08-13#,T,donald,1
#2017-08-13#,H,un,1
#2017-08-13#,T,fines,1
#2017-08-13#,T,potus,1
#2017-08-13#,T,russia,1
#2017-08-13#,H,spurs,1
#2017-08-13#,T,#maga,1
#2017-08-13#,B,trump,8
#2017-08-13#,T,israel,1
#2017-08-13#,T,divisive,1
#2017-08-13#,T,cure,1
#2017-08-13#,T,rhetoric,1
#2017-08-13#,T,ready,1
#2017-08-13#,H,rally,4
#2017-08-13#,T,david,1
#2017-08-13#,T,#fakenews,2
#2017-08-13#,T,supporters,1
#2017-08-13#,T,americanvoterus,1
#2017-08-13#,T,realalexjones,1
#2017-08-13#,T,syndrome,1
#2017-08-13#,T,anymore,1
#2017-08-13#,T,nazi,1
#2017-08-13#,H,responsible,1
#2017-08-13#,T,beat,1
#2017-08-13#,H,jong,1
#2017-08-13#,T,babbsgirl,1
#2017-08-13#,T,digging,1
#2017-08-13#,T,=,1
#2017-08-13#,H,ny,1
#2017-08-13#,T,badly,1
#2017-08-13#,T,multiple,1
#2017-08-13#,T,paid,1
#2017-08-13#,H,kim,5
#2017-08-13#,T,president,1
#2017-08-13#,T,america,1
#2017-08-13#,H,response,1
#2017-08-13#,T,#defendeurope,1
#2017-08-13#,H,explains,1
#2017-08-13#,T,journalists,1
#2017-08-13#,H,phone,3
#2017-08-13#,T,https://t.co/d0rsxsdaue,1
#2017-08-13#,H,city's,1
#2017-08-13#,T,time,1
#2017-08-13#,H,ellison,1
#2017-08-13#,H,requires,1
#2017-08-14#,H,suspect's,1
#2017-08-14#,H,called,1
#2017-08-14#,H,maxine,1
#2017-08-14#,H,sprayed,1
#2017-08-14#,H,mom,1
#2017-08-14#,H,probe,1
#2017-08-14#,H,protest,2
#2017-08-14#,T,won't,1
#2017-08-14#,H,cameron,1
#2017-08-14#,T,bettybowers,1
#2017-08-14#,T,#trump,1
#2017-08-14#,H,votes,1
#2017-08-14#,T,he's,1
#2017-08-14#,H,kaepernick,1
#2017-08-14#,H,brolin,1
#2017-08-14#,H,josh,1
#2017-08-14#,H,riots,1
#2017-08-14#,T,voted,1
#2017-08-14#,H,charlottesville,7
#2017-08-14#,T,terror,1
#2017-08-14#,H,compares,1
#2017-08-14#,T,msnbc,1
#2017-08-14#,T,brianstelter,1
#2017-08-14#,T,fakenews,1
#2017-08-14#,T,happened,1
#2017-08-14#,T,real,1
#2017-08-14#,T,march,1
#2017-08-14#,H,schwarzenegger,1
#2017-08-14#,T,di,1
#2017-08-14#,H,protesters,5
#2017-08-14#,H,couric,1
#2017-08-14#,T,ferguson,1
#2017-08-14#,T,pretending,1
#2017-08-14#,T,report,1
#2017-08-14#,H,killed,1
#2017-08-14#,T,wont,1
#2017-08-14#,T,alex,1
#2017-08-14#,T,sweetatertot,1
#2017-08-14#,B,james,2
#2017-08-14#,H,companies,1
#2017-08-14#,T,skb_sara,1
#2017-08-14#,H,avatar,1
#2017-08-14#,T,fields,1
#2017-08-14#,T,rodstryker,1
#2017-08-14#,T,bernie,1
#2017-08-14#,T,gt;calls,1
#2017-08-14#,H,footage,1
#2017-08-14#,T,hard,1
#2017-08-14#,T,foxnews,1
#2017-08-14#,T,realdonaldtrump,1
#2017-08-14#,T,sparklesoup,1
#2017-08-14#,T,pls,1
#2017-08-14#,T,thejusticedept,1
#2017-08-14#,T,#whitesupremacy,1
#2017-08-14#,T,neo,1
#2017-08-14#,T,abc,1
#2017-08-14#,T,nuclear,1
#2017-08-14#,T,nazi,1
#2017-08-14#,T,#russiarussiarussia,1
#2017-08-14#,H,increase,1
#2017-08-14#,H,condemns,1
#2017-08-14#,T,bigot/racist,1
#2017-08-14#,T,cnn,1
#2017-08-14#,T,probably,1
#2017-08-14#,T,burned,1
#2017-08-14#,H,crashing,1
#2017-08-14#,H,waters,1
#2017-08-14#,H,told,2
#2017-08-14#,T,disavowed,1
#2017-08-14#,T,notice,1
#2017-08-14#,B,iran,2
#2017-08-14#,T,repstevensmith,1
#2017-08-14#,T,pushing,1
#2017-08-14#,H,fugitive,1
#2017-08-14#,T,jr,1
#2017-08-14#,H,deadly,1
#2017-08-14#,T,job,1
#2017-08-14#,T,news,1
#2017-08-14#,H,lawsuit,1
#2017-08-14#,T,https://t.co/c6bole53q,1
#2017-08-14#,T,pt,1
#2017-08-14#,T,mitchellvii,1
#2017-08-14#,T,violence,1
#2017-08-14#,T,disavow,1
#2017-08-14#,T,david,1
#2017-08-14#,H,angeles,1
#2017-08-14#,T,fake_name,1
#2017-08-14#,T,support,1
#2017-08-14#,H,peacefully,1
#2017-08-14#,T,duke,1
#2017-08-14#,H,teenage,1
#2017-08-14#,H,jeff,1
#2017-08-14#,H,wall,1
#2017-08-14#,T,spreading,1
#2017-08-14#,T,kkk,1
#2017-08-14#,T,#antifa,1
#2017-08-14#,T,#msm,1
#2017-08-14#,H,names,1
#2017-08-14#,T,fake,1
#2017-08-14#,H,nationalist,6
#2017-08-14#,T,tamaraleighllc,1
#2017-08-14#,T,little,1
#2017-08-14#,T,crap,1
#2017-08-14#,T,dnc,1
#2017-08-14#,H,spending,1
#2017-08-14#,T,condemned,1
#2017-08-14#,T,question,1
#2017-08-14#,T,liberals,1
#2017-08-14#,T,specifically,1
#2017-08-14#,B,los,2
#2017-08-14#,T,attack,1
#2017-08-14#,T,bocavista,1
#2017-08-14#,H,helicopter,1
#2017-08-14#,B,white,8
#2017-08-14#,T,angry,1
#2017-08-14#,H,troopers,1
#2017-08-14#,T,tell,1
#2017-08-14#,T,media,2
#2017-08-14#,T,supporters,1
#2017-08-14#,H,sessions,1
#2017-08-14#,T,expose,1
#2017-08-14#,T,#blm,1
#2017-08-14#,B,cops,2
#2017-08-14#,T,hillary,1
#2017-08-14#,H,sequels,1
#2017-08-14#,T,understand,1
#2017-08-14#,T,trying,1
#2017-08-14#,T,cvjetanovic,1
#2017-08-14#,T,obama,1
#2017-08-14#,H,info,1
#2017-08-14#,T,talking,1
#2017-08-14#,H,car,3
#2017-08-14#,T,align,1
#2017-08-14#,H,nfl's,1
#2017-08-14#,H,arnold,1
#2017-08-14#,H,patrols,1
#2017-08-14#,T,potus,1
#2017-08-14#,T,propaganda,1
#2017-08-14#,H,terminator,1
#2017-08-14#,T,#trumptrain,1
#2017-08-14#,T,#maga,1
#2017-08-14#,B,trump,7
#2017-08-14#,H,ag,1
#2017-08-14#,B,supremacist,2
#2017-08-14#,T,funded,1
#2017-08-14#,H,dumped,1
#2017-08-14#,T,didn't,1
#2017-08-14#,T,rips,1
#2017-08-14#,T,#charlottesville,1
#2017-08-14#,T,dems,1
#2017-08-14#,T,ready,1
#2017-08-14#,H,rally,7
#2017-08-14#,H,confirms,1
#2017-08-14#,T,#fakenews,2
#2017-08-14#,T,check,1
#2017-08-14#,T,mainstream,1
#2017-08-14#,T,peter,1
#2017-08-14#,H,monitoring,1
#2017-08-14#,H,border,1
#2017-08-14#,T,americanvoterus,1
#2017-08-14#,H,role,1
#2017-08-14#,T,=,1
#2017-08-14#,T,jrcheneyjohn,1
#2017-08-14#,T,picture,1
#2017-08-14#,H,slave,1
#2017-08-14#,H,wrongly,1
#2017-08-14#,H,detainees,1
#2017-08-14#,T,mess,1
#2017-08-14#,H,blames,1
#2017-08-14#,T,narrative,1
#2017-08-14#,T,outlets,1
#2017-08-14#,H,tied,1
#2017-08-14#,H,virginia,5
#2017-08-14#,H,crash,2
#2017-08-14#,H,missiles,1
#2017-08-14#,T,president,1
#2017-08-14#,T,#sundayreads,1
#2017-08-14#,H,supremacists,6
#2017-08-14#,B,blamed,2
#2017-08-14#,H,photos,1
#2017-08-14#,T,eating,1
#2017-08-14#,H,announces,1
#2017-08-14#,H,claims,1
#2017-08-14#,T,left,1
