#2017-08-04#,H,summer,1
#2017-08-04#,T,emerging,1
#2017-08-04#,T,golf,1
#2017-08-04#,T,accurate,1
#2017-08-04#,T,press,1
#2017-08-04#,H,year-old,1
#2017-08-04#,T,#sethrich,1
#2017-08-04#,T,liberty,1
#2017-08-04#,T,cuts,1
#2017-08-04#,H,battle,1
#2017-08-04#,H,debate,1
#2017-08-04#,T,#trump,1
#2017-08-04#,H,blow,1
#2017-08-04#,H,scaramucci,1
#2017-08-04#,H,hackers,1
#2017-08-04#,H,thinking,1
#2017-08-04#,T,jim,1
#2017-08-04#,H,wall,1
#2017-08-04#,T,stephen,2
#2017-08-04#,H,inquiry,1
#2017-08-04#,H,lawmakers,1
#2017-08-04#,H,save,1
#2017-08-04#,H,puzzle,1
#2017-08-04#,T,fakenews,1
#2017-08-04#,T,real,1
#2017-08-04#,H,australia,1
#2017-08-04#,H,reject,1
#2017-08-04#,T,watch,1
#2017-08-04#,H,virginia,1
#2017-08-04#,H,dark,1
#2017-08-04#,H,finding,1
#2017-08-04#,H,temer,1
#2017-08-04#,T,huffpost,1
#2017-08-04#,T,listening,1
#2017-08-04#,T,report,1
#2017-08-04#,T,using,1
#2017-08-04#,H,republican,1
#2017-08-04#,H,lifelong,1
#2017-08-04#,T,lucianwintrich,1
#2017-08-04#,T,name,1
#2017-08-04#,T,keemstar,1
#2017-08-04#,T,schools,1
#2017-08-04#,T,journalism,1
#2017-08-04#,H,lightning,1
#2017-08-04#,T,cnn's,1
#2017-08-04#,H,common,1
#2017-08-04#,T,#cnn,1
#2017-08-04#,H,phys,1
#2017-08-04#,T,view,1
#2017-08-04#,H,profile,1
#2017-08-04#,T,stacylstiles,1
#2017-08-04#,H,jones,1
#2017-08-04#,H,deal,1
#2017-08-04#,H,trump's,1
#2017-08-04#,T,doing,1
#2017-08-04#,B,house,2
#2017-08-04#,T,https://t.co/04edalnf3i,1
#2017-08-04#,T,foxnews,1
#2017-08-04#,T,realdonaldtrump,2
#2017-08-04#,H,edition,1
#2017-08-04#,H,college,1
#2017-08-04#,H,recommendation,1
#2017-08-04#,T,jobs,1
#2017-08-04#,H,morning,1
#2017-08-04#,H,sale,1
#2017-08-04#,T,rt,3
#2017-08-04#,H,firsts,1
#2017-08-04#,T,#thursdaythoughts,1
#2017-08-04#,T,reform,1
#2017-08-04#,H,nuclear,1
#2017-08-04#,H,review,1
#2017-08-04#,T,exchange,1
#2017-08-04#,H,legal,1
#2017-08-04#,H,korean,1
#2017-08-04#,H,health,1
#2017-08-04#,H,market,1
#2017-08-04#,T,narrative,1
#2017-08-04#,T,cnn,2
#2017-08-04#,H,brazilian,1
#2017-08-04#,T,newly,1
#2017-08-04#,T,epic,1
#2017-08-04#,H,judith,1
#2017-08-04#,T,correct,1
#2017-08-04#,T,red,1
#2017-08-04#,H,jury,1
#2017-08-04#,T,reporter,1
#2017-08-04#,T,the_trump_train,1
#2017-08-04#,T,completely,1
#2017-08-04#,H,california,1
#2017-08-04#,H,assesses,1
#2017-08-04#,H,cyberattack,1
#2017-08-04#,T,news,1
#2017-08-04#,H,care,1
#2017-08-04#,H,hbo,1
#2017-08-04#,H,allies,1
#2017-08-04#,T,world,1
#2017-08-04#,T,oh,1
#2017-08-04#,H,island,1
#2017-08-04#,H,justice,1
#2017-08-04#,H,airport,1
#2017-08-04#,H,slams,1
#2017-08-04#,H,threat,1
#2017-08-04#,H,action,1
#2017-08-04#,H,opinion,1
#2017-08-04#,H,makes,1
#2017-08-04#,H,comes,1
#2017-08-04#,T,via,1
#2017-08-04#,H,letter,1
#2017-08-04#,T,lied,1
#2017-08-04#,T,cc,1
#2017-08-04#,T,spreading,1
#2017-08-04#,H,washington,1
#2017-08-04#,T,#usa,1
#2017-08-04#,H,bribery,1
#2017-08-04#,T,shutdown,1
#2017-08-04#,H,false,1
#2017-08-04#,T,trust,1
#2017-08-04#,T,smackdown,1
#2017-08-04#,T,story,1
#2017-08-04#,T,fec,1
#2017-08-04#,T,msm,1
#2017-08-04#,B,political,2
#2017-08-04#,H,system,1
#2017-08-04#,T,start,1
#2017-08-04#,H,live,1
#2017-08-04#,H,ed,1
#2017-08-04#,H,master,1
#2017-08-04#,T,basic,1
#2017-08-04#,T,jamesokeefeiii,1
#2017-08-04#,H,australian,1
#2017-08-04#,T,donnawr,1
#2017-08-04#,H,survives,1
#2017-08-04#,T,washingtonpost,1
#2017-08-04#,T,cosmopolitan,1
#2017-08-04#,T,expose,1
#2017-08-04#,H,tom,1
#2017-08-04#,H,worker,1
#2017-08-04#,H,protect,1
#2017-08-04#,H,shortz,1
#2017-08-04#,T,che,1
#2017-08-04#,T,released,1
#2017-08-04#,H,baby,1
#2017-08-04#,H,line,1
#2017-08-04#,T,ha,1
#2017-08-04#,T,msnbc,1
#2017-08-04#,T,dump,1
#2017-08-04#,H,town,1
#2017-08-04#,H,sanctions,1
#2017-08-04#,T,wasn't,1
#2017-08-04#,H,car,1
#2017-08-04#,T,#raise,1
#2017-08-04#,H,governor,1
#2017-08-04#,H,dept,1
#2017-08-04#,T,hates,1
#2017-08-04#,H,editorial,1
#2017-08-04#,T,miller,2
#2017-08-04#,B,briefing,2
#2017-08-04#,T,static,1
#2017-08-04#,H,transcripts,1
#2017-08-04#,T,nobody's,1
#2017-08-04#,T,potus,1
#2017-08-04#,H,russia,1
#2017-08-04#,H,passenger,1
#2017-08-04#,H,punches,1
#2017-08-04#,T,#maga,1
#2017-08-04#,B,trump,4
#2017-08-04#,T,violets,1
#2017-08-04#,T,didn't,1
#2017-08-04#,H,affirmative,1
#2017-08-04#,T,indicates,1
#2017-08-04#,H,trilobites,1
#2017-08-04#,T,il,1
#2017-08-04#,H,north,1
#2017-08-04#,H,u.s,1
#2017-08-04#,H,stride,1
#2017-08-04#,T,media,1
#2017-08-04#,H,travel,1
#2017-08-04#,H,damage,1
#2017-08-04#,T,roses,1
#2017-08-04#,H,book,1
#2017-08-04#,T,demolished,1
#2017-08-04#,H,holding,1
#2017-08-04#,H,grand,1
#2017-08-04#,H,shocker,1
#2017-08-04#,B,white,2
#2017-08-04#,T,jrcheneyjohn,1
#2017-08-04#,T,lance,1
#2017-08-04#,H,mueller,1
#2017-08-04#,H,play,1
#2017-08-04#,T,nytimes,1
#2017-08-04#,T,today's,1
#2017-08-04#,H,congress,1
#2017-08-04#,T,blue,1
#2017-08-04#,H,prosecution,1
#2017-08-04#,T,acosta,3
#2017-08-04#,T,#firehannity,1
#2017-08-04#,B,immigration,3
#2017-08-04#,T,shsanders,1
#2017-08-04#,H,running,1
#2017-08-04#,T,statue,1
#2017-08-04#,T,coming,1
#2017-08-04#,T,georgiadirtroad,1
#2017-08-04#,H,president,1
#2017-08-04#,T,transcript,1
#2017-08-04#,T,miller's,1
#2017-08-04#,T,sebgorka,1
#2017-08-04#,H,ghost,1
#2017-08-04#,H,admissions,1
#2017-08-04#,H,brady,1
#2017-08-04#,H,calls,1
#2017-08-04#,H,trail,1
#2017-08-04#,T,acosta's,1
#2017-08-04#,H,game,1
#2017-08-04#,T,daily,1
#2017-08-04#,H,feasting,1
#2017-08-04#,H,switch,1
#2017-08-04#,T,#buildthewall,1
#2017-08-04#,H,tech,1
#2017-08-04#,T,time,1
#2017-08-04#,H,push,1
#2017-08-04#,T,american,1
#2017-08-04#,H,michel,1
#2017-08-04#,T,left,1
#2017-08-05#,T,#potus,1
#2017-08-05#,T,golf,1
#2017-08-05#,H,dance,1
#2017-08-05#,H,probe,1
#2017-08-05#,H,month,1
#2017-08-05#,T,press,1
#2017-08-05#,T,organize,1
#2017-08-05#,H,questions,1
#2017-08-05#,H,prince,1
#2017-08-05#,T,dummies,1
#2017-08-05#,H,cut,1
#2017-08-05#,H,tv,1
#2017-08-05#,T,tweet,1
#2017-08-05#,H,flash,1
#2017-08-05#,T,list,1
#2017-08-05#,T,outed,1
#2017-08-05#,T,pollsters,1
#2017-08-05#,T,msnbc,1
#2017-08-05#,H,puzzle,1
#2017-08-05#,T,fakenews,1
#2017-08-05#,H,exports,1
#2017-08-05#,H,australia,1
#2017-08-05#,T,https://t.co/7u5me6pflg,1
#2017-08-05#,B,food,2
#2017-08-05#,H,photography,1
#2017-08-05#,T,de,1
#2017-08-05#,T,stop,1
#2017-08-05#,H,dark,1
#2017-08-05#,T,hahahahahaha,1
#2017-08-05#,T,reporters,1
#2017-08-05#,B,report,2
#2017-08-05#,T,cover-up,1
#2017-08-05#,H,term,1
#2017-08-05#,T,sweetatertot,1
#2017-08-05#,H,experiencing,1
#2017-08-05#,H,hunt,1
#2017-08-05#,H,toyota,1
#2017-08-05#,H,secret,1
#2017-08-05#,H,morning,1
#2017-08-05#,H,dinosaur,1
#2017-08-05#,T,carrieksada,1
#2017-08-05#,H,lose,1
#2017-08-05#,H,tower,1
#2017-08-05#,H,opioid,1
#2017-08-05#,T,jojoh,1
#2017-08-05#,H,financial,1
#2017-08-05#,H,carter,1
#2017-08-05#,T,journalism,1
#2017-08-05#,T,twitter,1
#2017-08-05#,H,hard,1
#2017-08-05#,T,rivers,1
#2017-08-05#,H,edition,1
#2017-08-05#,T,seanhannity,1
#2017-08-05#,H,jury,1
#2017-08-05#,H,lightning,1
#2017-08-05#,T,#trumprally,1
#2017-08-05#,T,time,1
#2017-08-05#,T,wonder,1
#2017-08-05#,T,rt,2
#2017-08-05#,T,abc,1
#2017-08-05#,H,dept,1
#2017-08-05#,T,clearing,1
#2017-08-05#,H,review,1
#2017-08-05#,T,fox,1
#2017-08-05#,H,goats,1
#2017-08-05#,H,companies,1
#2017-08-05#,H,payday,1
#2017-08-05#,T,abt,1
#2017-08-05#,H,scientists,1
#2017-08-05#,T,cnn,1
#2017-08-05#,T,#trump,1
#2017-08-05#,H,europe,1
#2017-08-05#,T,lazy,1
#2017-08-05#,H,korea,1
#2017-08-05#,H,jobs,1
#2017-08-05#,H,barrier,1
#2017-08-05#,T,https://t.co/mrrxmhuvpq,1
#2017-08-05#,T,predicting,1
#2017-08-05#,H,brooks,1
#2017-08-05#,T,wh,1
#2017-08-05#,H,mazda,1
#2017-08-05#,T,job,1
#2017-08-05#,H,suicide,1
#2017-08-05#,H,china,1
#2017-08-05#,H,york,1
#2017-08-05#,T,bs,1
#2017-08-05#,T,news,2
#2017-08-05#,T,aren't,1
#2017-08-05#,H,taylor,1
#2017-08-05#,H,change,1
#2017-08-05#,T,boy,1
#2017-08-05#,H,search,1
#2017-08-05#,T,#cnnfakenews,1
#2017-08-05#,T,ahead,1
#2017-08-05#,T,dloesch,1
#2017-08-05#,H,taking,1
#2017-08-05#,T,months,1
#2017-08-05#,H,adventures,1
#2017-08-05#,H,drug,1
#2017-08-05#,H,agree,1
#2017-08-05#,B,justice,2
#2017-08-05#,T,american,1
#2017-08-05#,H,notebook,1
#2017-08-05#,T,weren't,1
#2017-08-05#,T,demwrite,1
#2017-08-05#,H,military,1
#2017-08-05#,H,makes,1
#2017-08-05#,T,bama's,1
#2017-08-05#,T,own,1
#2017-08-05#,H,apple,1
#2017-08-05#,B,russia,2
#2017-08-05#,H,wall,1
#2017-08-05#,T,win,1
#2017-08-05#,T,#obamaday,1
#2017-08-05#,B,vacation,2
#2017-08-05#,T,lies,1
#2017-08-05#,T,accomplishments,1
#2017-08-05#,T,fake,2
#2017-08-05#,B,message,2
#2017-08-05#,H,crisis,1
#2017-08-05#,H,city,1
#2017-08-05#,T,story,1
#2017-08-05#,T,msm,1
#2017-08-05#,H,texting,1
#2017-08-05#,T,bamas,1
#2017-08-05#,H,leaks,1
#2017-08-05#,B,live,2
#2017-08-05#,T,fought,1
#2017-08-05#,H,master,1
#2017-08-05#,T,we're,1
#2017-08-05#,H,house,1
#2017-08-05#,T,call,1
#2017-08-05#,H,white,1
#2017-08-05#,T,newsweek,1
#2017-08-05#,T,listen,1
#2017-08-05#,T,free,1
#2017-08-05#,B,media,3
#2017-08-05#,T,washingtonpost,1
#2017-08-05#,H,north,1
#2017-08-05#,T,supporters,1
#2017-08-05#,H,sessions,1
#2017-08-05#,H,poster,1
#2017-08-05#,H,republicans,1
#2017-08-05#,H,immigration,1
#2017-08-05#,H,photos,1
#2017-08-05#,H,antibiotics,1
#2017-08-05#,T,remixed,1
#2017-08-05#,T,russian,1
#2017-08-05#,T,fooled,1
#2017-08-05#,T,realdonaldtrump,1
#2017-08-05#,T,eat,1
#2017-08-05#,H,town,1
#2017-08-05#,T,jim,1
#2017-08-05#,T,swamp,1
#2017-08-05#,H,isis,1
#2017-08-05#,H,developing,1
#2017-08-05#,T,parkermolloy,1
#2017-08-05#,H,eclipse,1
#2017-08-05#,T,batch,1
#2017-08-05#,H,aims,1
#2017-08-05#,T,air,1
#2017-08-05#,T,matter,1
#2017-08-05#,T,https://t.co/emeltfpmil,1
#2017-08-05#,H,editorial,1
#2017-08-05#,T,#iftwitterdidntexist,1
#2017-08-05#,H,briefing,1
#2017-08-05#,H,spurt,1
#2017-08-05#,T,landslide,1
#2017-08-05#,T,potus,1
#2017-08-05#,T,propaganda,1
#2017-08-05#,H,seven,1
#2017-08-05#,H,impose,1
#2017-08-05#,T,#maga,1
#2017-08-05#,B,trump,3
#2017-08-05#,H,border,1
#2017-08-05#,H,deadliest,1
#2017-08-05#,T,julien_assange,1
#2017-08-05#,H,days,1
#2017-08-05#,H,middle,1
#2017-08-05#,T,erictrump,1
#2017-08-05#,H,sentences,1
#2017-08-05#,T,#fakenews,1
#2017-08-05#,H,mountain,1
#2017-08-05#,H,u.s,1
#2017-08-05#,T,tamaki_hiroto,1
#2017-08-05#,T,dying,1
#2017-08-05#,T,michelle's,1
#2017-08-05#,T,satan's,1
#2017-08-05#,T,joan,1
#2017-08-05#,H,stake,1
#2017-08-05#,H,percent,1
#2017-08-05#,T,americanvoterus,1
#2017-08-05#,H,plot,1
#2017-08-05#,H,answers,1
#2017-08-05#,T,knp2bp,1
#2017-08-05#,H,book,1
#2017-08-05#,H,build,1
#2017-08-05#,H,grand,1
#2017-08-05#,T,lvnancy,1
#2017-08-05#,H,u.n,1
#2017-08-05#,H,week,1
#2017-08-05#,T,mueller,1
#2017-08-05#,H,plant,1
#2017-08-05#,T,nytimes,1
#2017-08-05#,T,plans,1
#2017-08-05#,H,congress,1
#2017-08-05#,H,cillizza,1
#2017-08-05#,T,reporting,1
#2017-08-05#,T,acosta,1
#2017-08-05#,T,#firehannity,1
#2017-08-05#,H,plane,1
#2017-08-05#,H,rigor,1
#2017-08-05#,T,coming,1
#2017-08-05#,T,president,1
#2017-08-05#,H,billion,1
#2017-08-05#,H,michelle,1
#2017-08-05#,H,short,1
#2017-08-05#,H,lifelike,1
#2017-08-05#,H,trail,1
#2017-08-05#,H,age,1
#2017-08-05#,T,hillary,1
#2017-08-05#,T,person,1
#2017-08-05#,H,jail,1
#2017-08-05#,H,leak,1
#2017-08-05#,H,opinion,1
#2017-08-05#,H,musical,1
#2017-08-06#,H,dance,1
#2017-08-06#,T,press,1
#2017-08-06#,H,earth,1
#2017-08-06#,T,paul,1
#2017-08-06#,H,asylum,1
#2017-08-06#,T,newsweek,1
#2017-08-06#,T,dummies,1
#2017-08-06#,H,cut,1
#2017-08-06#,H,police,1
#2017-08-06#,T,la,1
#2017-08-06#,H,tv,1
#2017-08-06#,H,flash,1
#2017-08-06#,T,winning,1
#2017-08-06#,T,outed,1
#2017-08-06#,H,won,1
#2017-08-06#,T,here's,1
#2017-08-06#,H,save,1
#2017-08-06#,H,puzzle,1
#2017-08-06#,H,build,1
#2017-08-06#,B,real,2
#2017-08-06#,H,woman,1
#2017-08-06#,H,hit,1
#2017-08-06#,H,photography,1
#2017-08-06#,T,stop,1
#2017-08-06#,H,records,1
#2017-08-06#,H,caregiving,1
#2017-08-06#,H,world's,1
#2017-08-06#,T,listening,1
#2017-08-06#,T,reporters,1
#2017-08-06#,T,report,1
#2017-08-06#,T,using,1
#2017-08-06#,H,u.s,1
#2017-08-06#,T,wokers,1
#2017-08-06#,H,school,1
#2017-08-06#,T,name,1
#2017-08-06#,H,nissan,1
#2017-08-06#,T,list,1
#2017-08-06#,T,democrat,1
#2017-08-06#,T,ryan,1
#2017-08-06#,H,morning,1
#2017-08-06#,H,bikers,1
#2017-08-06#,T,accomplishments,1
#2017-08-06#,H,security,1
#2017-08-06#,H,opioid,1
#2017-08-06#,T,el,1
#2017-08-06#,H,force,1
#2017-08-06#,H,deal,1
#2017-08-06#,H,thin,1
#2017-08-06#,T,w/,1
#2017-08-06#,H,house,1
#2017-08-06#,H,hard,1
#2017-08-06#,T,potus,1
#2017-08-06#,T,idea,1
#2017-08-06#,T,realdonaldtrump,1
#2017-08-06#,T,#nra,1
#2017-08-06#,H,edition,1
#2017-08-06#,H,australia,1
#2017-08-06#,H,economic,1
#2017-08-06#,T,expect,1
#2017-08-06#,H,home,1
#2017-08-06#,H,lightning,1
#2017-08-06#,T,joan,1
#2017-08-06#,H,reinvented,1
#2017-08-06#,T,rt,2
#2017-08-06#,H,living,1
#2017-08-06#,T,cooper,1
#2017-08-06#,H,missing,1
#2017-08-06#,H,ice,1
#2017-08-06#,T,tarmac,1
#2017-08-06#,T,there's,1
#2017-08-06#,H,mcmaster,1
#2017-08-06#,T,cnn,1
#2017-08-06#,H,collins,1
#2017-08-06#,T,supports,1
#2017-08-06#,T,libtards,1
#2017-08-06#,H,seeks,1
#2017-08-06#,T,rodstryker,1
#2017-08-06#,T,lazy,1
#2017-08-06#,T,jobs,1
#2017-08-06#,H,editorial,1
#2017-08-06#,T,clinton/lynch,1
#2017-08-06#,T,targeted,1
#2017-08-06#,H,join,1
#2017-08-06#,T,non-#fakenews,1
#2017-08-06#,H,solution,1
#2017-08-06#,T,le,1
#2017-08-06#,H,york,1
#2017-08-06#,H,cyberattack,1
#2017-08-06#,B,news,2
#2017-08-06#,H,spies,1
#2017-08-06#,T,bury,1
#2017-08-06#,T,pnehlen,1
#2017-08-06#,H,beaches,1
#2017-08-06#,H,kitchen,1
#2017-08-06#,B,boy,2
#2017-08-06#,T,ericbolling,1
#2017-08-06#,T,dloesch,1
#2017-08-06#,H,changed,1
#2017-08-06#,H,adventures,1
#2017-08-06#,H,drug,1
#2017-08-06#,H,guide,1
#2017-08-06#,B,american,2
#2017-08-06#,H,plane,1
#2017-08-06#,T,nratv,1
#2017-08-06#,H,threat,1
#2017-08-06#,H,book,1
#2017-08-06#,T,bama's,1
#2017-08-06#,T,garbage,1
#2017-08-06#,T,jeff,1
#2017-08-06#,H,wall,1
#2017-08-06#,H,hometown,1
#2017-08-06#,T,#obamaday,1
#2017-08-06#,T,#flashbackfriday,1
#2017-08-06#,T,kwilli,1
#2017-08-06#,H,system,1
#2017-08-06#,T,lies,1
#2017-08-06#,T,carrieksada,1
#2017-08-06#,T,fake,1
#2017-08-06#,H,vote,1
#2017-08-06#,T,false,1
#2017-08-06#,T,message,1
#2017-08-06#,H,bullied,1
#2017-08-06#,T,millions,1
#2017-08-06#,H,city,1
#2017-08-06#,T,story,1
#2017-08-06#,T,aren't,1
#2017-08-06#,H,sam,1
#2017-08-06#,T,msm,1
#2017-08-06#,T,bamas,1
#2017-08-06#,H,fight,1
#2017-08-06#,B,leaks,2
#2017-08-06#,T,anderson,1
#2017-08-06#,T,fought,1
#2017-08-06#,H,master,1
#2017-08-06#,T,bocavista,1
#2017-08-06#,H,escort,1
#2017-08-06#,T,time,1
#2017-08-06#,H,white,1
#2017-08-06#,T,meeting,1
#2017-08-06#,H,flynn,1
#2017-08-06#,T,washingtonpost,1
#2017-08-06#,H,door,1
#2017-08-06#,T,politicalshort,1
#2017-08-06#,T,sessions,1
#2017-08-06#,H,poster,1
#2017-08-06#,H,immigration,1
#2017-08-06#,T,foxnews,1
#2017-08-06#,H,flawed,1
#2017-08-06#,T,hillary,1
#2017-08-06#,H,solar,1
#2017-08-06#,H,charged,1
#2017-08-06#,H,russian,1
#2017-08-06#,H,u.a.w,1
#2017-08-06#,T,operates,1
#2017-08-06#,T,colluding,1
#2017-08-06#,T,obama,1
#2017-08-06#,H,fly,1
#2017-08-06#,H,isis,1
#2017-08-06#,T,talking,1
#2017-08-06#,H,isolation,1
#2017-08-06#,T,polls,1
#2017-08-06#,H,eclipse,1
#2017-08-06#,T,accused,1
#2017-08-06#,H,era,1
#2017-08-06#,H,praise,1
#2017-08-06#,H,briefing,1
#2017-08-06#,H,nasa,1
#2017-08-06#,H,marines,1
#2017-08-06#,T,proves,1
#2017-08-06#,T,called,1
#2017-08-06#,T,#draintheswamp,1
#2017-08-06#,H,history,1
#2017-08-06#,H,control,1
#2017-08-06#,H,seven,1
#2017-08-06#,T,months,1
#2017-08-06#,T,#maga,1
#2017-08-06#,B,trump,4
#2017-08-06#,H,shepard,1
#2017-08-06#,H,mexico,1
#2017-08-06#,T,rivers,1
#2017-08-06#,T,michelle's,1
#2017-08-06#,T,heard,1
#2017-08-06#,H,beautiful,1
#2017-08-06#,T,vs,1
#2017-08-06#,T,dems,1
#2017-08-06#,H,sentences,1
#2017-08-06#,H,north,2
#2017-08-06#,H,campus,1
#2017-08-06#,H,unbearable,1
#2017-08-06#,T,americanvoterus,1
#2017-08-06#,T,d'oh,1
#2017-08-06#,T,dying,1
#2017-08-06#,H,disrupted,1
#2017-08-06#,T,media,1
#2017-08-06#,H,percent,1
#2017-08-06#,H,poetry,1
#2017-08-06#,T,knp2bp,1
#2017-08-06#,H,hot,1
#2017-08-06#,T,falsely,1
#2017-08-06#,H,vacation,1
#2017-08-06#,T,alexburnsnyt,1
#2017-08-06#,H,test,1
#2017-08-06#,T,party,1
#2017-08-06#,H,korean,1
#2017-08-06#,T,=,1
#2017-08-06#,H,week,1
#2017-08-06#,H,mueller,1
#2017-08-06#,H,play,1
#2017-08-06#,T,nytimes,1
#2017-08-06#,T,lie,1
#2017-08-06#,T,watch,1
#2017-08-06#,T,reporting,1
#2017-08-06#,T,#firehannity,1
#2017-08-06#,H,notebook,1
#2017-08-06#,T,georgiadirtroad,1
#2017-08-06#,T,coming,1
#2017-08-06#,T,president,1
#2017-08-06#,T,america,1
#2017-08-06#,H,kid,1
#2017-08-06#,T,doj,1
#2017-08-06#,H,downtown,1
#2017-08-06#,H,joint,1
#2017-08-06#,H,diversity,1
#2017-08-06#,H,age,1
#2017-08-06#,T,huffpost,1
#2017-08-06#,T,narrative,1
#2017-08-06#,T,push,1
#2017-08-06#,T,playstrumpcard,1
#2017-08-06#,H,musical,1
#2017-08-06#,T,left,1
#2017-08-07#,T,represent,1
#2017-08-07#,T,listening,1
#2017-08-07#,T,armas,1
#2017-08-07#,H,dance,1
#2017-08-07#,H,text,1
#2017-08-07#,H,global,1
#2017-08-07#,T,allegations,1
#2017-08-07#,H,halting,1
#2017-08-07#,T,democrats,1
#2017-08-07#,H,sam,1
#2017-08-07#,H,reinvented,1
#2017-08-07#,T,whitehouse,1
#2017-08-07#,H,hate,1
#2017-08-07#,T,believe,1
#2017-08-07#,H,police,1
#2017-08-07#,H,tv,1
#2017-08-07#,H,flash,1
#2017-08-07#,H,hot,1
#2017-08-07#,T,#istandwithericbolling,1
#2017-08-07#,T,falsely,1
#2017-08-07#,H,black,1
#2017-08-07#,T,jak,1
#2017-08-07#,H,outrage,1
#2017-08-07#,T,msnbc,1
#2017-08-07#,T,fakenews,2
#2017-08-07#,H,build,1
#2017-08-07#,B,real,2
#2017-08-07#,H,woman,1
#2017-08-07#,H,hit,1
#2017-08-07#,T,risk,1
#2017-08-07#,H,photography,1
#2017-08-07#,T,de,2
#2017-08-07#,T,stop,1
#2017-08-07#,T,hire,1
#2017-08-07#,H,wave,1
#2017-08-07#,T,interview,1
#2017-08-07#,H,game,1
#2017-08-07#,T,huffpost,1
#2017-08-07#,T,pikminister,1
#2017-08-07#,H,report,1
#2017-08-07#,H,difference,1
#2017-08-07#,H,professors,1
#2017-08-07#,H,school,1
#2017-08-07#,T,eric,1
#2017-08-07#,T,#fakepolls,1
#2017-08-07#,T,lukaszschreiber,1
#2017-08-07#,H,toyota,1
#2017-08-07#,H,morning,1
#2017-08-07#,T,medios,1
#2017-08-07#,H,plant,1
#2017-08-07#,T,truth,1
#2017-08-07#,H,suspends,1
#2017-08-07#,H,ohio,1
#2017-08-07#,T,security,1
#2017-08-07#,H,upper,1
#2017-08-07#,T,attorney,1
#2017-08-07#,T,en,1
#2017-08-07#,H,deal,1
#2017-08-07#,H,punishing,1
#2017-08-07#,T,debunked,1
#2017-08-07#,T,national,1
#2017-08-07#,T,fake,1
#2017-08-07#,T,foxnews,1
#2017-08-07#,T,colectivos,1
#2017-08-07#,H,edition,1
#2017-08-07#,H,fires,1
#2017-08-07#,T,cost,1
#2017-08-07#,H,star,1
#2017-08-07#,T,#venezuela,1
#2017-08-07#,H,loses,1
#2017-08-07#,H,targets,1
#2017-08-07#,H,afghanistan,1
#2017-08-07#,H,review,1
#2017-08-07#,H,fox,1
#2017-08-07#,T,tarmac,1
#2017-08-07#,T,#periodismo,1
#2017-08-07#,H,won,1
#2017-08-07#,H,internet,1
#2017-08-07#,T,cnn,3
#2017-08-07#,T,falling,1
#2017-08-07#,B,venezuela,2
#2017-08-07#,H,europe,1
#2017-08-07#,H,korea,1
#2017-08-07#,H,praise,1
#2017-08-07#,H,missing,1
#2017-08-07#,T,targeted,1
#2017-08-07#,T,guardian,1
#2017-08-07#,T,completely,1
#2017-08-07#,H,base,1
#2017-08-07#,T,que,1
#2017-08-07#,H,york,1
#2017-08-07#,H,address,1
#2017-08-07#,H,cyberattack,1
#2017-08-07#,B,news,3
#2017-08-07#,T,#cnn,1
#2017-08-07#,H,beaches,1
#2017-08-07#,T,wait,1
#2017-08-07#,H,search,1
#2017-08-07#,H,accident,1
#2017-08-07#,H,netflix,1
#2017-08-07#,H,island,1
#2017-08-07#,T,osoby,1
#2017-08-07#,H,messages,1
#2017-08-07#,H,adventures,1
#2017-08-07#,H,pence,1
#2017-08-07#,H,notebook,1
#2017-08-07#,H,gene,1
#2017-08-07#,H,makes,1
#2017-08-07#,H,book,1
#2017-08-07#,H,south,1
#2017-08-07#,T,mitchellvii,1
#2017-08-07#,T,warto,1
#2017-08-07#,H,douthat,1
#2017-08-07#,T,clinton,1
#2017-08-07#,H,family,1
#2017-08-07#,T,sokzburakapl,1
#2017-08-07#,T,pinkbelgium,1
#2017-08-07#,H,puzzle,1
#2017-08-07#,T,skandaliczny,1
#2017-08-07#,T,cuando,1
#2017-08-07#,B,vacation,2
#2017-08-07#,H,semester,1
#2017-08-07#,T,politicalshort,1
#2017-08-07#,T,anti,1
#2017-08-07#,T,article,1
#2017-08-07#,T,kayajones,1
#2017-08-07#,T,total,1
#2017-08-07#,H,lewd,1
#2017-08-07#,H,city,1
#2017-08-07#,T,story,1
#2017-08-07#,T,ten,1
#2017-08-07#,H,leaks,1
#2017-08-07#,H,tillerson,1
#2017-08-07#,H,world's,1
#2017-08-07#,H,fight,1
#2017-08-07#,T,los,1
#2017-08-07#,H,master,1
#2017-08-07#,H,compromise,1
#2017-08-07#,H,white,1
#2017-08-07#,B,meeting,2
#2017-08-07#,T,alyssa_milano,1
#2017-08-07#,T,washingtonpost,1
#2017-08-07#,H,north,2
#2017-08-07#,T,supporters,1
#2017-08-07#,H,fire,1
#2017-08-07#,H,poster,1
#2017-08-07#,H,immigration,1
#2017-08-07#,T,#hannity,1
#2017-08-07#,T,priced,1
#2017-08-07#,H,downtown,1
#2017-08-07#,H,photos,1
#2017-08-07#,H,heat,1
#2017-08-07#,T,realdonaldtrump,1
#2017-08-07#,H,hollywood,1
#2017-08-07#,T,sound,1
#2017-08-07#,T,they're,1
#2017-08-07#,T,patriot,1
#2017-08-07#,H,sanctions,1
#2017-08-07#,T,ericbolling,1
#2017-08-07#,H,eclipse,1
#2017-08-07#,T,accused,1
#2017-08-07#,T,del,1
#2017-08-07#,H,editorial,1
#2017-08-07#,H,briefing,1
#2017-08-07#,H,lightning,1
#2017-08-07#,T,potus,1
#2017-08-07#,T,russia,1
#2017-08-07#,T,#draintheswamp,1
#2017-08-07#,T,buries,1
#2017-08-07#,T,#maga,2
#2017-08-07#,B,trump,4
#2017-08-07#,H,shepard,1
#2017-08-07#,T,sustrajeron,1
#2017-08-07#,H,australia,1
#2017-08-07#,H,sentences,1
#2017-08-07#,H,diversity,1
#2017-08-07#,H,woodpecker,1
#2017-08-07#,H,campus,1
#2017-08-07#,T,regime,1
#2017-08-07#,H,u.s,1
#2017-08-07#,T,na,1
#2017-08-07#,H,editing,1
#2017-08-07#,T,responsible,1
#2017-08-07#,T,mycalynn,1
#2017-08-07#,T,amazing,1
#2017-08-07#,T,#lies,1
#2017-08-07#,H,forest,1
#2017-08-07#,T,sie,1
#2017-08-07#,H,grand,1
#2017-08-07#,H,test,1
#2017-08-07#,H,transgender,1
#2017-08-07#,T,united-#fakenews,1
#2017-08-07#,T,retweeting,1
#2017-08-07#,T,lvnancy,1
#2017-08-07#,H,u.n,1
#2017-08-07#,H,play,1
#2017-08-07#,T,nytimes,1
#2017-08-07#,T,everyhumanknows,1
#2017-08-07#,T,bolling,1
#2017-08-07#,T,reporting,1
#2017-08-07#,T,acosta,1
#2017-08-07#,T,americanvoterus,1
#2017-08-07#,T,coming,1
#2017-08-07#,T,president,1
#2017-08-07#,T,america,1
#2017-08-07#,H,weekend,1
#2017-08-07#,T,las,1
#2017-08-07#,T,dtrumpexposed,1
#2017-08-07#,T,michaelbeatty,1
#2017-08-07#,H,elusive,1
#2017-08-07#,T,remember,1
#2017-08-07#,H,disrupted,1
#2017-08-07#,H,wins,1
#2017-08-07#,H,age,1
#2017-08-07#,H,lines,1
#2017-08-07#,H,mark,1
#2017-08-07#,H,tech,1
#2017-08-07#,T,se,1
#2017-08-07#,T,vean,1
#2017-08-07#,T,media,1
#2017-08-07#,H,push,1
#2017-08-07#,T,playstrumpcard,1
#2017-08-07#,T,#dnc,1
#2017-08-07#,T,lying,1
#2017-08-07#,T,jeszcze,1
#2017-08-08#,H,summer,2
#2017-08-08#,T,liar,1
#2017-08-08#,T,saying,1
#2017-08-08#,H,dance,1
#2017-08-08#,H,skip,1
#2017-08-08#,H,trade,1
#2017-08-08#,H,halting,1
#2017-08-08#,T,itsedwardoz,1
#2017-08-08#,T,won't,1
#2017-08-08#,T,looks,1
#2017-08-08#,T,#alexjonesshow,1
#2017-08-08#,T,#trump,1
#2017-08-08#,H,industries,1
#2017-08-08#,T,cup,1
#2017-08-08#,T,tv,1
#2017-08-08#,B,tweet,2
#2017-08-08#,H,flash,1
#2017-08-08#,H,politicians,1
#2017-08-08#,T,#mondaymotivation,1
#2017-08-08#,T,#istandwithericbolling,1
#2017-08-08#,H,stalled,1
#2017-08-08#,H,puzzle,1
#2017-08-08#,T,fakenews,1
#2017-08-08#,B,real,2
#2017-08-08#,H,town,1
#2017-08-08#,H,australia,1
#2017-08-08#,H,hit,1
#2017-08-08#,H,gains,1
#2017-08-08#,H,photography,1
#2017-08-08#,B,de,2
#2017-08-08#,H,watch,1
#2017-08-08#,H,catches,1
#2017-08-08#,H,joint,1
#2017-08-08#,H,game,1
#2017-08-08#,H,vegas,1
#2017-08-08#,T,propaganda,1
#2017-08-08#,T,report,1
#2017-08-08#,H,school,1
#2017-08-08#,H,affirmative,1
#2017-08-08#,T,covering,1
#2017-08-08#,H,toyota,1
#2017-08-08#,B,morning,2
#2017-08-08#,H,u.n,1
#2017-08-08#,T,https://t.co/ukmqgfdy5f,1
#2017-08-08#,T,mean,1
#2017-08-08#,T,enjoy,1
#2017-08-08#,T,en,1
#2017-08-08#,H,art,1
#2017-08-08#,H,deal,1
#2017-08-08#,H,tougher,1
#2017-08-08#,T,doing,1
#2017-08-08#,T,house,1
#2017-08-08#,T,tdameritrade,1
#2017-08-08#,T,foxnews,1
#2017-08-08#,H,coney,1
#2017-08-08#,T,challenges,1
#2017-08-08#,H,edition,1
#2017-08-08#,T,#trumptv,1
#2017-08-08#,T,washtimes,1
#2017-08-08#,T,#istandwithtrump,1
#2017-08-08#,H,home,1
#2017-08-08#,H,lightning,1
#2017-08-08#,T,wonder,1
#2017-08-08#,T,rt,3
#2017-08-08#,T,network,1
#2017-08-08#,H,chicago,1
#2017-08-08#,T,#firehannity-that,1
#2017-08-08#,H,review,1
#2017-08-08#,T,fox,1
#2017-08-08#,H,lurch,1
#2017-08-08#,H,health,1
#2017-08-08#,H,internet,1
#2017-08-08#,T,cnn,3
#2017-08-08#,T,told,1
#2017-08-08#,H,solo,1
#2017-08-08#,H,korea,1
#2017-08-08#,T,run,1
#2017-08-08#,T,pathetic,1
#2017-08-08#,T,#resistfakenews,1
#2017-08-08#,H,mazda,1
#2017-08-08#,H,briefing,2
#2017-08-08#,H,base,1
#2017-08-08#,H,california,1
#2017-08-08#,H,york,1
#2017-08-08#,B,news,2
#2017-08-08#,H,care,1
#2017-08-08#,T,launch,1
#2017-08-08#,T,cashing,1
#2017-08-08#,H,island,1
#2017-08-08#,H,refugee,1
#2017-08-08#,H,adventures,1
#2017-08-08#,T,times,1
#2017-08-08#,H,pence,1
#2017-08-08#,T,american,1
#2017-08-08#,H,harvard,1
#2017-08-08#,H,airline,1
#2017-08-08#,H,action,1
#2017-08-08#,H,opinion,1
#2017-08-08#,T,funder,1
#2017-08-08#,H,star,1
#2017-08-08#,H,options,1
#2017-08-08#,H,south,1
#2017-08-08#,H,criticism,1
#2017-08-08#,T,via,1
#2017-08-08#,T,lied,1
#2017-08-08#,T,simple,1
#2017-08-08#,T,spreading,1
#2017-08-08#,H,world's,1
#2017-08-08#,T,lies,1
#2017-08-08#,T,accomplishments,1
#2017-08-08#,T,#msm,2
#2017-08-08#,T,delicious,1
#2017-08-08#,T,fake,2
#2017-08-08#,H,vote,1
#2017-08-08#,H,vietnam,1
#2017-08-08#,H,defendants,1
#2017-08-08#,H,crisis,1
#2017-08-08#,T,hannity,1
#2017-08-08#,B,story,2
#2017-08-08#,T,peplamb,1
#2017-08-08#,T,buraka,1
#2017-08-08#,H,tillerson,1
#2017-08-08#,H,flying,1
#2017-08-08#,H,vacation,1
#2017-08-08#,H,darren,1
#2017-08-08#,H,fight,1
#2017-08-08#,H,leaks,1
#2017-08-08#,T,live,1
#2017-08-08#,H,master,1
#2017-08-08#,T,tell,1
#2017-08-08#,T,storm,1
#2017-08-08#,T,call,1
#2017-08-08#,H,australian,1
#2017-08-08#,T,realdonaldtrump,3
#2017-08-08#,H,war,1
#2017-08-08#,T,ryanafournier,1
#2017-08-08#,H,north,1
#2017-08-08#,T,th,1
#2017-08-08#,T,fire,1
#2017-08-08#,H,season,1
#2017-08-08#,H,immigration,1
#2017-08-08#,H,plant,1
#2017-08-08#,T,hear,1
#2017-08-08#,T,demand,1
#2017-08-08#,H,seat,1
#2017-08-08#,T,white,1
#2017-08-08#,H,women,1
#2017-08-08#,T,sound,1
#2017-08-08#,H,isis,1
#2017-08-08#,H,largest,1
#2017-08-08#,H,sanctions,1
#2017-08-08#,H,ride,1
#2017-08-08#,H,eclipse,1
#2017-08-08#,T,believes,1
#2017-08-08#,H,editorial,1
#2017-08-08#,T,rigged,1
#2017-08-08#,T,potus,2
#2017-08-08#,T,agree,1
#2017-08-08#,T,#trumprussia,1
#2017-08-08#,T,fool,1
#2017-08-08#,T,#trumptrain,1
#2017-08-08#,T,#realnews,1
#2017-08-08#,T,#maga,2
#2017-08-08#,B,trump,5
#2017-08-08#,T,#bigly,1
#2017-08-08#,T,sad,1
#2017-08-08#,H,middle,1
#2017-08-08#,H,unlikely,1
#2017-08-08#,H,sentences,1
#2017-08-08#,T,#fakenews,1
#2017-08-08#,H,lie,1
#2017-08-08#,H,u.s,1
#2017-08-08#,T,realalexjones,1
#2017-08-08#,H,mouse,1
#2017-08-08#,H,stake,1
#2017-08-08#,H,percent,1
#2017-08-08#,T,trumptv,1
#2017-08-08#,T,nyt,1
#2017-08-08#,T,mycalynn,1
#2017-08-08#,H,hot,1
#2017-08-08#,T,#lies,1
#2017-08-08#,T,que,1
#2017-08-08#,H,build,1
#2017-08-08#,H,poster,1
#2017-08-08#,H,test,1
#2017-08-08#,T,didn't,1
#2017-08-08#,H,attack,1
#2017-08-08#,H,breaks,1
#2017-08-08#,H,evidence,1
#2017-08-08#,T,trumps,1
#2017-08-08#,H,week,1
#2017-08-08#,H,play,1
#2017-08-08#,T,nytimes,1
#2017-08-08#,H,plans,1
#2017-08-08#,H,quits,1
#2017-08-08#,T,time,1
#2017-08-08#,T,tylko,1
#2017-08-08#,T,nie,1
#2017-08-08#,H,brooklyn,1
#2017-08-08#,H,plane,1
#2017-08-08#,T,georgiadirtroad,1
#2017-08-08#,T,coming,1
#2017-08-08#,T,president,1
#2017-08-08#,T,alozrast,1
#2017-08-08#,T,las,1
#2017-08-08#,T,dtrumpexposed,1
#2017-08-08#,B,calls,2
#2017-08-08#,H,daulton,1
#2017-08-08#,T,contact,1
#2017-08-08#,H,tech,1
#2017-08-08#,T,media,2
#2017-08-08#,H,push,1
#2017-08-08#,H,model,1
#2017-08-08#,T,#dnc,1
#2017-08-08#,T,lying,1
#2017-08-08#,H,left,1
#2017-08-09#,H,neighbors,1
#2017-08-09#,H,shot,1
#2017-08-09#,H,help,1
#2017-08-09#,H,dance,1
#2017-08-09#,H,percent,1
#2017-08-09#,T,#lockdonjrup,1
#2017-08-09#,T,fakenews,1
#2017-08-09#,H,brain,1
#2017-08-09#,T,newsweek,1
#2017-08-09#,T,#trump,1
#2017-08-09#,T,death,1
#2017-08-09#,H,readers,1
#2017-08-09#,H,justice,1
#2017-08-09#,H,delays,1
#2017-08-09#,T,spicerlies,1
#2017-08-09#,H,obstinacy,1
#2017-08-09#,H,finally,1
#2017-08-09#,T,spread,1
#2017-08-09#,H,treatment,1
#2017-08-09#,T,th,1
#2017-08-09#,T,tweets,1
#2017-08-09#,T,abt,1
#2017-08-09#,B,women,2
#2017-08-09#,T,local,1
#2017-08-09#,T,elites,1
#2017-08-09#,T,im_theantitrump,1
#2017-08-09#,B,real,2
#2017-08-09#,H,road,1
#2017-08-09#,H,hit,1
#2017-08-09#,T,di,1
#2017-08-09#,H,photography,1
#2017-08-09#,T,de,1
#2017-08-09#,H,stop,1
#2017-08-09#,T,https://t.co/ufyoylo0x,1
#2017-08-09#,H,joint,1
#2017-08-09#,H,game,1
#2017-08-09#,H,vegas,1
#2017-08-09#,T,despite,1
#2017-08-09#,B,report,2
#2017-08-09#,H,killed,1
#2017-08-09#,T,impeach_d_trump,1
#2017-08-09#,H,bring,1
#2017-08-09#,H,warned,1
#2017-08-09#,H,philippines,1
#2017-08-09#,H,toyota,1
#2017-08-09#,H,lightning,1
#2017-08-09#,H,truth,1
#2017-08-09#,H,bills,1
#2017-08-09#,T,page,1
#2017-08-09#,B,google,2
#2017-08-09#,T,stacylstiles,1
#2017-08-09#,T,#realnews,1
#2017-08-09#,T,house,1
#2017-08-09#,H,warns,1
#2017-08-09#,T,alozrast,1
#2017-08-09#,T,realdonaldtrump,2
#2017-08-09#,H,huckabee,1
#2017-08-09#,H,edition,1
#2017-08-09#,H,street,1
#2017-08-09#,T,washtimes,1
#2017-08-09#,H,traveling,1
#2017-08-09#,H,desperate,1
#2017-08-09#,H,home,1
#2017-08-09#,H,morning,1
#2017-08-09#,T,#firehannity-that,1
#2017-08-09#,T,rt,2
#2017-08-09#,T,network,1
#2017-08-09#,T,maddow,1
#2017-08-09#,H,chicago,1
#2017-08-09#,H,nuclear,1
#2017-08-09#,B,fox,2
#2017-08-09#,H,inside,1
#2017-08-09#,T,/,1
#2017-08-09#,T,scrowder,1
#2017-08-09#,H,newark,1
#2017-08-09#,H,mueller,1
#2017-08-09#,T,rinos,1
#2017-08-09#,T,scientists,1
#2017-08-09#,T,cnn,3
#2017-08-09#,T,email,1
#2017-08-09#,T,told,1
#2017-08-09#,H,korea,1
#2017-08-09#,T,libs,1
#2017-08-09#,H,marketing,1
#2017-08-09#,H,brooks,1
#2017-08-09#,H,mazda,1
#2017-08-09#,H,explore,1
#2017-08-09#,H,california,1
#2017-08-09#,B,york,2
#2017-08-09#,H,opposition,1
#2017-08-09#,T,o'keefe,1
#2017-08-09#,B,news,2
#2017-08-09#,T,boy,1
#2017-08-09#,H,protect,1
#2017-08-09#,T,#impeachtrump,1
#2017-08-09#,H,getting,1
#2017-08-09#,H,universe,1
#2017-08-09#,H,refugee,1
#2017-08-09#,T,months,1
#2017-08-09#,H,adventures,1
#2017-08-09#,T,media,1
#2017-08-09#,H,david,1
#2017-08-09#,H,notebook,1
#2017-08-09#,T,trumps,1
#2017-08-09#,H,threat,1
#2017-08-09#,H,action,1
#2017-08-09#,H,opinion,1
#2017-08-09#,T,funder,1
#2017-08-09#,H,star,1
#2017-08-09#,H,south,1
#2017-08-09#,H,own,1
#2017-08-09#,H,puzzle,1
#2017-08-09#,T,soliciting,1
#2017-08-09#,T,lies,1
#2017-08-09#,T,approval,1
#2017-08-09#,H,vote,1
#2017-08-09#,T,rats,1
#2017-08-09#,H,baby,1
#2017-08-09#,H,bathroom,1
#2017-08-09#,H,revival,1
#2017-08-09#,T,agree,1
#2017-08-09#,T,foxnewspolitics,1
#2017-08-09#,H,west,1
#2017-08-09#,H,apps,1
#2017-08-09#,H,world's,1
#2017-08-09#,H,sports,1
#2017-08-09#,T,donnawr,1
#2017-08-09#,T,msm,1
#2017-08-09#,H,master,1
#2017-08-09#,T,storm,1
#2017-08-09#,T,call,1
#2017-08-09#,T,white,1
#2017-08-09#,T,returns,1
#2017-08-09#,T,tdameritrade,1
#2017-08-09#,H,retweets,1
#2017-08-09#,H,teen,1
#2017-08-09#,H,sanders,1
#2017-08-09#,T,teased,1
#2017-08-09#,T,fire,1
#2017-08-09#,H,tax,1
#2017-08-09#,H,memo,1
#2017-08-09#,B,climate,2
#2017-08-09#,H,plant,1
#2017-08-09#,T,hillary,1
#2017-08-09#,H,child,1
#2017-08-09#,T,russian,1
#2017-08-09#,H,affirmative,1
#2017-08-09#,T,spin,1
#2017-08-09#,T,obama,1
#2017-08-09#,H,info,1
#2017-08-09#,T,https://t.co/ymg4xla5ep,1
#2017-08-09#,H,split,1
#2017-08-09#,T,straight,1
#2017-08-09#,H,bill,1
#2017-08-09#,T,harder,1
#2017-08-09#,H,getaway,1
#2017-08-09#,T,record,1
#2017-08-09#,T,seanhannity,1
#2017-08-09#,H,texas,1
#2017-08-09#,H,editorial,1
#2017-08-09#,H,briefing,1
#2017-08-09#,H,reform,1
#2017-08-09#,T,potus,2
#2017-08-09#,T,propaganda,1
#2017-08-09#,T,sean,1
#2017-08-09#,T,claim,1
#2017-08-09#,T,false,1
#2017-08-09#,B,trump,3
#2017-08-09#,T,rosie,1
#2017-08-09#,T,alanilagan,1
#2017-08-09#,T,didn't,1
#2017-08-09#,T,#leakers,1
#2017-08-09#,T,evidence,1
#2017-08-09#,T,proves,1
#2017-08-09#,H,rent,1
#2017-08-09#,H,north,1
#2017-08-09#,H,moves,1
#2017-08-09#,T,davidkwilliams,1
#2017-08-09#,T,incorrect,1
#2017-08-09#,T,ratings,1
#2017-08-09#,H,containing,1
#2017-08-09#,H,u.s,1
#2017-08-09#,T,teapainusa,1
#2017-08-09#,H,stake,1
#2017-08-09#,T,administration,1
#2017-08-09#,H,m.t.a,1
#2017-08-09#,T,nyt,1
#2017-08-09#,H,reporter's,1
#2017-08-09#,T,ny,1
#2017-08-09#,H,build,1
#2017-08-09#,T,instead,1
#2017-08-09#,H,transgender,1
#2017-08-09#,T,establishment,1
#2017-08-09#,H,trump's,1
#2017-08-09#,H,play,1
#2017-08-09#,T,continues,1
#2017-08-09#,T,nytimes,1
#2017-08-09#,H,sale,1
#2017-08-09#,T,get'em,1
#2017-08-09#,H,reach,1
#2017-08-09#,T,#firehannity,1
#2017-08-09#,H,immigration,1
#2017-08-09#,H,react,1
#2017-08-09#,H,tries,1
#2017-08-09#,H,tack,1
#2017-08-09#,T,senator,1
#2017-08-09#,T,president,1
#2017-08-09#,T,america,1
#2017-08-09#,T,times,1
#2017-08-09#,T,picture,1
#2017-08-09#,H,amid,1
#2017-08-09#,H,professor,1
#2017-08-09#,T,teams,1
#2017-08-09#,T,cover,1
#2017-08-09#,T,wolfenspride,1
#2017-08-09#,T,#trumpsarmy,1
#2017-08-09#,H,netflix,1
#2017-08-09#,T,contact,1
#2017-08-09#,H,tech,1
#2017-08-09#,H,comes,1
#2017-08-09#,H,pay,1
#2017-08-09#,T,claims,1
#2017-08-09#,T,#maga,1
#2017-08-09#,T,lying,1
#2017-08-09#,H,left,1
#2017-08-10#,H,summer,1
#2017-08-10#,H,golf,1
#2017-08-10#,H,resistance,1
#2017-08-10#,H,murray,1
#2017-08-10#,T,hawaii,1
#2017-08-10#,T,https://t.co/hxmkzbmgms,1
#2017-08-10#,T,won't,1
#2017-08-10#,H,democrats,1
#2017-08-10#,T,questions,1
#2017-08-10#,H,campbell,1
#2017-08-10#,T,headlines,1
#2017-08-10#,H,mayor,1
#2017-08-10#,T,#trump,1
#2017-08-10#,H,glen,1
#2017-08-10#,T,la,1
#2017-08-10#,H,rose,1
#2017-08-10#,H,fix,1
#2017-08-10#,H,mcconnell,1
#2017-08-10#,T,#wednesdaywisdom,1
#2017-08-10#,H,black,1
#2017-08-10#,H,refugee,1
#2017-08-10#,H,sorry,1
#2017-08-10#,H,save,1
#2017-08-10#,H,puzzle,1
#2017-08-10#,T,fakenews,1
#2017-08-10#,T,happened,1
#2017-08-10#,H,real,1
#2017-08-10#,H,woman,1
#2017-08-10#,T,di,1
#2017-08-10#,H,crumbling,1
#2017-08-10#,H,toll,1
#2017-08-10#,T,stop,1
#2017-08-10#,H,game,1
#2017-08-10#,H,therapy,1
#2017-08-10#,T,#northkorea,2
#2017-08-10#,H,confederate,1
#2017-08-10#,B,report,3
#2017-08-10#,H,world,1
#2017-08-10#,T,marcellofoa,1
#2017-08-10#,H,killed,1
#2017-08-10#,H,lost,1
#2017-08-10#,H,level,1
#2017-08-10#,H,subways,1
#2017-08-10#,H,morning,1
#2017-08-10#,T,#nuclearwar,1
#2017-08-10#,T,journalist,1
#2017-08-10#,T,polling,1
#2017-08-10#,H,night,1
#2017-08-10#,T,found,1
#2017-08-10#,T,economy,1
#2017-08-10#,T,mean,1
#2017-08-10#,H,upper,1
#2017-08-10#,H,google,1
#2017-08-10#,T,#25thamendmentnow,1
#2017-08-10#,H,deal,1
#2017-08-10#,T,exposed,1
#2017-08-10#,B,house,2
#2017-08-10#,T,#trumpageddon,1
#2017-08-10#,T,foxnews,1
#2017-08-10#,H,fixer,1
#2017-08-10#,T,#nra,1
#2017-08-10#,H,culture,1
#2017-08-10#,H,seesaw,1
#2017-08-10#,T,growth,1
#2017-08-10#,H,election,1
#2017-08-10#,H,sea,1
#2017-08-10#,T,et,1
#2017-08-10#,T,rt,3
#2017-08-10#,H,nuclear,1
#2017-08-10#,T,fox,1
#2017-08-10#,T,newsweek,1
#2017-08-10#,T,current,1
#2017-08-10#,T,#theresistance,1
#2017-08-10#,H,bruni,1
#2017-08-10#,T,#altright,1
#2017-08-10#,T,cnn,2
#2017-08-10#,H,millions,1
#2017-08-10#,T,told,1
#2017-08-10#,B,korea,4
#2017-08-10#,T,truth,2
#2017-08-10#,H,attention,1
#2017-08-10#,T,benfrancis,1
#2017-08-10#,T,#danaloesch,1
#2017-08-10#,T,answers,1
#2017-08-10#,H,mayoral,1
#2017-08-10#,T,broken,1
#2017-08-10#,B,job,2
#2017-08-10#,B,york,2
#2017-08-10#,H,rent,1
#2017-08-10#,T,news,2
#2017-08-10#,T,nytimes,1
#2017-08-10#,H,card,1
#2017-08-10#,T,blame,1
#2017-08-10#,H,climate,1
#2017-08-10#,H,kids,1
#2017-08-10#,T,#impeachtrump,1
#2017-08-10#,H,netflix,1
#2017-08-10#,H,study,1
#2017-08-10#,B,times,2
#2017-08-10#,H,silicon,1
#2017-08-10#,T,american,2
#2017-08-10#,H,slams,1
#2017-08-10#,T,#trumprussia,2
#2017-08-10#,H,threat,1
#2017-08-10#,T,bunker,1
#2017-08-10#,H,star,1
#2017-08-10#,H,nerve,1
#2017-08-10#,T,own,1
#2017-08-10#,T,clinton,1
#2017-08-10#,H,guam,1
#2017-08-10#,H,arsenal,1
#2017-08-10#,T,kwilli,1
#2017-08-10#,H,son,1
#2017-08-10#,T,lies,1
#2017-08-10#,H,trump's,1
#2017-08-10#,T,#msm,1
#2017-08-10#,T,fake,2
#2017-08-10#,H,vote,1
#2017-08-10#,T,liberal,1
#2017-08-10#,T,trust,3
#2017-08-10#,T,armed,1
#2017-08-10#,T,unprecedented,1
#2017-08-10#,H,instagram,1
#2017-08-10#,H,takes,1
#2017-08-10#,H,district,1
#2017-08-10#,T,support,1
#2017-08-10#,T,msm,1
#2017-08-10#,H,world's,1
#2017-08-10#,T,#resist,1
#2017-08-10#,H,fury,1
#2017-08-10#,H,live,1
#2017-08-10#,H,doubt,1
#2017-08-10#,H,music,1
#2017-08-10#,T,white,1
#2017-08-10#,H,valley,1
#2017-08-10#,T,tell,1
#2017-08-10#,T,recovered,1
#2017-08-10#,T,donnawr,1
#2017-08-10#,H,mike,1
#2017-08-10#,H,families,1
#2017-08-10#,H,fire,1
#2017-08-10#,H,academy,1
#2017-08-10#,H,memo,1
#2017-08-10#,T,trumpsblonde,1
#2017-08-10#,H,search,1
#2017-08-10#,H,strikes,1
#2017-08-10#,H,gain,1
#2017-08-10#,T,trolls,1
#2017-08-10#,T,realdonaldtrump,2
#2017-08-10#,H,pain,1
#2017-08-10#,T,obama,1
#2017-08-10#,H,homes,1
#2017-08-10#,H,opioids,1
#2017-08-10#,H,edition,1
#2017-08-10#,H,inside,1
#2017-08-10#,B,bill,2
#2017-08-10#,T,donald,1
#2017-08-10#,B,war,3
#2017-08-10#,H,editorial,1
#2017-08-10#,H,briefing,1
#2017-08-10#,T,situation,1
#2017-08-10#,H,voice,1
#2017-08-10#,T,potus,1
#2017-08-10#,H,russia,1
#2017-08-10#,T,#draintheswamp,1
#2017-08-10#,T,il,1
#2017-08-10#,T,#maga,1
#2017-08-10#,B,trump,5
#2017-08-10#,T,eissolomon,1
#2017-08-10#,T,didn't,1
#2017-08-10#,T,taking,1
#2017-08-10#,H,home,1
#2017-08-10#,H,kenya,1
#2017-08-10#,T,#fakenews,1
#2017-08-10#,H,autism,1
#2017-08-10#,T,zimmaga,1
#2017-08-10#,H,u.s,1
#2017-08-10#,T,media,2
#2017-08-10#,H,tapper,1
#2017-08-10#,T,kelliwardaz,1
#2017-08-10#,T,vacation,1
#2017-08-10#,H,douthat,1
#2017-08-10#,H,conflict,1
#2017-08-10#,H,restaurant,1
#2017-08-10#,H,mueller,1
#2017-08-10#,H,play,1
#2017-08-10#,T,raid,1
#2017-08-10#,H,opposite,1
#2017-08-10#,T,reporting,1
#2017-08-10#,H,wars,1
#2017-08-10#,T,americanvoterus,1
#2017-08-10#,T,#hannity,1
#2017-08-10#,H,kim,1
#2017-08-10#,T,coming,1
#2017-08-10#,T,president,1
#2017-08-10#,H,america,1
#2017-08-10#,T,ago,1
#2017-08-10#,H,land,1
#2017-08-10#,H,faster,1
#2017-08-10#,H,calls,1
#2017-08-10#,H,casts,1
#2017-08-10#,T,bugs,1
#2017-08-10#,T,#trumpsarmy,1
#2017-08-10#,T,grande,1
#2017-08-10#,T,#thelyingpress,1
#2017-08-10#,H,time,1
#2017-08-10#,B,north,3
#2017-08-10#,H,claims,1
#2017-08-10#,H,talk,1
#2017-08-11#,T,peace,1
#2017-08-11#,H,golf,1
#2017-08-11#,H,letterman,1
#2017-08-11#,H,v.a,1
#2017-08-11#,T,https://t.co/n3o8nekfvz,1
#2017-08-11#,T,photo,1
#2017-08-11#,T,rhinos,1
#2017-08-11#,H,flies,1
#2017-08-11#,H,front,1
#2017-08-11#,H,london,1
#2017-08-11#,B,democrats,2
#2017-08-11#,B,questions,2
#2017-08-11#,H,hell,1
#2017-08-11#,T,paul,1
#2017-08-11#,T,#trump,1
#2017-08-11#,T,voter,1
#2017-08-11#,H,hunting,1
#2017-08-11#,T,la,1
#2017-08-11#,H,tv,1
#2017-08-11#,T,degoyable,1
#2017-08-11#,T,storms,1
#2017-08-11#,T,#wednesdaywisdom,1
#2017-08-11#,T,msnbc,1
#2017-08-11#,H,save,1
#2017-08-11#,T,fakenews,1
#2017-08-11#,T,real,1
#2017-08-11#,H,risk,1
#2017-08-11#,H,manafort,1
#2017-08-11#,T,weathers,1
#2017-08-11#,H,food,1
#2017-08-11#,T,c1imatehoax,1
#2017-08-11#,H,game,1
#2017-08-11#,H,migrants,1
#2017-08-11#,T,sues,1
#2017-08-11#,H,tax,1
#2017-08-11#,T,subscribers,1
#2017-08-11#,H,confederate,1
#2017-08-11#,H,judge,1
#2017-08-11#,T,world,1
#2017-08-11#,H,shadow,1
#2017-08-11#,T,https://t.co/ep4rd0uffc,1
#2017-08-11#,H,bring,1
#2017-08-11#,H,breed,1
#2017-08-11#,H,gum,1
#2017-08-11#,H,morning,1
#2017-08-11#,T,yashar,1
#2017-08-11#,H,saudi,1
#2017-08-11#,T,truth,1
#2017-08-11#,H,ban,1
#2017-08-11#,T,won't,1
#2017-08-11#,H,opioid,1
#2017-08-11#,H,google,1
#2017-08-11#,H,instagram,1
#2017-08-11#,H,deal,1
#2017-08-11#,T,exposed,1
#2017-08-11#,H,house,1
#2017-08-11#,T,foxnews,2
#2017-08-11#,T,realdonaldtrump,4
#2017-08-11#,T,#nra,1
#2017-08-11#,H,edition,1
#2017-08-11#,T,donald,1
#2017-08-11#,H,books,1
#2017-08-11#,H,gauguin,1
#2017-08-11#,H,home,1
#2017-08-11#,T,loses,1
#2017-08-11#,H,majorca,1
#2017-08-11#,T,headlines,1
#2017-08-11#,H,monster,1
#2017-08-11#,T,rt,4
#2017-08-11#,T,trust,2
#2017-08-11#,H,tensions,1
#2017-08-11#,H,review,1
#2017-08-11#,T,fox,1
#2017-08-11#,H,asia,1
#2017-08-11#,T,journalist,1
#2017-08-11#,T,current,1
#2017-08-11#,H,genius,1
#2017-08-11#,H,health,1
#2017-08-11#,T,#msm,1
#2017-08-11#,T,cnn,1
#2017-08-11#,H,probably,1
#2017-08-11#,T,told,1
#2017-08-11#,H,europe,1
#2017-08-11#,H,fight,1
#2017-08-11#,B,korea,3
#2017-08-11#,T,allegation,1
#2017-08-11#,H,city,1
#2017-08-11#,H,alt-right,1
#2017-08-11#,H,free,1
#2017-08-11#,T,admits,1
#2017-08-11#,T,host,1
#2017-08-11#,H,california,1
#2017-08-11#,B,york,2
#2017-08-11#,T,news,1
#2017-08-11#,H,users,1
#2017-08-11#,H,swift,1
#2017-08-11#,H,david,1
#2017-08-11#,T,blame,1
#2017-08-11#,T,covfefe4us,1
#2017-08-11#,H,d.c,1
#2017-08-11#,H,netflix,1
#2017-08-11#,H,island,1
#2017-08-11#,T,job,1
#2017-08-11#,B,times,2
#2017-08-11#,H,silicon,1
#2017-08-11#,H,trial,1
#2017-08-11#,T,american,3
#2017-08-11#,H,edges,1
#2017-08-11#,T,harlan,1
#2017-08-11#,H,threat,1
#2017-08-11#,H,military,1
#2017-08-11#,H,teenage,1
#2017-08-11#,T,own,1
#2017-08-11#,T,clinton,1
#2017-08-11#,H,kim,1
#2017-08-11#,H,russia,1
#2017-08-11#,H,wall,1
#2017-08-11#,H,guam,1
#2017-08-11#,T,coming,1
#2017-08-11#,T,mccain,1
#2017-08-11#,T,americans,1
#2017-08-11#,T,fake,1
#2017-08-11#,H,pregnancy,1
#2017-08-11#,T,poll,1
#2017-08-11#,T,lewd,1
#2017-08-11#,H,superbugs,1
#2017-08-11#,H,ole,1
#2017-08-11#,H,late,1
#2017-08-11#,H,west,1
#2017-08-11#,T,support,1
#2017-08-11#,T,constantly,1
#2017-08-11#,H,world's,1
#2017-08-11#,H,strategy,1
#2017-08-11#,H,attack,1
#2017-08-11#,T,tell,3
#2017-08-11#,H,white,1
#2017-08-11#,H,valley,1
#2017-08-11#,B,war,2
#2017-08-11#,T,donnawr,1
#2017-08-11#,H,eyes,1
#2017-08-11#,B,north,3
#2017-08-11#,H,fire,1
#2017-08-11#,H,bus,1
#2017-08-11#,H,memo,1
#2017-08-11#,T,netanyahu,1
#2017-08-11#,H,russian,1
#2017-08-11#,T,trolls,1
#2017-08-11#,T,copy,1
#2017-08-11#,T,here's,1
#2017-08-11#,H,homes,1
#2017-08-11#,T,fraud,1
#2017-08-11#,T,bill,1
#2017-08-11#,T,air,1
#2017-08-11#,H,near,1
#2017-08-11#,T,pre-order,1
#2017-08-11#,T,a_4us,1
#2017-08-11#,H,briefing,1
#2017-08-11#,T,situation,1
#2017-08-11#,H,india,1
#2017-08-11#,T,potus,1
#2017-08-11#,T,propaganda,1
#2017-08-11#,H,taylor,1
#2017-08-11#,B,trump,5
#2017-08-11#,T,eissolomon,1
#2017-08-11#,H,recommendation,1
#2017-08-11#,T,share,1
#2017-08-11#,H,missiles,1
#2017-08-11#,H,vs,1
#2017-08-11#,T,exist,1
#2017-08-11#,H,seattle,1
#2017-08-11#,T,graham,1
#2017-08-11#,T,polling,1
#2017-08-11#,H,groping,1
#2017-08-11#,T,#danaloesch,1
#2017-08-11#,H,u.s,1
#2017-08-11#,T,realalexjones,1
#2017-08-11#,T,resist_libs,1
#2017-08-11#,H,choking,1
#2017-08-11#,T,media,1
#2017-08-11#,T,government,1
#2017-08-11#,T,kelliwardaz,2
#2017-08-11#,T,eric,1
#2017-08-11#,T,answers,1
#2017-08-11#,T,majority,1
#2017-08-11#,T,report,1
#2017-08-11#,T,survey,1
#2017-08-11#,H,transgender,1
#2017-08-11#,T,panic,1
#2017-08-11#,T,jrcheneyjohn,1
#2017-08-11#,H,trump's,1
#2017-08-11#,H,putin,1
#2017-08-11#,T,nytimes,1
#2017-08-11#,H,plans,1
#2017-08-11#,T,bolling,1
#2017-08-11#,T,trumpiteer,1
#2017-08-11#,H,react,1
#2017-08-11#,T,americanvoterus,2
#2017-08-11#,H,director,1
#2017-08-11#,H,letter,1
#2017-08-11#,H,islands,1
#2017-08-11#,H,president,1
#2017-08-11#,T,kyle63az,1
#2017-08-11#,H,smoke,1
#2017-08-11#,H,programs,1
#2017-08-11#,H,light,1
#2017-08-11#,H,medical,1
#2017-08-11#,H,miss,1
#2017-08-11#,T,#trumpsarmy,1
#2017-08-11#,T,didn't,1
#2017-08-11#,H,chief,1
#2017-08-11#,T,#thelyingpress,1
#2017-08-11#,H,time,1
#2017-08-11#,H,opinion,1
#2017-08-12#,T,opinions,1
#2017-08-12#,H,acts,1
#2017-08-12#,H,bomb,1
#2017-08-12#,T,shoes,1
#2017-08-12#,T,neckdeepuk,1
#2017-08-12#,T,fakenews,1
#2017-08-12#,T,#fridayfeeling,1
#2017-08-12#,H,course,1
#2017-08-12#,H,kalanick,1
#2017-08-12#,T,democrats,1
#2017-08-12#,H,woody,1
#2017-08-12#,T,headlines,1
#2017-08-12#,H,begets,1
#2017-08-12#,T,#trump,1
#2017-08-12#,H,police,1
#2017-08-12#,H,hunting,1
#2017-08-12#,T,la,1
#2017-08-12#,T,officially,1
#2017-08-12#,H,hope,1
#2017-08-12#,T,storms,1
#2017-08-12#,H,mcconnell,1
#2017-08-12#,H,board,1
#2017-08-12#,H,employee,1
#2017-08-12#,T,msnbc,1
#2017-08-12#,H,pichai,1
#2017-08-12#,H,puzzle,1
#2017-08-12#,T,elites,1
#2017-08-12#,H,happened,1
#2017-08-12#,H,dad,1
#2017-08-12#,H,policing,1
#2017-08-12#,H,food,1
#2017-08-12#,T,de,2
#2017-08-12#,H,game,1
#2017-08-12#,H,sues,1
#2017-08-12#,T,subscribers,1
#2017-08-12#,H,sundar,1
#2017-08-12#,T,world,1
#2017-08-12#,T,we'll,1
#2017-08-12#,H,gender,1
#2017-08-12#,T,trumpers,1
#2017-08-12#,H,morning,1
#2017-08-12#,T,polling,1
#2017-08-12#,T,die,1
#2017-08-12#,H,river,1
#2017-08-12#,T,davidmweissman,1
#2017-08-12#,H,google,1
#2017-08-12#,T,stacylstiles,1
#2017-08-12#,T,fired,1
#2017-08-12#,H,deal,1
#2017-08-12#,T,realjeffreylord,1
#2017-08-12#,H,house,1
#2017-08-12#,H,twitter,1
#2017-08-12#,H,hard,1
#2017-08-12#,T,foxnews,1
#2017-08-12#,H,dead,1
#2017-08-12#,T,realdonaldtrump,3
#2017-08-12#,H,achieves,1
#2017-08-12#,H,edition,1
#2017-08-12#,T,fires,1
#2017-08-12#,H,books,1
#2017-08-12#,H,election,1
#2017-08-12#,T,nbc,1
#2017-08-12#,H,harassment,1
#2017-08-12#,T,loses,1
#2017-08-12#,T,paul,1
#2017-08-12#,T,rt,4
#2017-08-12#,T,afghanistan,1
#2017-08-12#,T,abc,1
#2017-08-12#,T,network,1
#2017-08-12#,H,nuclear,1
#2017-08-12#,H,review,1
#2017-08-12#,H,cancels,1
#2017-08-12#,T,weapons,1
#2017-08-12#,T,seriously,1
#2017-08-12#,H,health,1
#2017-08-12#,T,cnn,3
#2017-08-12#,H,venezuela,1
#2017-08-12#,H,email,1
#2017-08-12#,T,told,1
#2017-08-12#,T,shujarabbani,1
#2017-08-12#,B,korea,3
#2017-08-12#,T,truth,1
#2017-08-12#,H,missing,1
#2017-08-12#,T,the_trump_train,1
#2017-08-12#,T,hefty,1
#2017-08-12#,H,brooks,1
#2017-08-12#,H,hours,1
#2017-08-12#,H,briefing,1
#2017-08-12#,T,les,1
#2017-08-12#,H,california,1
#2017-08-12#,T,wear,1
#2017-08-12#,H,key,1
#2017-08-12#,T,news,1
#2017-08-12#,H,swift,1
#2017-08-12#,H,teacher,1
#2017-08-12#,H,change,1
#2017-08-12#,H,climate,1
#2017-08-12#,H,harrelson,1
#2017-08-12#,T,poltoons,1
#2017-08-12#,T,he's,1
#2017-08-12#,T,united,1
#2017-08-12#,H,david,1
#2017-08-12#,H,drama,1
#2017-08-12#,T,harlan,1
#2017-08-12#,T,une,1
#2017-08-12#,H,threat,1
#2017-08-12#,H,china,1
#2017-08-12#,T,create,1
#2017-08-12#,H,south,1
#2017-08-12#,T,russia,1
#2017-08-12#,H,guam,2
#2017-08-12#,B,washington,2
#2017-08-12#,T,mccain,1
#2017-08-12#,H,c.e.o,1
#2017-08-12#,H,trump's,1
#2017-08-12#,T,carrieksada,1
#2017-08-12#,H,lowly,1
#2017-08-12#,T,fake,1
#2017-08-12#,T,polnewsforever,1
#2017-08-12#,H,city,1
#2017-08-12#,T,story,1
#2017-08-12#,T,lawsuit,1
#2017-08-12#,T,support,1
#2017-08-12#,T,constantly,1
#2017-08-12#,T,political,1
#2017-08-12#,H,world's,1
#2017-08-12#,H,fight,1
#2017-08-12#,H,clinton's,1
#2017-08-12#,H,stuck,1
#2017-08-12#,T,msm,1
#2017-08-12#,T,infected,1
#2017-08-12#,T,tell,1
#2017-08-12#,H,lot,1
#2017-08-12#,T,derangement,1
#2017-08-12#,H,strike,1
#2017-08-12#,T,#dabonthehaters,1
#2017-08-12#,H,military,1
#2017-08-12#,H,meeting,1
#2017-08-12#,B,war,2
#2017-08-12#,T,media,1
#2017-08-12#,T,washingtonpost,1
#2017-08-12#,B,north,2
#2017-08-12#,T,journalists,1
#2017-08-12#,H,india,1
#2017-08-12#,H,pastor,1
#2017-08-12#,H,missile,1
#2017-08-12#,H,glass,1
#2017-08-12#,H,risks,1
#2017-08-12#,T,copy,1
#2017-08-12#,T,women,1
#2017-08-12#,T,#cutthecable,1
#2017-08-12#,T,wasn't,1
#2017-08-12#,H,car,1
#2017-08-12#,H,korea's,1
#2017-08-12#,T,air,1
#2017-08-12#,T,slander,1
#2017-08-12#,H,trilobites,1
#2017-08-12#,T,pre-order,1
#2017-08-12#,H,editorial,2
#2017-08-12#,H,wild,1
#2017-08-12#,T,unamerican,1
#2017-08-12#,T,#medialiesmatter,1
#2017-08-12#,T,potus,1
#2017-08-12#,T,propaganda,1
#2017-08-12#,H,crazy,1
#2017-08-12#,H,taylor,1
#2017-08-12#,T,globalists,1
#2017-08-12#,B,trump,4
#2017-08-12#,H,fury,1
#2017-08-12#,H,correction,1
#2017-08-12#,T,didn't,1
#2017-08-12#,T,cbs,1
#2017-08-12#,H,britain,1
#2017-08-12#,T,jake,1
#2017-08-12#,H,sentences,1
#2017-08-12#,H,breakfast,1
#2017-08-12#,B,times,3
#2017-08-12#,T,graham,1
#2017-08-12#,T,journalism,1
#2017-08-12#,H,u.s,2
#2017-08-12#,T,syndrome,1
#2017-08-12#,T,#fakenews,1
#2017-08-12#,T,peace,1
#2017-08-12#,H,fears,1
#2017-08-12#,T,beat,1
#2017-08-12#,H,book,1
#2017-08-12#,T,sick,1
#2017-08-12#,H,alienating,1
#2017-08-12#,T,leftists,1
#2017-08-12#,H,elliott,1
#2017-08-12#,H,attack,1
#2017-08-12#,T,panic,1
#2017-08-12#,H,roll,1
#2017-08-12#,H,economy,1
#2017-08-12#,H,week,1
#2017-08-12#,T,badly,1
#2017-08-12#,H,play,1
#2017-08-12#,T,nytimes,1
#2017-08-12#,T,christiec,1
#2017-08-12#,H,students,1
#2017-08-12#,T,jrcheneyjohn,1
#2017-08-12#,T,sided,1
#2017-08-12#,T,time,1
#2017-08-12#,H,resign,1
#2017-08-12#,H,stay,1
#2017-08-12#,T,americanvoterus,1
#2017-08-12#,H,kim,1
#2017-08-12#,H,opinion,1
#2017-08-12#,B,president,2
#2017-08-12#,H,ally,1
#2017-08-12#,T,#defendeurope,1
#2017-08-12#,T,rodstryker,1
#2017-08-12#,H,posts,1
#2017-08-12#,H,gap,1
#2017-08-12#,H,bodies,1
#2017-08-12#,H,buttered,1
#2017-08-12#,H,redux,1
#2017-08-12#,T,talk,1
#2017-08-13#,T,saying,1
#2017-08-13#,H,golf,1
#2017-08-13#,H,help,2
#2017-08-13#,H,move,1
#2017-08-13#,T,won't,1
#2017-08-13#,T,thanks,1
#2017-08-13#,H,misconduct,1
#2017-08-13#,H,begets,1
#2017-08-13#,H,buttered,1
#2017-08-13#,T,cut,1
#2017-08-13#,H,police,1
#2017-08-13#,T,he's,1
#2017-08-13#,H,crime,1
#2017-08-13#,T,#standwithnetanyahu,1
#2017-08-13#,H,swap,1
#2017-08-13#,H,charlottesville,1
#2017-08-13#,H,tweets,1
#2017-08-13#,H,silicon,1
#2017-08-13#,T,fakenews,1
#2017-08-13#,H,happened,1
#2017-08-13#,H,pay,1
#2017-08-13#,H,race,1
#2017-08-13#,H,return,1
#2017-08-13#,H,myth,1
#2017-08-13#,H,grill,1
#2017-08-13#,H,food,1
#2017-08-13#,T,de,1
#2017-08-13#,H,watch,1
#2017-08-13#,H,virginia,1
#2017-08-13#,T,care,1
#2017-08-13#,H,mom,1
#2017-08-13#,H,confederate,1
#2017-08-13#,T,disappointed,1
#2017-08-13#,H,developments,1
#2017-08-13#,H,cool,1
#2017-08-13#,H,reining,1
#2017-08-13#,T,occasions,1
#2017-08-13#,T,hunt,1
#2017-08-13#,T,parasite,1
#2017-08-13#,H,bad,1
#2017-08-13#,T,continue,1
#2017-08-13#,T,polnewsforever,1
#2017-08-13#,T,poltoons,1
#2017-08-13#,H,declared,1
#2017-08-13#,T,polls,1
#2017-08-13#,H,instagram,1
#2017-08-13#,H,deal,1
#2017-08-13#,H,trump's,1
#2017-08-13#,H,house,1
#2017-08-13#,T,nut,1
#2017-08-13#,H,hard,1
#2017-08-13#,T,foxnews,1
#2017-08-13#,H,aide,1
#2017-08-13#,H,edition,1
#2017-08-13#,B,donald,2
#2017-08-13#,T,infiltrated,1
#2017-08-13#,H,election,1
#2017-08-13#,T,dear,1
#2017-08-13#,H,morning,1
#2017-08-13#,T,bomb,1
#2017-08-13#,H,victor,1
#2017-08-13#,T,rt,3
#2017-08-13#,T,neo,1
#2017-08-13#,T,abc,1
#2017-08-13#,H,threats,1
#2017-08-13#,H,reopens,1
#2017-08-13#,H,review,1
#2017-08-13#,H,cameras,1
#2017-08-13#,T,fox,1
#2017-08-13#,H,genius,1
#2017-08-13#,T,version,1
#2017-08-13#,T,cnn,1
#2017-08-13#,H,collins,1
#2017-08-13#,H,venezuela,1
#2017-08-13#,H,body,1
#2017-08-13#,T,disavowed,1
#2017-08-13#,T,https://t.co/hfszjtvurg,1
#2017-08-13#,B,korea,2
#2017-08-13#,T,eating,1
#2017-08-13#,T,dirt,1
#2017-08-13#,T,march,1
#2017-08-13#,H,syria,1
#2017-08-13#,T,little,1
#2017-08-13#,H,hours,1
#2017-08-13#,T,criticizing,1
#2017-08-13#,T,reason,1
#2017-08-13#,T,les,1
#2017-08-13#,T,witch,1
#2017-08-13#,H,york,1
#2017-08-13#,H,conservatives,1
#2017-08-13#,T,news,2
#2017-08-13#,H,stay,1
#2017-08-13#,H,swift,1
#2017-08-13#,H,kitchen,1
#2017-08-13#,T,#medialiesmatter,1
#2017-08-13#,T,mitchellvii,1
#2017-08-13#,H,attacks,1
#2017-08-13#,H,island,1
#2017-08-13#,T,sparklesoup,1
#2017-08-13#,T,la,1
#2017-08-13#,T,russia,1
#2017-08-13#,T,whiny,1
#2017-08-13#,H,briefing,1
#2017-08-13#,H,involving,1
#2017-08-13#,T,une,1
#2017-08-13#,H,china,1
#2017-08-13#,T,#russiaprobe,1
#2017-08-13#,H,comment,1
#2017-08-13#,T,duke,1
#2017-08-13#,H,own,1
#2017-08-13#,H,tough,1
#2017-08-13#,H,kim,1
#2017-08-13#,H,cancer,1
#2017-08-13#,H,guam,1
#2017-08-13#,T,kwilli,1
#2017-08-13#,H,loner,1
#2017-08-13#,H,commuters,1
#2017-08-13#,T,#antifa,1
#2017-08-13#,T,#msm,1
#2017-08-13#,H,lowly,1
#2017-08-13#,T,fake,2
#2017-08-13#,H,pulls,1
#2017-08-13#,T,#charlottesville,1
#2017-08-13#,H,crisis,1
#2017-08-13#,B,trump,4
#2017-08-13#,H,city,1
#2017-08-13#,T,story,1
#2017-08-13#,T,crap,1
#2017-08-13#,T,usa,1
#2017-08-13#,T,defendeuropeid,1
#2017-08-13#,T,question,1
#2017-08-13#,T,attack,1
#2017-08-13#,H,cannibal,1
#2017-08-13#,T,los,1
#2017-08-13#,T,msm,1
#2017-08-13#,T,infected,1
#2017-08-13#,T,n.korea,1
#2017-08-13#,T,derangement,1
#2017-08-13#,B,white,2
#2017-08-13#,H,valley,1
#2017-08-13#,T,war,1
#2017-08-13#,H,damaging,1
#2017-08-13#,T,pm,1
#2017-08-13#,T,washingtonpost,1
#2017-08-13#,B,north,2
#2017-08-13#,T,supporters,1
#2017-08-13#,H,india,1
#2017-08-13#,H,exactly,1
#2017-08-13#,T,israel,1
#2017-08-13#,H,shorty,1
#2017-08-13#,T,netanyahu,1
#2017-08-13#,T,specialkmb,1
#2017-08-13#,T,terror,1
#2017-08-13#,T,hillary,1
#2017-08-13#,T,realdonaldtrump,1
#2017-08-13#,T,obama,1
#2017-08-13#,H,play,1
#2017-08-13#,T,#cutthecable,1
#2017-08-13#,H,beach-spreading,1
#2017-08-13#,H,sanctions,1
#2017-08-13#,H,car,1
#2017-08-13#,T,bill,1
#2017-08-13#,H,board,1
#2017-08-13#,T,davidmweissman,1
#2017-08-13#,H,editorial,1
#2017-08-13#,T,dloesch,1
#2017-08-13#,H,wild,1
#2017-08-13#,T,voice,1
#2017-08-13#,T,potus,1
#2017-08-13#,T,propaganda,1
#2017-08-13#,T,#trumprussia,1
#2017-08-13#,T,repkathleenrice,1
#2017-08-13#,H,taylor,1
#2017-08-13#,T,globalists,1
#2017-08-13#,T,ad,1
#2017-08-13#,H,share,1
#2017-08-13#,H,eyes,1
#2017-08-13#,T,proven,1
#2017-08-13#,T,divisive,1
#2017-08-13#,H,conspiracy,1
#2017-08-13#,H,rally,1
#2017-08-13#,T,ready,1
#2017-08-13#,H,politics,1
#2017-08-13#,H,breakfast,1
#2017-08-13#,T,david,1
#2017-08-13#,T,#fakenews,1
#2017-08-13#,H,nerd,1
#2017-08-13#,H,drama,1
#2017-08-13#,T,americanvoterus,1
#2017-08-13#,T,realalexjones,1
#2017-08-13#,T,syndrome,1
#2017-08-13#,T,anymore,1
#2017-08-13#,T,media,1
#2017-08-13#,H,feature,1
#2017-08-13#,T,shorter,1
#2017-08-13#,H,hot,1
#2017-08-13#,H,inquiry,1
#2017-08-13#,H,split,1
#2017-08-13#,T,digging,1
#2017-08-13#,H,nyc,1
#2017-08-13#,T,=,1
#2017-08-13#,H,roll,1
#2017-08-13#,H,week,1
#2017-08-13#,T,badly,1
#2017-08-13#,H,leftist,1
#2017-08-13#,T,multiple,1
#2017-08-13#,H,users,1
#2017-08-13#,H,forced,1
#2017-08-13#,H,drink,1
#2017-08-13#,T,pretending,1
#2017-08-13#,H,protesters,1
#2017-08-13#,H,u.s,1
#2017-08-13#,T,georgiadirtroad,1
#2017-08-13#,H,opinion,1
#2017-08-13#,B,president,2
#2017-08-13#,H,weekend,1
#2017-08-13#,T,funnier,1
#2017-08-13#,T,#defendeurope,2
#2017-08-13#,H,short,1
#2017-08-13#,T,nazi,1
#2017-08-13#,H,photos,1
#2017-08-13#,T,medios,1
#2017-08-13#,H,kenyan,1
#2017-08-13#,T,time,1
#2017-08-13#,T,#maga,1
#2017-08-13#,H,redux,1
#2017-08-14#,H,called,1
#2017-08-14#,H,help,1
#2017-08-14#,H,pakistan,1
#2017-08-14#,H,defenders,1
#2017-08-14#,H,looks,1
#2017-08-14#,H,migrant,1
#2017-08-14#,H,earth,1
#2017-08-14#,T,bettybowers,1
#2017-08-14#,H,hate,1
#2017-08-14#,H,mayor,1
#2017-08-14#,H,begets,1
#2017-08-14#,H,bombing,1
#2017-08-14#,H,buttered,1
#2017-08-14#,H,suicide,1
#2017-08-14#,H,police,1
#2017-08-14#,H,clashes,1
#2017-08-14#,T,voted,2
#2017-08-14#,H,charlottesville,3
#2017-08-14#,T,terror,1
#2017-08-14#,T,msnbc,1
#2017-08-14#,H,guam,1
#2017-08-14#,H,hope,1
#2017-08-14#,B,happened,2
#2017-08-14#,T,real,1
#2017-08-14#,H,belarus,1
#2017-08-14#,H,crash,1
#2017-08-14#,H,drama,1
#2017-08-14#,H,food,1
#2017-08-14#,H,virginia,1
#2017-08-14#,T,#charlottsville,1
#2017-08-14#,H,balancing,1
#2017-08-14#,H,nationalists,1
#2017-08-14#,T,kkk,1
#2017-08-14#,T,report,1
#2017-08-14#,T,world,1
#2017-08-14#,H,tick,1
#2017-08-14#,H,killed,1
#2017-08-14#,H,developments,1
#2017-08-14#,T,wont,2
#2017-08-14#,T,alex,1
#2017-08-14#,T,sweetatertot,1
#2017-08-14#,T,james,2
#2017-08-14#,H,michael,1
#2017-08-14#,H,populist,1
#2017-08-14#,H,morning,1
#2017-08-14#,T,try,1
#2017-08-14#,T,skb_sara,1
#2017-08-14#,T,polling,1
#2017-08-14#,T,fields,2
#2017-08-14#,H,heyer,1
#2017-08-14#,T,bernie,2
#2017-08-14#,H,prevent,1
#2017-08-14#,T,gt;calls,1
#2017-08-14#,H,trump's,1
#2017-08-14#,H,house,1
#2017-08-14#,B,hard,2
#2017-08-14#,H,humans,1
#2017-08-14#,T,realdonaldtrump,2
#2017-08-14#,H,edition,1
#2017-08-14#,T,donald,1
#2017-08-14#,H,transplanting,1
#2017-08-14#,T,sparklesoup,1
#2017-08-14#,B,iran,2
#2017-08-14#,T,peter,1
#2017-08-14#,H,event,1
#2017-08-14#,T,#whitesupremacy,1
#2017-08-14#,H,threats,1
#2017-08-14#,T,nuclear,1
#2017-08-14#,H,review,1
#2017-08-14#,T,#russiarussiarussia,1
#2017-08-14#,T,fox,1
#2017-08-14#,H,chaos,1
#2017-08-14#,T,blm,1
#2017-08-14#,H,bruni,1
#2017-08-14#,T,bigot/racist,1
#2017-08-14#,T,cnn,2
#2017-08-14#,T,probably,1
#2017-08-14#,T,#trump,1
#2017-08-14#,H,pruitt,1
#2017-08-14#,T,rodstryker,1
#2017-08-14#,T,disavowed,1
#2017-08-14#,T,notice,1
#2017-08-14#,H,korea,1
#2017-08-14#,T,eating,1
#2017-08-14#,T,repstevensmith,1
#2017-08-14#,T,pushing,1
#2017-08-14#,T,jr,1
#2017-08-14#,H,hours,1
#2017-08-14#,H,briefing,1
#2017-08-14#,T,cut,1
#2017-08-14#,H,china,1
#2017-08-14#,B,news,2
#2017-08-14#,T,rt,1
#2017-08-14#,H,lawsuit,1
#2017-08-14#,T,#cnn,1
#2017-08-14#,H,change,1
#2017-08-14#,H,kitchen,1
#2017-08-14#,H,climate,1
#2017-08-14#,H,pundit,1
#2017-08-14#,T,violence,1
#2017-08-14#,T,funded,1
#2017-08-14#,T,david,1
#2017-08-14#,H,silicon,1
#2017-08-14#,T,americanvoterus,1
#2017-08-14#,H,act,1
#2017-08-14#,H,isis,1
#2017-08-14#,H,efforts,1
#2017-08-14#,H,gene,1
#2017-08-14#,T,angry,1
#2017-08-14#,T,duke,1
#2017-08-14#,H,teenage,1
#2017-08-14#,H,own,1
#2017-08-14#,H,cancer,1
#2017-08-14#,H,e.p.a,1
#2017-08-14#,H,puzzle,1
#2017-08-14#,H,son,1
#2017-08-14#,T,lies,1
#2017-08-14#,T,#antifa,1
#2017-08-14#,T,tell,2
#2017-08-14#,H,lowly,1
#2017-08-14#,T,fake,2
#2017-08-14#,H,pregnancy,1
#2017-08-14#,T,liberal,1
#2017-08-14#,T,tamaraleighllc,1
#2017-08-14#,H,city,1
#2017-08-14#,T,little,1
#2017-08-14#,T,crap,1
#2017-08-14#,T,pt,1
#2017-08-14#,T,condemned,1
#2017-08-14#,T,support,1
#2017-08-14#,B,attack,2
#2017-08-14#,H,quiz,1
#2017-08-14#,T,liberals,1
#2017-08-14#,H,wobbly,1
#2017-08-14#,B,white,4
#2017-08-14#,H,valley,1
#2017-08-14#,T,war,1
#2017-08-14#,T,bocavista,1
#2017-08-14#,T,firm,1
#2017-08-14#,H,showdown,1
#2017-08-14#,H,north,1
#2017-08-14#,T,supporters,1
#2017-08-14#,T,https://t.co/c6bole53q,1
#2017-08-14#,T,#blm,1
#2017-08-14#,H,photos,1
#2017-08-14#,T,hillary,1
#2017-08-14#,H,editing,1
#2017-08-14#,T,cvjetanovic,1
#2017-08-14#,T,obama,1
#2017-08-14#,T,counter-protesters,1
#2017-08-14#,T,divisive,1
#2017-08-14#,H,car,2
#2017-08-14#,T,align,1
#2017-08-14#,T,polls,1
#2017-08-14#,T,harder,1
#2017-08-14#,H,final,1
#2017-08-14#,T,fakenews,1
#2017-08-14#,H,wild,1
#2017-08-14#,H,bigotocracy,1
#2017-08-14#,T,potus,1
#2017-08-14#,T,propaganda,1
#2017-08-14#,H,spurs,1
#2017-08-14#,T,#trumptrain,1
#2017-08-14#,T,#maga,1
#2017-08-14#,B,trump,5
#2017-08-14#,T,supremacist,1
#2017-08-14#,T,didn't,1
#2017-08-14#,H,pig,1
#2017-08-14#,T,rips,1
#2017-08-14#,T,talking,1
#2017-08-14#,T,dems,1
#2017-08-14#,H,rally,1
#2017-08-14#,H,breakfast,1
#2017-08-14#,T,#fakenews,2
#2017-08-14#,H,nerd,1
#2017-08-14#,T,whiny,1
#2017-08-14#,T,thejusticedept,1
#2017-08-14#,H,heather,1
#2017-08-14#,H,pay,1
#2017-08-14#,H,feature,1
#2017-08-14#,T,check,1
#2017-08-14#,H,deadly,1
#2017-08-14#,H,split,1
#2017-08-14#,H,eclipse,1
#2017-08-14#,T,=,1
#2017-08-14#,H,grows,1
#2017-08-14#,H,week,1
#2017-08-14#,T,picture,1
#2017-08-14#,H,play,1
#2017-08-14#,T,multiple,1
#2017-08-14#,T,mess,1
#2017-08-14#,T,narrative,1
#2017-08-14#,H,dinosaurs,1
#2017-08-14#,H,assault,1
#2017-08-14#,H,missiles,1
#2017-08-14#,H,remarks,1
#2017-08-14#,T,president,1
#2017-08-14#,T,#sundayreads,1
#2017-08-14#,H,supremacists,1
#2017-08-14#,H,weekend,1
#2017-08-14#,T,fake_name,1
#2017-08-14#,H,died,1
#2017-08-14#,H,redux,1
#2017-08-14#,H,center,1
#2017-08-14#,T,calls,1
#2017-08-14#,T,occasions,1
#2017-08-14#,H,roll,1
#2017-08-14#,H,amid,1
#2017-08-14#,H,organs,1
#2017-08-14#,H,agenda,1
#2017-08-14#,T,media,1
#2017-08-14#,H,claims,1
#2017-08-14#,H,russia-west,1
#2017-08-14#,T,parasite,1
#2017-08-14#,T,left,1
