#2017-08-04#,H,1,system,8
#2017-08-04#,H,1,u.s,8
#2017-08-04#,H,1,immigration,9
#2017-08-04#,H,1,running,8
#2017-08-04#,H,1,effective,8
#2017-08-04#,H,1,fast,8
#2017-08-04#,H,1,antibiotics,8
#2017-08-04#,H,1,congress,8
#2017-08-04#,H,1,trump,10
#2017-08-04#,H,1,asteroid,1
#2017-08-04#,H,1,birth,1
#2017-08-04#,H,1,clues,1
#2017-08-04#,H,1,solar,1
#2017-08-04#,H,1,family,1
#2017-08-04#,H,1,reveals,1
#2017-08-04#,H,2,system,8
#2017-08-04#,H,2,immigration,9
#2017-08-04#,H,2,u.s,8
#2017-08-04#,H,2,antibiotics,8
#2017-08-04#,H,2,running,8
#2017-08-04#,H,2,effective,8
#2017-08-04#,H,2,fast,8
#2017-08-04#,H,2,congress,8
#2017-08-04#,H,2,trump,10
#2017-08-04#,H,2,age,1
#2017-08-04#,H,2,pictures,1
#2017-08-04#,H,2,friends,1
#2017-08-04#,H,2,understand,1
#2017-08-04#,H,2,friendship,1
#2017-08-04#,H,2,photographer,2
#2017-08-04#,H,3,running,8
#2017-08-04#,H,3,effective,8
#2017-08-04#,H,3,fast,8
#2017-08-04#,H,3,antibiotics,8
#2017-08-04#,H,3,congress,8
#2017-08-04#,H,3,trump,10
#2017-08-04#,H,3,u.s,8
#2017-08-04#,H,3,immigration,9
#2017-08-04#,H,3,system,8
#2017-08-04#,H,3,raises,2
#2017-08-04#,H,3,gene,2
#2017-08-04#,H,3,editing,2
#2017-08-04#,H,3,questions,2
#2017-08-04#,H,3,ethical,2
#2017-08-04#,H,3,milestone,2
#2017-08-04#,H,4,trump,10
#2017-08-04#,H,4,immigration,9
#2017-08-04#,H,4,u.s,8
#2017-08-04#,H,4,system,8
#2017-08-04#,H,4,fast,8
#2017-08-04#,H,4,antibiotics,8
#2017-08-04#,H,4,running,8
#2017-08-04#,H,4,effective,8
#2017-08-04#,H,4,congress,8
#2017-08-04#,H,4,speaks,2
#2017-08-04#,H,4,campaign,2
#2017-08-04#,H,4,rally,2
#2017-08-04#,H,4,huntington,2
#2017-08-04#,H,4,watch,3
#2017-08-04#,H,4,live,2
#2017-08-04#,H,5,congress,8
#2017-08-04#,H,5,antibiotics,8
#2017-08-04#,H,5,running,8
#2017-08-04#,H,5,fast,8
#2017-08-04#,H,5,trump,10
#2017-08-04#,H,5,effective,8
#2017-08-04#,H,5,immigration,9
#2017-08-04#,H,5,u.s,8
#2017-08-04#,H,5,system,8
#2017-08-04#,H,5,tug,1
#2017-08-04#,H,5,war,1
#2017-08-04#,H,5,care,1
#2017-08-04#,H,5,play,1
#2017-08-04#,H,5,sanctions,1
#2017-08-04#,H,5,health,1
#2017-08-04#,H,6,congress,8
#2017-08-04#,H,6,fast,8
#2017-08-04#,H,6,effective,8
#2017-08-04#,H,6,u.s,8
#2017-08-04#,H,6,antibiotics,8
#2017-08-04#,H,6,system,8
#2017-08-04#,H,6,running,8
#2017-08-04#,H,6,immigration,9
#2017-08-04#,H,6,trump,10
#2017-08-04#,H,6,counsel,1
#2017-08-04#,H,6,protect,1
#2017-08-04#,H,6,special,1
#2017-08-04#,H,6,fired,1
#2017-08-04#,H,6,mueller,1
#2017-08-04#,H,6,photographer,2
#2017-08-04#,H,7,system,8
#2017-08-04#,H,7,immigration,9
#2017-08-04#,H,7,fast,8
#2017-08-04#,H,7,effective,8
#2017-08-04#,H,7,u.s,8
#2017-08-04#,H,7,antibiotics,8
#2017-08-04#,H,7,running,8
#2017-08-04#,H,7,congress,8
#2017-08-04#,H,7,trump,10
#2017-08-04#,H,7,milestone,2
#2017-08-04#,H,7,ethical,2
#2017-08-04#,H,7,gene,2
#2017-08-04#,H,7,questions,2
#2017-08-04#,H,7,editing,2
#2017-08-04#,H,7,raises,2
#2017-08-04#,H,8,trump,10
#2017-08-04#,H,8,congress,8
#2017-08-04#,H,8,u.s,8
#2017-08-04#,H,8,immigration,9
#2017-08-04#,H,8,effective,8
#2017-08-04#,H,8,fast,8
#2017-08-04#,H,8,running,8
#2017-08-04#,H,8,antibiotics,8
#2017-08-04#,H,8,system,8
#2017-08-04#,H,8,watch,3
#2017-08-04#,H,8,rally,2
#2017-08-04#,H,8,live,2
#2017-08-04#,H,8,huntington,2
#2017-08-04#,H,8,campaign,2
#2017-08-04#,H,8,speaks,2
#2017-08-04#,T,1,fec,1
#2017-08-04#,T,1,instead,1
#2017-08-04#,T,1,narrative,1
#2017-08-04#,T,1,acosta's,1
#2017-08-04#,T,1,accurate,1
#2017-08-04#,T,1,rt,1
#2017-08-04#,T,1,article,1
#2017-08-04#,T,1,labeled,1
#2017-08-04#,T,1,emerging,1
#2017-08-04#,T,1,#fakenews,1
#2017-08-04#,T,1,sturdyalex,1
#2017-08-04#,T,1,pattern,1
#2017-08-04#,T,1,entirely,1
#2017-08-04#,T,1,lance,1
#2017-08-04#,T,1,include,1
#2017-08-04#,T,2,realdonaldtrump,2
#2017-08-04#,T,2,media,1
#2017-08-04#,T,2,house,1
#2017-08-04#,T,2,white,1
#2017-08-04#,T,2,liberty,1
#2017-08-04#,T,2,statue,1
#2017-08-04#,T,2,dump,1
#2017-08-04#,T,2,totally,1
#2017-08-04#,T,2,boy,1
#2017-08-04#,T,2,speech,1
#2017-08-04#,T,2,untrue,1
#2017-08-04#,T,2,called,1
#2017-08-04#,T,2,jim,2
#2017-08-04#,T,2,talbertswan,1
#2017-08-04#,T,2,immigration,9
#2017-08-04#,T,3,trump,10
#2017-08-04#,T,3,russia,1
#2017-08-04#,T,3,political,1
#2017-08-04#,T,3,donald,1
#2017-08-04#,T,3,week,1
#2017-08-04#,T,3,realdonaldtrump,2
#2017-08-04#,T,3,straight,1
#2017-08-04#,T,3,onto,1
#2017-08-04#,T,3,worst,1
#2017-08-04#,T,3,weeks,1
#2017-08-04#,T,3,page,1
#2017-08-04#,T,3,hrenee,1
#2017-08-04#,T,3,log,1
#2017-08-04#,T,3,msn,1
#2017-08-04#,T,3,#trumprussia,1
#2017-08-04#,T,4,watch,3
#2017-08-04#,T,4,stephen,2
#2017-08-04#,T,4,reporter,1
#2017-08-04#,T,4,#maga,1
#2017-08-04#,T,4,today's,1
#2017-08-04#,T,4,miller's,1
#2017-08-04#,T,4,cnn's,1
#2017-08-04#,T,4,epic,1
#2017-08-04#,T,4,lucianwintrich,1
#2017-08-04#,T,4,briefing,2
#2017-08-04#,T,4,shutdown,1
#2017-08-04#,T,4,georgiadirtroad,1
#2017-08-04#,T,4,smackdown,1
#2017-08-04#,T,4,acosta,3
#2017-08-04#,T,4,potus,1
#2017-08-04#,T,5,listening,1
#2017-08-04#,T,5,hates,1
#2017-08-04#,T,5,msm,1
#2017-08-04#,T,5,red,1
#2017-08-04#,T,5,cnn,1
#2017-08-04#,T,5,stacylstiles,1
#2017-08-04#,T,5,blue,1
#2017-08-04#,T,5,violets,1
#2017-08-04#,T,5,roses,1
#2017-08-04#,T,5,nobody's,1
#2017-08-04#,T,5,https://t.co/04edalnf3i,1
#2017-08-04#,T,5,msnbc,1
#2017-08-04#,T,5,washingtonpost,1
#2017-08-04#,T,5,acosta,3
#2017-08-04#,T,5,nytimes,1
#2017-08-04#,T,6,#firehannity,1
#2017-08-04#,T,6,#trump,1
#2017-08-04#,T,6,real,1
#2017-08-04#,T,6,report,1
#2017-08-04#,T,6,view,1
#2017-08-04#,T,6,jrcheneyjohn,1
#2017-08-04#,T,6,schools,1
#2017-08-04#,T,6,#buildthewall,1
#2017-08-04#,T,6,#raise,1
#2017-08-04#,T,6,cosmopolitan,1
#2017-08-04#,T,6,news,2
#2017-08-04#,T,6,daily,1
#2017-08-04#,T,6,#usa,1
#2017-08-04#,T,6,donnawr,1
#2017-08-04#,T,6,cuts,1
#2017-08-04#,T,7,jim,2
#2017-08-04#,T,7,acosta,3
#2017-08-04#,T,7,miller,1
#2017-08-04#,T,7,ignorance,1
#2017-08-04#,T,7,drmartyfox,1
#2017-08-04#,T,7,stephen,2
#2017-08-04#,T,7,using,1
#2017-08-04#,T,7,expose,1
#2017-08-04#,T,7,exchange,1
#2017-08-04#,T,7,trump,10
#2017-08-04#,T,7,press,1
#2017-08-04#,T,7,briefing,2
#2017-08-04#,T,7,stop,1
#2017-08-04#,T,7,oh,1
#2017-08-04#,T,7,#thursdaythoughts,1
#2017-08-04#,T,8,fakenews,1
#2017-08-04#,T,8,ha,1
#2017-08-04#,T,8,il,1
#2017-08-04#,T,8,via,1
#2017-08-04#,T,8,che,1
#2017-08-04#,T,8,fox,1
#2017-08-04#,T,8,news,2
#2017-08-04#,T,8,fake,1
#2017-08-04#,T,8,di,1
#2017-08-04#,T,8,facebook,1
#2017-08-04#,T,8,le,1
#2017-08-04#,T,8,blame,1
#2017-08-04#,T,8,gli,1
#2017-08-04#,T,8,dato,1
#2017-08-04#,T,8,sono,1
#2017-08-05#,H,1,trump,10
#2017-08-05#,H,1,grand,8
#2017-08-05#,H,1,jury,8
#2017-08-05#,H,1,financial,8
#2017-08-05#,H,1,developing,8
#2017-08-05#,H,1,companies,8
#2017-08-05#,H,1,barrier,8
#2017-08-05#,H,1,drug,8
#2017-08-05#,H,1,payday,8
#2017-08-05#,H,1,antibiotics,7
#2017-08-05#,H,1,jobs,8
#2017-08-05#,H,1,administration,1
#2017-08-05#,H,1,forward,1
#2017-08-05#,H,1,war,1
#2017-08-05#,H,1,path,1
#2017-08-05#,H,2,jobs,8
#2017-08-05#,H,2,report,1
#2017-08-05#,H,2,near,2
#2017-08-05#,H,2,decade-long,1
#2017-08-05#,H,2,closes,2
#2017-08-05#,H,2,gap,2
#2017-08-05#,H,2,july,2
#2017-08-05#,H,2,jury,8
#2017-08-05#,H,2,grand,8
#2017-08-05#,H,2,drug,8
#2017-08-05#,H,2,payday,8
#2017-08-05#,H,2,developing,8
#2017-08-05#,H,2,companies,8
#2017-08-05#,H,2,barrier,8
#2017-08-05#,H,2,financial,8
#2017-08-05#,H,3,jobs,8
#2017-08-05#,H,3,financial,8
#2017-08-05#,H,3,payday,8
#2017-08-05#,H,3,drug,8
#2017-08-05#,H,3,barrier,8
#2017-08-05#,H,3,developing,8
#2017-08-05#,H,3,antibiotics,7
#2017-08-05#,H,3,companies,8
#2017-08-05#,H,3,grand,8
#2017-08-05#,H,3,jury,8
#2017-08-05#,H,3,trump,10
#2017-08-05#,H,3,gap,2
#2017-08-05#,H,3,closes,2
#2017-08-05#,H,3,july,2
#2017-08-05#,H,3,near,2
#2017-08-05#,H,4,jury,8
#2017-08-05#,H,4,grand,8
#2017-08-05#,H,4,trump,10
#2017-08-05#,H,4,jobs,8
#2017-08-05#,H,4,antibiotics,7
#2017-08-05#,H,4,developing,8
#2017-08-05#,H,4,financial,8
#2017-08-05#,H,4,companies,8
#2017-08-05#,H,4,drug,8
#2017-08-05#,H,4,payday,8
#2017-08-05#,H,4,barrier,8
#2017-08-05#,H,4,russia,3
#2017-08-05#,H,4,probe,2
#2017-08-05#,H,4,mueller,3
#2017-08-05#,H,4,means,2
#2017-08-05#,H,5,jobs,8
#2017-08-05#,H,5,trump,10
#2017-08-05#,H,5,jury,8
#2017-08-05#,H,5,payday,8
#2017-08-05#,H,5,grand,8
#2017-08-05#,H,5,developing,8
#2017-08-05#,H,5,antibiotics,7
#2017-08-05#,H,5,companies,8
#2017-08-05#,H,5,drug,8
#2017-08-05#,H,5,barrier,8
#2017-08-05#,H,5,financial,8
#2017-08-05#,H,5,force,1
#2017-08-05#,H,5,uber,1
#2017-08-05#,H,5,game,1
#2017-08-05#,H,5,surge,1
#2017-08-05#,H,6,jobs,8
#2017-08-05#,H,6,grand,8
#2017-08-05#,H,6,jury,8
#2017-08-05#,H,6,trump,10
#2017-08-05#,H,6,financial,8
#2017-08-05#,H,6,companies,8
#2017-08-05#,H,6,antibiotics,7
#2017-08-05#,H,6,developing,8
#2017-08-05#,H,6,barrier,8
#2017-08-05#,H,6,payday,8
#2017-08-05#,H,6,drug,8
#2017-08-05#,H,6,means,2
#2017-08-05#,H,6,russia,3
#2017-08-05#,H,6,mueller,3
#2017-08-05#,H,6,probe,2
#2017-08-05#,H,7,trump,10
#2017-08-05#,H,7,jury,8
#2017-08-05#,H,7,grand,8
#2017-08-05#,H,7,jobs,8
#2017-08-05#,H,7,drug,8
#2017-08-05#,H,7,barrier,8
#2017-08-05#,H,7,financial,8
#2017-08-05#,H,7,developing,8
#2017-08-05#,H,7,companies,8
#2017-08-05#,H,7,payday,8
#2017-08-05#,H,7,antibiotics,7
#2017-08-05#,H,7,town,1
#2017-08-05#,H,7,contemporary,1
#2017-08-05#,H,7,anchor,1
#2017-08-05#,H,7,art,1
#2017-08-05#,H,8,antibiotics,7
#2017-08-05#,H,8,barrier,8
#2017-08-05#,H,8,companies,8
#2017-08-05#,H,8,developing,8
#2017-08-05#,H,8,payday,8
#2017-08-05#,H,8,drug,8
#2017-08-05#,H,8,financial,8
#2017-08-05#,H,8,trump,10
#2017-08-05#,H,8,jury,8
#2017-08-05#,H,8,grand,8
#2017-08-05#,H,8,jobs,8
#2017-08-05#,H,8,blasts,1
#2017-08-05#,H,8,watch,1
#2017-08-05#,H,8,democrats,1
#2017-08-05#,H,8,photos,1
#2017-08-05#,T,1,media,1
#2017-08-05#,T,1,realdonaldtrump,2
#2017-08-05#,T,1,own,1
#2017-08-05#,T,1,press,1
#2017-08-05#,T,1,journalism,1
#2017-08-05#,T,1,bias,1
#2017-08-05#,T,1,jamesokeefeiii,1
#2017-08-05#,T,1,wh,1
#2017-08-05#,T,1,ppl,1
#2017-08-05#,T,1,fakenews,2
#2017-08-05#,T,1,project_veritas,1
#2017-08-05#,T,1,fear,1
#2017-08-05#,T,1,drivers,1
#2017-08-05#,T,1,key,1
#2017-08-05#,T,1,laziness,1
#2017-08-05#,T,2,cnn,2
#2017-08-05#,T,2,months,1
#2017-08-05#,T,2,american,1
#2017-08-05#,T,2,won't,1
#2017-08-05#,T,2,#obamaday,1
#2017-08-05#,T,2,supporters,1
#2017-08-05#,T,2,#trumprally,1
#2017-08-05#,T,2,#trump,1
#2017-08-05#,T,2,dying,1
#2017-08-05#,T,2,rivers,1
#2017-08-05#,T,2,fought,1
#2017-08-05#,T,2,joan,1
#2017-08-05#,T,2,bamas,1
#2017-08-05#,T,2,michelle's,1
#2017-08-05#,T,2,outed,1
#2017-08-05#,T,3,story,1
#2017-08-05#,T,3,stop,1
#2017-08-05#,T,3,coming,1
#2017-08-05#,T,3,nytimes,1
#2017-08-05#,T,3,#iftwitterdidntexist,1
#2017-08-05#,T,3,dloesch,1
#2017-08-05#,T,3,#leaks,1
#2017-08-05#,T,3,push,1
#2017-08-05#,T,3,subpoena,1
#2017-08-05#,T,3,left,1
#2017-08-05#,T,3,message,1
#2017-08-05#,T,3,support,1
#2017-08-05#,T,3,bocavista,1
#2017-08-05#,T,3,able,1
#2017-08-05#,T,3,#nyt,1
#2017-08-05#,T,4,#firehannity,1
#2017-08-05#,T,4,cnn,2
#2017-08-05#,T,4,food,1
#2017-08-05#,T,4,free,1
#2017-08-05#,T,4,msnbc,1
#2017-08-05#,T,4,fakenews,2
#2017-08-05#,T,4,washingtonpost,1
#2017-08-05#,T,4,trump,10
#2017-08-05#,T,4,abc,1
#2017-08-05#,T,4,foxnews,1
#2017-08-05#,T,4,listen,1
#2017-08-05#,T,4,tv,1
#2017-08-05#,T,4,the_trump_train,1
#2017-08-05#,T,4,lies,1
#2017-08-05#,T,4,hillaryclinton,1
#2017-08-05#,T,5,potus,1
#2017-08-05#,T,5,knp2bp,1
#2017-08-05#,T,5,#maga,1
#2017-08-05#,T,5,boy,1
#2017-08-05#,T,5,aren't,1
#2017-08-05#,T,5,win,1
#2017-08-05#,T,5,list,1
#2017-08-05#,T,5,lazy,1
#2017-08-05#,T,5,weren't,1
#2017-08-05#,T,5,reporters,1
#2017-08-05#,T,5,landslide,1
#2017-08-05#,T,5,pollsters,1
#2017-08-05#,T,5,batch,1
#2017-08-05#,T,5,fooled,1
#2017-08-05#,T,5,predicting,1
#2017-08-05#,T,6,tweet,1
#2017-08-05#,T,6,abt,1
#2017-08-05#,T,6,job,1
#2017-08-05#,T,6,person,1
#2017-08-05#,T,6,#cnnfakenews,1
#2017-08-05#,T,6,jojoh,1
#2017-08-05#,T,6,hahahahahaha,1
#2017-08-05#,T,6,remixed,1
#2017-08-05#,T,6,https://t.co/7u5me6pflg,1
#2017-08-05#,T,6,trump,10
#2017-08-05#,T,6,cover-up,1
#2017-08-05#,T,6,vacation,1
#2017-08-05#,T,6,golf,1
#2017-08-05#,T,6,call,1
#2017-08-05#,T,6,plans,1
#2017-08-05#,T,7,propaganda,1
#2017-08-05#,T,7,russia,3
#2017-08-05#,T,7,americanvoterus,1
#2017-08-05#,T,7,fake,1
#2017-08-05#,T,7,realdonaldtrump,2
#2017-08-05#,T,7,live,1
#2017-08-05#,T,7,mueller,3
#2017-08-05#,T,7,news,1
#2017-08-05#,T,7,russian,1
#2017-08-05#,T,7,+,1
#2017-08-05#,T,7,trending,1
#2017-08-05#,T,7,trump,10
#2017-08-05#,T,7,fox,1
#2017-08-05#,T,7,=,1
#2017-08-05#,T,7,air,1
#2017-08-05#,T,8,newsweek,1
#2017-08-05#,T,8,julien_assange,1
#2017-08-05#,T,8,skb_sara,1
#2017-08-05#,T,8,fair,1
#2017-08-05#,T,8,narrative,1
#2017-08-05#,T,8,msm,1
#2017-08-05#,T,8,desperate,1
#2017-08-05#,T,8,rt,1
#2017-08-05#,T,8,satan's,1
#2017-08-05#,T,8,parkermolloy,1
#2017-08-05#,T,8,false,1
#2017-08-05#,T,8,prepare,1
#2017-08-05#,T,8,clearing,1
#2017-08-05#,T,8,#fakenews,1
#2017-08-05#,T,8,https://t.co/emeltfpmil,1
#2017-08-06#,H,1,leaks,9
#2017-08-06#,H,1,drivers,8
#2017-08-06#,H,1,surge,8
#2017-08-06#,H,1,game,8
#2017-08-06#,H,1,pricing,8
#2017-08-06#,H,1,app,8
#2017-08-06#,H,1,force,8
#2017-08-06#,H,1,uber,8
#2017-08-06#,H,1,drug,8
#2017-08-06#,H,1,inconvenient,8
#2017-08-06#,H,1,difference,8
#2017-08-06#,H,1,illegal,8
#2017-08-06#,H,1,address,8
#2017-08-06#,H,1,slow,2
#2017-08-06#,H,1,recovery,2
#2017-08-06#,H,2,leaks,9
#2017-08-06#,H,2,drivers,8
#2017-08-06#,H,2,game,8
#2017-08-06#,H,2,uber,8
#2017-08-06#,H,2,pricing,8
#2017-08-06#,H,2,force,8
#2017-08-06#,H,2,app,8
#2017-08-06#,H,2,surge,8
#2017-08-06#,H,2,illegal,8
#2017-08-06#,H,2,inconvenient,8
#2017-08-06#,H,2,difference,8
#2017-08-06#,H,2,drug,8
#2017-08-06#,H,2,address,8
#2017-08-06#,H,2,slow,2
#2017-08-06#,H,2,recovery,2
#2017-08-06#,H,3,leaks,9
#2017-08-06#,H,3,illegal,8
#2017-08-06#,H,3,difference,8
#2017-08-06#,H,3,inconvenient,8
#2017-08-06#,H,3,address,8
#2017-08-06#,H,3,drug,8
#2017-08-06#,H,3,drivers,8
#2017-08-06#,H,3,app,8
#2017-08-06#,H,3,pricing,8
#2017-08-06#,H,3,surge,8
#2017-08-06#,H,3,game,8
#2017-08-06#,H,3,uber,8
#2017-08-06#,H,3,force,8
#2017-08-06#,H,3,else,1
#2017-08-06#,H,3,upper,1
#2017-08-06#,H,4,leaks,9
#2017-08-06#,H,4,app,8
#2017-08-06#,H,4,force,8
#2017-08-06#,H,4,uber,8
#2017-08-06#,H,4,pricing,8
#2017-08-06#,H,4,surge,8
#2017-08-06#,H,4,game,8
#2017-08-06#,H,4,drivers,8
#2017-08-06#,H,4,address,8
#2017-08-06#,H,4,drug,8
#2017-08-06#,H,4,inconvenient,8
#2017-08-06#,H,4,illegal,8
#2017-08-06#,H,4,difference,8
#2017-08-06#,H,4,crackdown,1
#2017-08-06#,H,4,deadly,1
#2017-08-06#,H,5,leaks,9
#2017-08-06#,H,5,difference,8
#2017-08-06#,H,5,inconvenient,8
#2017-08-06#,H,5,address,8
#2017-08-06#,H,5,illegal,8
#2017-08-06#,H,5,drug,8
#2017-08-06#,H,5,force,8
#2017-08-06#,H,5,surge,8
#2017-08-06#,H,5,pricing,8
#2017-08-06#,H,5,game,8
#2017-08-06#,H,5,app,8
#2017-08-06#,H,5,uber,8
#2017-08-06#,H,5,drivers,8
#2017-08-06#,H,5,climate,1
#2017-08-06#,H,5,youth,1
#2017-08-06#,H,6,leaks,9
#2017-08-06#,H,6,drug,8
#2017-08-06#,H,6,address,8
#2017-08-06#,H,6,illegal,8
#2017-08-06#,H,6,inconvenient,8
#2017-08-06#,H,6,difference,8
#2017-08-06#,H,6,uber,8
#2017-08-06#,H,6,force,8
#2017-08-06#,H,6,game,8
#2017-08-06#,H,6,app,8
#2017-08-06#,H,6,pricing,8
#2017-08-06#,H,6,surge,8
#2017-08-06#,H,6,drivers,8
#2017-08-06#,H,6,cure,1
#2017-08-06#,H,6,antibiotics,2
#2017-08-06#,H,7,leaks,9
#2017-08-06#,H,7,illegal,8
#2017-08-06#,H,7,difference,8
#2017-08-06#,H,7,inconvenient,8
#2017-08-06#,H,7,force,8
#2017-08-06#,H,7,pricing,8
#2017-08-06#,H,7,drug,8
#2017-08-06#,H,7,app,8
#2017-08-06#,H,7,drivers,8
#2017-08-06#,H,7,surge,8
#2017-08-06#,H,7,game,8
#2017-08-06#,H,7,uber,8
#2017-08-06#,H,7,address,8
#2017-08-06#,H,7,economic,2
#2017-08-06#,H,7,companies,1
#2017-08-06#,H,8,leaks,9
#2017-08-06#,H,8,drug,8
#2017-08-06#,H,8,address,8
#2017-08-06#,H,8,inconvenient,8
#2017-08-06#,H,8,difference,8
#2017-08-06#,H,8,surge,8
#2017-08-06#,H,8,illegal,8
#2017-08-06#,H,8,uber,8
#2017-08-06#,H,8,force,8
#2017-08-06#,H,8,pricing,8
#2017-08-06#,H,8,drivers,8
#2017-08-06#,H,8,app,8
#2017-08-06#,H,8,game,8
#2017-08-06#,H,8,economic,2
#2017-08-06#,H,8,antibiotics,2
#2017-08-06#,T,1,foxnews,1
#2017-08-06#,T,1,lies,1
#2017-08-06#,T,1,kwilli,1
#2017-08-06#,T,1,ericbolling,1
#2017-08-06#,T,1,expect,1
#2017-08-06#,T,1,proves,1
#2017-08-06#,T,1,anderson,1
#2017-08-06#,T,1,cooper,1
#2017-08-06#,T,1,huffpost,1
#2017-08-06#,T,1,american,1
#2017-08-06#,T,1,fakenews,1
#2017-08-06#,T,1,targeted,1
#2017-08-06#,T,1,washingtonpost,1
#2017-08-06#,T,1,accused,1
#2017-08-06#,T,1,falsely,1
#2017-08-06#,T,2,nytimes,1
#2017-08-06#,T,2,story,1
#2017-08-06#,T,2,dloesch,1
#2017-08-06#,T,2,#nra,1
#2017-08-06#,T,2,nratv,1
#2017-08-06#,T,2,message,1
#2017-08-06#,T,2,non-#fakenews,1
#2017-08-06#,T,2,coming,2
#2017-08-06#,T,2,tweet,1
#2017-08-06#,T,2,abt,1
#2017-08-06#,T,2,minister,1
#2017-08-06#,T,2,watch,1
#2017-08-06#,T,2,ravennightmyst,1
#2017-08-06#,T,2,act,1
#2017-08-06#,T,2,httweets,1
#2017-08-06#,T,3,potus,2
#2017-08-06#,T,3,#firehannity,1
#2017-08-06#,T,3,msm,1
#2017-08-06#,T,3,dems,1
#2017-08-06#,T,3,rodstryker,1
#2017-08-06#,T,3,idea,1
#2017-08-06#,T,3,libtards,1
#2017-08-06#,T,3,millions,1
#2017-08-06#,T,3,brainwashed,1
#2017-08-06#,T,3,resistance,1
#2017-08-06#,T,3,celebs,1
#2017-08-06#,T,3,called,1
#2017-08-06#,T,3,mycalynn,1
#2017-08-06#,T,3,#istandwitheric,1
#2017-08-06#,T,3,rt,1
#2017-08-06#,T,4,leaks,9
#2017-08-06#,T,4,media,2
#2017-08-06#,T,4,le,1
#2017-08-06#,T,4,paul,1
#2017-08-06#,T,4,d'oh,1
#2017-08-06#,T,4,ryan,1
#2017-08-06#,T,4,pnehlen,1
#2017-08-06#,T,4,supports,1
#2017-08-06#,T,4,wokers,1
#2017-08-06#,T,4,stop,1
#2017-08-06#,T,4,shame,1
#2017-08-06#,T,4,embarrassing,1
#2017-08-06#,T,4,russia,1
#2017-08-06#,T,4,wow,1
#2017-08-06#,T,4,pathetic,1
#2017-08-06#,T,5,#draintheswamp,1
#2017-08-06#,T,5,americanvoterus,2
#2017-08-06#,T,5,democrat,1
#2017-08-06#,T,5,polls,1
#2017-08-06#,T,5,obama,1
#2017-08-06#,T,5,press,1
#2017-08-06#,T,5,#flashbackfriday,1
#2017-08-06#,T,5,garbage,1
#2017-08-06#,T,5,swamp,1
#2017-08-06#,T,5,doj,1
#2017-08-06#,T,5,w/,1
#2017-08-06#,T,5,corruption,1
#2017-08-06#,T,5,polling,1
#2017-08-06#,T,5,dc,1
#2017-08-06#,T,5,events,1
#2017-08-06#,T,6,cnn,2
#2017-08-06#,T,6,#maga,2
#2017-08-06#,T,6,report,1
#2017-08-06#,T,6,america,1
#2017-08-06#,T,6,jobs,1
#2017-08-06#,T,6,million,1
#2017-08-06#,T,6,won't,1
#2017-08-06#,T,6,media,2
#2017-08-06#,T,6,created,1
#2017-08-06#,T,6,coming,2
#2017-08-06#,T,6,#winning,1
#2017-08-06#,T,6,jrcheneyjohn,1
#2017-08-06#,T,6,trumps,1
#2017-08-06#,T,6,se,1
#2017-08-06#,T,6,#venezuela,1
#2017-08-06#,T,7,cnn,2
#2017-08-06#,T,7,fake,1
#2017-08-06#,T,7,months,1
#2017-08-06#,T,7,reporters,1
#2017-08-06#,T,7,#obamaday,1
#2017-08-06#,T,7,lazy,1
#2017-08-06#,T,7,boy,1
#2017-08-06#,T,7,dying,1
#2017-08-06#,T,7,list,1
#2017-08-06#,T,7,accomplishments,1
#2017-08-06#,T,7,dummies,1
#2017-08-06#,T,7,carrieksada,1
#2017-08-06#,T,7,potus,2
#2017-08-06#,T,7,bama's,1
#2017-08-06#,T,7,rivers,1
#2017-08-06#,T,8,realdonaldtrump,1
#2017-08-06#,T,8,americanvoterus,2
#2017-08-06#,T,8,news,1
#2017-08-06#,T,8,listening,1
#2017-08-06#,T,8,trump,1
#2017-08-06#,T,8,president,1
#2017-08-06#,T,8,georgiadirtroad,1
#2017-08-06#,T,8,#maga,2
#2017-08-06#,T,8,vs,1
#2017-08-06#,T,8,fox,1
#2017-08-06#,T,8,winning,1
#2017-08-06#,T,8,propaganda,1
#2017-08-06#,T,8,newsweek,1
#2017-08-06#,T,8,reporting,1
#2017-08-06#,T,8,time,1
#2017-08-07#,H,1,leaks,8
#2017-08-07#,H,1,address,8
#2017-08-07#,H,1,else,8
#2017-08-07#,H,1,upper,8
#2017-08-07#,H,1,class,8
#2017-08-07#,H,1,middle,8
#2017-08-07#,H,1,tillerson,8
#2017-08-07#,H,1,inconvenient,8
#2017-08-07#,H,1,illegal,8
#2017-08-07#,H,1,deadly,8
#2017-08-07#,H,1,crackdown,8
#2017-08-07#,H,1,difference,8
#2017-08-07#,H,1,drug,8
#2017-08-07#,H,1,afghanistan,1
#2017-08-07#,H,1,war,2
#2017-08-07#,H,2,leaks,8
#2017-08-07#,H,2,address,8
#2017-08-07#,H,2,crackdown,8
#2017-08-07#,H,2,illegal,8
#2017-08-07#,H,2,drug,8
#2017-08-07#,H,2,inconvenient,8
#2017-08-07#,H,2,difference,8
#2017-08-07#,H,2,tillerson,8
#2017-08-07#,H,2,deadly,8
#2017-08-07#,H,2,class,8
#2017-08-07#,H,2,middle,8
#2017-08-07#,H,2,else,8
#2017-08-07#,H,2,upper,8
#2017-08-07#,H,2,bars,1
#2017-08-07#,H,2,born,1
#2017-08-07#,H,3,leaks,8
#2017-08-07#,H,3,address,8
#2017-08-07#,H,3,deadly,8
#2017-08-07#,H,3,crackdown,8
#2017-08-07#,H,3,tillerson,8
#2017-08-07#,H,3,drug,8
#2017-08-07#,H,3,upper,8
#2017-08-07#,H,3,middle,8
#2017-08-07#,H,3,else,8
#2017-08-07#,H,3,class,8
#2017-08-07#,H,3,difference,8
#2017-08-07#,H,3,illegal,8
#2017-08-07#,H,3,inconvenient,8
#2017-08-07#,H,3,hawaiian,1
#2017-08-07#,H,3,parakeets,1
#2017-08-07#,H,4,leaks,8
#2017-08-07#,H,4,address,8
#2017-08-07#,H,4,inconvenient,8
#2017-08-07#,H,4,illegal,8
#2017-08-07#,H,4,difference,8
#2017-08-07#,H,4,drug,8
#2017-08-07#,H,4,tillerson,8
#2017-08-07#,H,4,deadly,8
#2017-08-07#,H,4,crackdown,8
#2017-08-07#,H,4,upper,8
#2017-08-07#,H,4,class,8
#2017-08-07#,H,4,else,8
#2017-08-07#,H,4,middle,8
#2017-08-07#,H,4,color,1
#2017-08-07#,H,4,youth,1
#2017-08-07#,H,5,leaks,8
#2017-08-07#,H,5,address,8
#2017-08-07#,H,5,tillerson,8
#2017-08-07#,H,5,deadly,8
#2017-08-07#,H,5,drug,8
#2017-08-07#,H,5,crackdown,8
#2017-08-07#,H,5,middle,8
#2017-08-07#,H,5,else,8
#2017-08-07#,H,5,upper,8
#2017-08-07#,H,5,class,8
#2017-08-07#,H,5,difference,8
#2017-08-07#,H,5,illegal,8
#2017-08-07#,H,5,inconvenient,8
#2017-08-07#,H,5,gains,1
#2017-08-07#,H,5,continues,1
#2017-08-07#,H,6,leaks,8
#2017-08-07#,H,6,address,8
#2017-08-07#,H,6,class,8
#2017-08-07#,H,6,upper,8
#2017-08-07#,H,6,else,8
#2017-08-07#,H,6,middle,8
#2017-08-07#,H,6,difference,8
#2017-08-07#,H,6,inconvenient,8
#2017-08-07#,H,6,illegal,8
#2017-08-07#,H,6,tillerson,8
#2017-08-07#,H,6,crackdown,8
#2017-08-07#,H,6,drug,8
#2017-08-07#,H,6,deadly,8
#2017-08-07#,H,6,influence,1
#2017-08-07#,H,6,war,2
#2017-08-07#,H,7,leaks,8
#2017-08-07#,H,7,address,8
#2017-08-07#,H,7,inconvenient,8
#2017-08-07#,H,7,illegal,8
#2017-08-07#,H,7,difference,8
#2017-08-07#,H,7,middle,8
#2017-08-07#,H,7,else,8
#2017-08-07#,H,7,class,8
#2017-08-07#,H,7,upper,8
#2017-08-07#,H,7,deadly,8
#2017-08-07#,H,7,crackdown,8
#2017-08-07#,H,7,drug,8
#2017-08-07#,H,7,tillerson,8
#2017-08-07#,H,7,usain,1
#2017-08-07#,H,7,bolt,1
#2017-08-07#,H,8,leaks,8
#2017-08-07#,H,8,address,8
#2017-08-07#,H,8,upper,8
#2017-08-07#,H,8,else,8
#2017-08-07#,H,8,drug,8
#2017-08-07#,H,8,class,8
#2017-08-07#,H,8,middle,8
#2017-08-07#,H,8,tillerson,8
#2017-08-07#,H,8,deadly,8
#2017-08-07#,H,8,crackdown,8
#2017-08-07#,H,8,difference,8
#2017-08-07#,H,8,illegal,8
#2017-08-07#,H,8,inconvenient,8
#2017-08-07#,H,8,force,1
#2017-08-07#,H,8,surge,1
#2017-08-07#,T,1,de,1
#2017-08-07#,T,1,un,1
#2017-08-07#,T,1,en,1
#2017-08-07#,T,1,trump,3
#2017-08-07#,T,1,el,1
#2017-08-07#,T,1,americanvoterus,1
#2017-08-07#,T,1,president,1
#2017-08-07#,T,1,pence,1
#2017-08-07#,T,1,real,1
#2017-08-07#,T,1,msm,1
#2017-08-07#,T,1,debunked,1
#2017-08-07#,T,1,completely,1
#2017-08-07#,T,1,fakenews,1
#2017-08-07#,T,1,ten_gop,1
#2017-08-07#,T,1,posting,1
#2017-08-07#,T,2,#maga,1
#2017-08-07#,T,2,potus,2
#2017-08-07#,T,2,realdonaldtrump,2
#2017-08-07#,T,2,georgiadirtroad,1
#2017-08-07#,T,2,#draintheswamp,1
#2017-08-07#,T,2,winning,1
#2017-08-07#,T,2,trump,3
#2017-08-07#,T,2,listening,1
#2017-08-07#,T,2,#msm,1
#2017-08-07#,T,2,#fakenews,2
#2017-08-07#,T,2,mitchellvii,1
#2017-08-07#,T,2,rt,3
#2017-08-07#,T,2,fake,2
#2017-08-07#,T,2,#fakepolls,1
#2017-08-07#,T,2,#trumptrain,1
#2017-08-07#,T,3,vacation,1
#2017-08-07#,T,3,truth,1
#2017-08-07#,T,3,story,2
#2017-08-07#,T,3,trump,3
#2017-08-07#,T,3,media,2
#2017-08-07#,T,3,#fakenews,2
#2017-08-07#,T,3,trump's,1
#2017-08-07#,T,3,washingtonpost,1
#2017-08-07#,T,3,own,1
#2017-08-07#,T,3,whitehouse,1
#2017-08-07#,T,3,support,1
#2017-08-07#,T,3,leave,1
#2017-08-07#,T,3,rt,3
#2017-08-07#,T,3,forced,1
#2017-08-07#,T,3,stories,1
#2017-08-07#,T,4,coming,1
#2017-08-07#,T,4,mycalynn,1
#2017-08-07#,T,4,#istandwithericbolling,1
#2017-08-07#,T,4,sound,1
#2017-08-07#,T,4,#lies,1
#2017-08-07#,T,4,fake,2
#2017-08-07#,T,4,story,2
#2017-08-07#,T,4,foxnews,1
#2017-08-07#,T,4,#breaking,1
#2017-08-07#,T,4,accuser,1
#2017-08-07#,T,4,lvourpotus,1
#2017-08-07#,T,4,revealed,1
#2017-08-07#,T,4,reinstate,1
#2017-08-07#,T,4,#ericboling's,1
#2017-08-07#,T,4,fail,1
#2017-08-07#,T,5,clinton,1
#2017-08-07#,T,5,security,1
#2017-08-07#,T,5,national,1
#2017-08-07#,T,5,lvnancy,1
#2017-08-07#,T,5,responsible,1
#2017-08-07#,T,5,attorney,1
#2017-08-07#,T,5,#dnc,1
#2017-08-07#,T,5,hire,1
#2017-08-07#,T,5,buries,1
#2017-08-07#,T,5,priced,1
#2017-08-07#,T,5,represent,1
#2017-08-07#,T,5,risk,1
#2017-08-07#,T,5,country,1
#2017-08-07#,T,5,covers,1
#2017-08-07#,T,5,depending,1
#2017-08-07#,T,6,realdonaldtrump,2
#2017-08-07#,T,6,leaked,1
#2017-08-07#,T,6,mean,1
#2017-08-07#,T,6,photos,1
#2017-08-07#,T,6,everyhumanknows,1
#2017-08-07#,T,6,pikminister,1
#2017-08-07#,T,6,dtrumpexposed,1
#2017-08-07#,T,6,regime,1
#2017-08-07#,T,6,venezuela,1
#2017-08-07#,T,6,silent,1
#2017-08-07#,T,6,lying,1
#2017-08-07#,T,6,rt,3
#2017-08-07#,T,6,potus,2
#2017-08-07#,T,6,maduro,1
#2017-08-07#,T,6,wellingmichael,1
#2017-08-07#,T,7,que,1
#2017-08-07#,T,7,ericbolling,1
#2017-08-07#,T,7,huffpost,1
#2017-08-07#,T,7,accused,1
#2017-08-07#,T,7,playstrumpcard,1
#2017-08-07#,T,7,falsely,1
#2017-08-07#,T,7,targeted,1
#2017-08-07#,T,7,russia,1
#2017-08-07#,T,7,los,1
#2017-08-07#,T,7,medios,1
#2017-08-07#,T,7,colectivos,1
#2017-08-07#,T,7,#potus,1
#2017-08-07#,T,7,las,1
#2017-08-07#,T,7,del,1
#2017-08-07#,T,7,cuando,1
#2017-08-07#,T,8,they're,1
#2017-08-07#,T,8,stop,1
#2017-08-07#,T,8,politicalshort,1
#2017-08-07#,T,8,media,2
#2017-08-07#,T,8,wait,1
#2017-08-07#,T,8,news,1
#2017-08-07#,T,8,retweeting,1
#2017-08-07#,T,8,#hannity,1
#2017-08-07#,T,8,alyssa_milano,1
#2017-08-07#,T,8,cnn,1
#2017-08-07#,T,8,pinkbelgium,1
#2017-08-07#,T,8,america,1
#2017-08-07#,T,8,kayajones,1
#2017-08-07#,T,8,interview,1
#2017-08-07#,T,8,amazing,1
#2017-08-08#,H,1,leaks,8
#2017-08-08#,H,1,gains,8
#2017-08-08#,H,1,war,9
#2017-08-08#,H,1,influence,8
#2017-08-08#,H,1,iran,8
#2017-08-08#,H,1,afghanistan,8
#2017-08-08#,H,1,continues,8
#2017-08-08#,H,1,column,4
#2017-08-08#,H,1,continue,4
#2017-08-08#,H,1,stock,3
#2017-08-08#,H,1,possibly,4
#2017-08-08#,H,1,market,4
#2017-08-08#,H,1,rally,4
#2017-08-08#,H,1,economic,1
#2017-08-08#,H,1,sanctions,1
#2017-08-08#,H,2,leaks,8
#2017-08-08#,H,2,gains,8
#2017-08-08#,H,2,war,9
#2017-08-08#,H,2,continues,8
#2017-08-08#,H,2,influence,8
#2017-08-08#,H,2,afghanistan,8
#2017-08-08#,H,2,iran,8
#2017-08-08#,H,2,column,4
#2017-08-08#,H,2,market,4
#2017-08-08#,H,2,continue,4
#2017-08-08#,H,2,stock,3
#2017-08-08#,H,2,rally,4
#2017-08-08#,H,2,possibly,4
#2017-08-08#,H,2,delegate,2
#2017-08-08#,H,2,isis,1
#2017-08-08#,H,3,leaks,8
#2017-08-08#,H,3,gains,8
#2017-08-08#,H,3,continues,8
#2017-08-08#,H,3,iran,8
#2017-08-08#,H,3,afghanistan,8
#2017-08-08#,H,3,war,9
#2017-08-08#,H,3,influence,8
#2017-08-08#,H,3,illegal,2
#2017-08-08#,H,3,inconvenient,3
#2017-08-08#,H,3,difference,3
#2017-08-08#,H,3,middle,2
#2017-08-08#,H,3,class,2
#2017-08-08#,H,3,else,2
#2017-08-08#,H,3,upper,2
#2017-08-08#,H,3,bars,2
#2017-08-08#,H,4,leaks,8
#2017-08-08#,H,4,gains,8
#2017-08-08#,H,4,iran,8
#2017-08-08#,H,4,afghanistan,8
#2017-08-08#,H,4,war,9
#2017-08-08#,H,4,continues,8
#2017-08-08#,H,4,influence,8
#2017-08-08#,H,4,difference,3
#2017-08-08#,H,4,inconvenient,3
#2017-08-08#,H,4,illegal,2
#2017-08-08#,H,4,hawaiian,2
#2017-08-08#,H,4,parakeets,1
#2017-08-08#,H,4,island,2
#2017-08-08#,H,4,invasive,2
#2017-08-08#,H,4,fighting,2
#2017-08-08#,H,5,leaks,8
#2017-08-08#,H,5,gains,8
#2017-08-08#,H,5,influence,8
#2017-08-08#,H,5,iran,8
#2017-08-08#,H,5,war,9
#2017-08-08#,H,5,afghanistan,8
#2017-08-08#,H,5,continues,8
#2017-08-08#,H,5,rally,4
#2017-08-08#,H,5,possibly,4
#2017-08-08#,H,5,continue,4
#2017-08-08#,H,5,stock,3
#2017-08-08#,H,5,market,4
#2017-08-08#,H,5,column,4
#2017-08-08#,H,5,inconvenient,3
#2017-08-08#,H,5,difference,3
#2017-08-08#,H,6,leaks,8
#2017-08-08#,H,6,gains,8
#2017-08-08#,H,6,influence,8
#2017-08-08#,H,6,afghanistan,8
#2017-08-08#,H,6,continues,8
#2017-08-08#,H,6,war,9
#2017-08-08#,H,6,iran,8
#2017-08-08#,H,6,veterans,1
#2017-08-08#,H,6,paths,2
#2017-08-08#,H,6,care,1
#2017-08-08#,H,6,health,2
#2017-08-08#,H,6,born,1
#2017-08-08#,H,6,rural,1
#2017-08-08#,H,6,bars,2
#2017-08-08#,H,6,delegate,2
#2017-08-08#,H,7,leaks,8
#2017-08-08#,H,7,gains,8
#2017-08-08#,H,7,iran,8
#2017-08-08#,H,7,influence,8
#2017-08-08#,H,7,war,9
#2017-08-08#,H,7,afghanistan,8
#2017-08-08#,H,7,continues,8
#2017-08-08#,H,7,fighting,2
#2017-08-08#,H,7,island,2
#2017-08-08#,H,7,invasive,2
#2017-08-08#,H,7,middle,2
#2017-08-08#,H,7,upper,2
#2017-08-08#,H,7,class,2
#2017-08-08#,H,7,else,2
#2017-08-08#,H,7,hawaiian,2
#2017-08-08#,H,8,leaks,8
#2017-08-08#,H,8,gains,8
#2017-08-08#,H,8,afghanistan,8
#2017-08-08#,H,8,war,9
#2017-08-08#,H,8,iran,8
#2017-08-08#,H,8,influence,8
#2017-08-08#,H,8,continues,8
#2017-08-08#,H,8,rally,4
#2017-08-08#,H,8,market,4
#2017-08-08#,H,8,possibly,4
#2017-08-08#,H,8,continue,4
#2017-08-08#,H,8,paths,2
#2017-08-08#,H,8,column,4
#2017-08-08#,H,8,health,2
#2017-08-08#,H,8,photographer,1
#2017-08-08#,T,1,didn't,1
#2017-08-08#,T,1,funder,1
#2017-08-08#,T,1,contact,1
#2017-08-08#,T,1,tdameritrade,1
#2017-08-08#,T,1,washtimes,1
#2017-08-08#,T,1,fox,1
#2017-08-08#,T,1,saying,1
#2017-08-08#,T,1,lied,1
#2017-08-08#,T,1,agree,1
#2017-08-08#,T,1,fake,2
#2017-08-08#,T,1,told,1
#2017-08-08#,T,1,fire,1
#2017-08-08#,T,1,hannity,1
#2017-08-08#,T,1,media,2
#2017-08-08#,T,1,#firehannity-that,1
#2017-08-08#,T,2,story,2
#2017-08-08#,T,2,lies,1
#2017-08-08#,T,2,coming,1
#2017-08-08#,T,2,tweet,1
#2017-08-08#,T,2,nytimes,1
#2017-08-08#,T,2,vp,1
#2017-08-08#,T,2,#lies,1
#2017-08-08#,T,2,sad,1
#2017-08-08#,T,2,#maga,2
#2017-08-08#,T,2,spreading,1
#2017-08-08#,T,2,morning,1
#2017-08-08#,T,2,mycalynn,1
#2017-08-08#,T,2,via,1
#2017-08-08#,T,2,pathetic,1
#2017-08-08#,T,2,sound,1
#2017-08-08#,T,3,doing,1
#2017-08-08#,T,3,potus,2
#2017-08-08#,T,3,fool,1
#2017-08-08#,T,3,georgiadirtroad,1
#2017-08-08#,T,3,lying,1
#2017-08-08#,T,3,believes,1
#2017-08-08#,T,3,simple,1
#2017-08-08#,T,3,trumptv,1
#2017-08-08#,T,3,#istandwithtrump,1
#2017-08-08#,T,3,que,1
#2017-08-08#,T,3,ryanafournier,1
#2017-08-08#,T,3,#resistfakenews,1
#2017-08-08#,T,3,media,2
#2017-08-08#,T,3,vacation,1
#2017-08-08#,T,3,rt,3
#2017-08-08#,T,4,propaganda,1
#2017-08-08#,T,4,tv,1
#2017-08-08#,T,4,de,1
#2017-08-08#,T,4,fake,2
#2017-08-08#,T,4,#trumprussia,1
#2017-08-08#,T,4,spread,1
#2017-08-08#,T,4,#trumptv,1
#2017-08-08#,T,4,news,2
#2017-08-08#,T,4,fakenews,1
#2017-08-08#,T,4,war,9
#2017-08-08#,T,4,un,1
#2017-08-08#,T,4,post,1
#2017-08-08#,T,4,cnn,2
#2017-08-08#,T,4,called,1
#2017-08-08#,T,4,sources,1
#2017-08-08#,T,5,cnn,2
#2017-08-08#,T,5,call,1
#2017-08-08#,T,5,house,1
#2017-08-08#,T,5,scandal,1
#2017-08-08#,T,5,demand,1
#2017-08-08#,T,5,covering,1
#2017-08-08#,T,5,nyt,1
#2017-08-08#,T,5,news,2
#2017-08-08#,T,5,week,1
#2017-08-08#,T,5,rt,3
#2017-08-08#,T,5,dwstweets,1
#2017-08-08#,T,5,#imranawan,1
#2017-08-08#,T,5,launched,1
#2017-08-08#,T,5,geoffmiami,1
#2017-08-08#,T,5,sunsentinel,1
#2017-08-08#,T,6,report,1
#2017-08-08#,T,6,trump,2
#2017-08-08#,T,6,#realnews,1
#2017-08-08#,T,6,network,1
#2017-08-08#,T,6,live,1
#2017-08-08#,T,6,trumps,1
#2017-08-08#,T,6,launch,1
#2017-08-08#,T,6,challenges,1
#2017-08-08#,T,6,won't,1
#2017-08-08#,T,6,#alexjonesshow,1
#2017-08-08#,T,6,realalexjones,1
#2017-08-08#,T,6,realdonaldtrump,2
#2017-08-08#,T,6,alozrast,1
#2017-08-08#,T,6,enjoy,1
#2017-08-08#,T,6,accomplishments,1
#2017-08-08#,T,7,#msm,1
#2017-08-08#,T,7,potus,2
#2017-08-08#,T,7,realdonaldtrump,2
#2017-08-08#,T,7,th,1
#2017-08-08#,T,7,#trump,1
#2017-08-08#,T,7,ratings,1
#2017-08-08#,T,7,#maga,2
#2017-08-08#,T,7,time,1
#2017-08-08#,T,7,w/,1
#2017-08-08#,T,7,wonder,1
#2017-08-08#,T,7,created,1
#2017-08-08#,T,7,looks,1
#2017-08-08#,T,7,straight,1
#2017-08-08#,T,7,stacylstiles,1
#2017-08-08#,T,7,peplamb,1
#2017-08-08#,T,8,russia,1
#2017-08-08#,T,8,#potus,1
#2017-08-08#,T,8,election,1
#2017-08-08#,T,8,bill,1
#2017-08-08#,T,8,lynch,1
#2017-08-08#,T,8,rt,3
#2017-08-08#,T,8,#confessyourunpopularopinion,1
#2017-08-08#,T,8,story,2
#2017-08-08#,T,8,meeting,1
#2017-08-08#,T,8,elected,1
#2017-08-08#,T,8,trump,2
#2017-08-08#,T,8,american,1
#2017-08-08#,T,8,loretta,1
#2017-08-08#,T,8,base,1
#2017-08-08#,T,8,jordan,1
#2017-08-09#,H,1,trump,10
#2017-08-09#,H,1,generation,8
#2017-08-09#,H,1,watch,8
#2017-08-09#,H,1,smartphones,8
#2017-08-09#,H,1,column,8
#2017-08-09#,H,1,unhappy,8
#2017-08-09#,H,1,continue,8
#2017-08-09#,H,1,korea,8
#2017-08-09#,H,1,north,8
#2017-08-09#,H,1,retains,1
#2017-08-09#,H,1,getting,2
#2017-08-09#,H,1,base,2
#2017-08-09#,H,1,support,2
#2017-08-09#,H,1,beat,2
#2017-08-09#,H,1,vows,2
#2017-08-09#,H,2,trump,10
#2017-08-09#,H,2,unhappy,8
#2017-08-09#,H,2,smartphones,8
#2017-08-09#,H,2,generation,8
#2017-08-09#,H,2,column,8
#2017-08-09#,H,2,north,8
#2017-08-09#,H,2,continue,8
#2017-08-09#,H,2,korea,8
#2017-08-09#,H,2,watch,8
#2017-08-09#,H,2,tourism,2
#2017-08-09#,H,2,changing,2
#2017-08-09#,H,2,hopes,1
#2017-08-09#,H,2,cuban,2
#2017-08-09#,H,2,u.s,2
#2017-08-09#,H,2,sink,2
#2017-08-09#,H,3,trump,10
#2017-08-09#,H,3,north,8
#2017-08-09#,H,3,korea,8
#2017-08-09#,H,3,watch,8
#2017-08-09#,H,3,continue,8
#2017-08-09#,H,3,generation,8
#2017-08-09#,H,3,smartphones,8
#2017-08-09#,H,3,unhappy,8
#2017-08-09#,H,3,column,8
#2017-08-09#,H,3,nuclear,1
#2017-08-09#,H,3,warhead,1
#2017-08-09#,H,3,reports,1
#2017-08-09#,H,3,inside,1
#2017-08-09#,H,3,fits,1
#2017-08-09#,H,3,missile,1
#2017-08-09#,H,4,trump,10
#2017-08-09#,H,4,watch,8
#2017-08-09#,H,4,continue,8
#2017-08-09#,H,4,column,8
#2017-08-09#,H,4,smartphones,8
#2017-08-09#,H,4,generation,8
#2017-08-09#,H,4,unhappy,8
#2017-08-09#,H,4,korea,8
#2017-08-09#,H,4,north,8
#2017-08-09#,H,4,crisis,1
#2017-08-09#,H,4,opioid,1
#2017-08-09#,H,4,vows,2
#2017-08-09#,H,4,beat,2
#2017-08-09#,H,4,base,2
#2017-08-09#,H,4,support,2
#2017-08-09#,H,5,trump,10
#2017-08-09#,H,5,column,8
#2017-08-09#,H,5,generation,8
#2017-08-09#,H,5,smartphones,8
#2017-08-09#,H,5,unhappy,8
#2017-08-09#,H,5,continue,8
#2017-08-09#,H,5,watch,8
#2017-08-09#,H,5,korea,8
#2017-08-09#,H,5,north,8
#2017-08-09#,H,5,finishing,1
#2017-08-09#,H,5,never-ending,1
#2017-08-09#,H,5,antibiotics,1
#2017-08-09#,H,5,debate,1
#2017-08-09#,H,5,policy,2
#2017-08-09#,H,5,tides,1
#2017-08-09#,H,6,trump,10
#2017-08-09#,H,6,generation,8
#2017-08-09#,H,6,smartphones,8
#2017-08-09#,H,6,unhappy,8
#2017-08-09#,H,6,continue,8
#2017-08-09#,H,6,korea,8
#2017-08-09#,H,6,north,8
#2017-08-09#,H,6,column,8
#2017-08-09#,H,6,watch,8
#2017-08-09#,H,6,u.s,2
#2017-08-09#,H,6,tourism,2
#2017-08-09#,H,6,sink,2
#2017-08-09#,H,6,cuban,2
#2017-08-09#,H,6,changing,2
#2017-08-09#,H,6,policy,2
#2017-08-09#,H,7,trump,10
#2017-08-09#,H,7,continue,8
#2017-08-09#,H,7,column,8
#2017-08-09#,H,7,unhappy,8
#2017-08-09#,H,7,korea,8
#2017-08-09#,H,7,watch,8
#2017-08-09#,H,7,smartphones,8
#2017-08-09#,H,7,north,8
#2017-08-09#,H,7,generation,8
#2017-08-09#,H,7,market,1
#2017-08-09#,H,7,stock,1
#2017-08-09#,H,7,possibly,1
#2017-08-09#,H,7,rally,1
#2017-08-09#,H,7,threats,1
#2017-08-09#,H,7,warns,1
#2017-08-09#,H,8,trump,10
#2017-08-09#,H,8,unhappy,8
#2017-08-09#,H,8,smartphones,8
#2017-08-09#,H,8,generation,8
#2017-08-09#,H,8,watch,8
#2017-08-09#,H,8,north,8
#2017-08-09#,H,8,korea,8
#2017-08-09#,H,8,column,8
#2017-08-09#,H,8,continue,8
#2017-08-09#,H,8,programs,1
#2017-08-09#,H,8,refugee,1
#2017-08-09#,H,8,resettlement,1
#2017-08-09#,H,8,getting,2
#2017-08-09#,H,8,campaigns,1
#2017-08-09#,H,8,helpful,1
#2017-08-09#,T,1,cnn,2
#2017-08-09#,T,1,believe,1
#2017-08-09#,T,1,polls,1
#2017-08-09#,T,1,president,1
#2017-08-09#,T,1,google,1
#2017-08-09#,T,1,#fakenews,2
#2017-08-09#,T,1,fake,2
#2017-08-09#,T,1,mean,1
#2017-08-09#,T,1,scrowder,1
#2017-08-09#,T,1,check,1
#2017-08-09#,T,1,wrong,1
#2017-08-09#,T,1,women,1
#2017-08-09#,T,1,rt,3
#2017-08-09#,T,1,we're,1
#2017-08-09#,T,1,time,2
#2017-08-09#,T,2,house,1
#2017-08-09#,T,2,#msm,1
#2017-08-09#,T,2,realdonaldtrump,3
#2017-08-09#,T,2,doing,1
#2017-08-09#,T,2,white,1
#2017-08-09#,T,2,#cnn,1
#2017-08-09#,T,2,approval,1
#2017-08-09#,T,2,rt,3
#2017-08-09#,T,2,#trump,2
#2017-08-09#,T,2,maggunslinger,1
#2017-08-09#,T,2,#blackoutcnn,1
#2017-08-09#,T,2,illustrates,1
#2017-08-09#,T,2,perfectly,1
#2017-08-09#,T,2,#spinapart,1
#2017-08-09#,T,2,stop,1
#2017-08-09#,T,3,potus,1
#2017-08-09#,T,3,newsweek,1
#2017-08-09#,T,3,stacylstiles,1
#2017-08-09#,T,3,nytimes,1
#2017-08-09#,T,3,realdonaldtrump,3
#2017-08-09#,T,3,hillary,1
#2017-08-09#,T,3,months,1
#2017-08-09#,T,3,obama,1
#2017-08-09#,T,3,spread,1
#2017-08-09#,T,3,boy,1
#2017-08-09#,T,3,entire,1
#2017-08-09#,T,3,st,1
#2017-08-09#,T,3,harder,1
#2017-08-09#,T,3,lazy,1
#2017-08-09#,T,3,#impeachtrump,1
#2017-08-09#,T,4,hannity,1
#2017-08-09#,T,4,fox,1
#2017-08-09#,T,4,#firehannity,1
#2017-08-09#,T,4,sean,1
#2017-08-09#,T,4,didn't,1
#2017-08-09#,T,4,funder,1
#2017-08-09#,T,4,conspiracy,1
#2017-08-09#,T,4,deejay,1
#2017-08-09#,T,4,told,1
#2017-08-09#,T,4,agree,1
#2017-08-09#,T,4,lies,1
#2017-08-09#,T,4,fire,1
#2017-08-09#,T,4,debunked,1
#2017-08-09#,T,4,washtimes,1
#2017-08-09#,T,4,theories,1
#2017-08-09#,T,5,#maga,1
#2017-08-09#,T,5,th,1
#2017-08-09#,T,5,#trump,2
#2017-08-09#,T,5,fake,2
#2017-08-09#,T,5,trump,10
#2017-08-09#,T,5,donnawr,1
#2017-08-09#,T,5,administration,1
#2017-08-09#,T,5,death,1
#2017-08-09#,T,5,record,1
#2017-08-09#,T,5,straight,1
#2017-08-09#,T,5,#trumpsarmy,1
#2017-08-09#,T,5,continues,1
#2017-08-09#,T,5,delivers,1
#2017-08-09#,T,5,spiral,1
#2017-08-09#,T,5,blow,1
#2017-08-09#,T,6,times,1
#2017-08-09#,T,6,alozrast,1
#2017-08-09#,T,6,lying,1
#2017-08-09#,T,6,trump,10
#2017-08-09#,T,6,york,1
#2017-08-09#,T,6,o'keefe,1
#2017-08-09#,T,6,teased,1
#2017-08-09#,T,6,get'em,1
#2017-08-09#,T,6,rats,1
#2017-08-09#,T,6,https://t.co/ymg4xla5ep,1
#2017-08-09#,T,6,seanhannity,1
#2017-08-09#,T,6,#realnews,1
#2017-08-09#,T,6,network,1
#2017-08-09#,T,6,evidence,1
#2017-08-09#,T,6,email,1
#2017-08-09#,T,7,news,1
#2017-08-09#,T,7,local,1
#2017-08-09#,T,7,media,1
#2017-08-09#,T,7,report,1
#2017-08-09#,T,7,call,1
#2017-08-09#,T,7,climate,1
#2017-08-09#,T,7,scientists,1
#2017-08-09#,T,7,claim,1
#2017-08-09#,T,7,foxnewspolitics,1
#2017-08-09#,T,7,incorrect,1
#2017-08-09#,T,7,davidkwilliams,1
#2017-08-09#,T,7,https://t.co/ufyoylo0x,1
#2017-08-09#,T,7,ny,1
#2017-08-09#,T,7,im_theantitrump,1
#2017-08-09#,T,7,stories,1
#2017-08-09#,T,8,cnn,2
#2017-08-09#,T,8,fakenews,1
#2017-08-09#,T,8,nyt,1
#2017-08-09#,T,8,trust,1
#2017-08-09#,T,8,di,1
#2017-08-09#,T,8,realdonaldtrump,3
#2017-08-09#,T,8,anti,1
#2017-08-09#,T,8,libs,1
#2017-08-09#,T,8,rt,3
#2017-08-09#,T,8,lie,1
#2017-08-09#,T,8,#fakenews,2
#2017-08-09#,T,8,wolfenspride,1
#2017-08-09#,T,8,=,1
#2017-08-09#,T,8,time,2
#2017-08-09#,T,8,elites,1
#2017-08-10#,H,1,north,9
#2017-08-10#,H,1,korea,9
#2017-08-10#,H,1,lost,8
#2017-08-10#,H,1,save,8
#2017-08-10#,H,1,pain,8
#2017-08-10#,H,1,opioids,8
#2017-08-10#,H,1,mayor,8
#2017-08-10#,H,1,son,8
#2017-08-10#,H,1,families,8
#2017-08-10#,H,1,proposed,1
#2017-08-10#,H,1,sue,1
#2017-08-10#,H,1,trump,3
#2017-08-10#,H,1,military,1
#2017-08-10#,H,1,troops,1
#2017-08-10#,H,1,ban,1
#2017-08-10#,H,2,mayor,8
#2017-08-10#,H,2,pain,8
#2017-08-10#,H,2,lost,8
#2017-08-10#,H,2,families,8
#2017-08-10#,H,2,son,8
#2017-08-10#,H,2,opioids,8
#2017-08-10#,H,2,save,8
#2017-08-10#,H,2,north,9
#2017-08-10#,H,2,korea,9
#2017-08-10#,H,2,dialed,2
#2017-08-10#,H,2,investigating,2
#2017-08-10#,H,2,college,2
#2017-08-10#,H,2,sexual,2
#2017-08-10#,H,2,rules,2
#2017-08-10#,H,2,assault,2
#2017-08-10#,H,3,korea,9
#2017-08-10#,H,3,north,9
#2017-08-10#,H,3,families,8
#2017-08-10#,H,3,son,8
#2017-08-10#,H,3,opioids,8
#2017-08-10#,H,3,save,8
#2017-08-10#,H,3,lost,8
#2017-08-10#,H,3,pain,8
#2017-08-10#,H,3,mayor,8
#2017-08-10#,H,3,fiery,1
#2017-08-10#,H,3,agrees,1
#2017-08-10#,H,3,threat,1
#2017-08-10#,H,3,watch,1
#2017-08-10#,H,3,department,1
#2017-08-10#,H,3,failure,2
#2017-08-10#,H,4,families,8
#2017-08-10#,H,4,pain,8
#2017-08-10#,H,4,mayor,8
#2017-08-10#,H,4,opioids,8
#2017-08-10#,H,4,save,8
#2017-08-10#,H,4,son,8
#2017-08-10#,H,4,lost,8
#2017-08-10#,H,4,north,9
#2017-08-10#,H,4,korea,9
#2017-08-10#,H,4,epic,1
#2017-08-10#,H,4,gender,2
#2017-08-10#,H,4,google,1
#2017-08-10#,H,4,differences,2
#2017-08-10#,H,4,understand,2
#2017-08-10#,H,4,column,2
#2017-08-10#,H,5,pain,8
#2017-08-10#,H,5,opioids,8
#2017-08-10#,H,5,mayor,8
#2017-08-10#,H,5,save,8
#2017-08-10#,H,5,lost,8
#2017-08-10#,H,5,families,8
#2017-08-10#,H,5,son,8
#2017-08-10#,H,5,north,9
#2017-08-10#,H,5,korea,9
#2017-08-10#,H,5,differences,2
#2017-08-10#,H,5,column,2
#2017-08-10#,H,5,gender,2
#2017-08-10#,H,5,understand,2
#2017-08-10#,H,5,learn,1
#2017-08-10#,H,5,failure,2
#2017-08-10#,H,6,korea,9
#2017-08-10#,H,6,north,9
#2017-08-10#,H,6,lost,8
#2017-08-10#,H,6,save,8
#2017-08-10#,H,6,families,8
#2017-08-10#,H,6,mayor,8
#2017-08-10#,H,6,son,8
#2017-08-10#,H,6,pain,8
#2017-08-10#,H,6,opioids,8
#2017-08-10#,H,6,concerned,2
#2017-08-10#,H,6,government,2
#2017-08-10#,H,6,change,2
#2017-08-10#,H,6,climate,1
#2017-08-10#,H,6,report,3
#2017-08-10#,H,6,scientists,2
#2017-08-10#,H,7,save,8
#2017-08-10#,H,7,pain,8
#2017-08-10#,H,7,son,8
#2017-08-10#,H,7,opioids,8
#2017-08-10#,H,7,lost,8
#2017-08-10#,H,7,families,8
#2017-08-10#,H,7,mayor,8
#2017-08-10#,H,7,korea,9
#2017-08-10#,H,7,north,9
#2017-08-10#,H,7,change,2
#2017-08-10#,H,7,released,1
#2017-08-10#,H,7,scientists,2
#2017-08-10#,H,7,report,3
#2017-08-10#,H,7,government,2
#2017-08-10#,H,7,concerned,2
#2017-08-10#,H,8,korea,9
#2017-08-10#,H,8,north,9
#2017-08-10#,H,8,opioids,8
#2017-08-10#,H,8,mayor,8
#2017-08-10#,H,8,son,8
#2017-08-10#,H,8,lost,8
#2017-08-10#,H,8,pain,8
#2017-08-10#,H,8,families,8
#2017-08-10#,H,8,save,8
#2017-08-10#,H,8,college,2
#2017-08-10#,H,8,assault,2
#2017-08-10#,H,8,investigating,2
#2017-08-10#,H,8,sexual,2
#2017-08-10#,H,8,dialed,2
#2017-08-10#,H,8,rules,2
#2017-08-10#,T,1,media,1
#2017-08-10#,T,1,trump,3
#2017-08-10#,T,1,stop,1
#2017-08-10#,T,1,korea,9
#2017-08-10#,T,1,president,1
#2017-08-10#,T,1,et,1
#2017-08-10#,T,1,blame,1
#2017-08-10#,T,1,donald,1
#2017-08-10#,T,1,bill,1
#2017-08-10#,T,1,situation,1
#2017-08-10#,T,1,realalexjones,1
#2017-08-10#,T,1,current,1
#2017-08-10#,T,1,armed,1
#2017-08-10#,T,1,north,9
#2017-08-10#,T,1,liberal,1
#2017-08-10#,T,2,realdonaldtrump,3
#2017-08-10#,T,2,kelliwardaz,2
#2017-08-10#,T,2,tell,3
#2017-08-10#,T,2,cnn,1
#2017-08-10#,T,2,american,2
#2017-08-10#,T,2,=,1
#2017-08-10#,T,2,obama,1
#2017-08-10#,T,2,trust,3
#2017-08-10#,T,2,gingrich_of_pa,1
#2017-08-10#,T,2,spread,1
#2017-08-10#,T,2,hillary,1
#2017-08-10#,T,2,rt,4
#2017-08-10#,T,2,picture,1
#2017-08-10#,T,2,truth,2
#2017-08-10#,T,2,yankifarber,1
#2017-08-10#,T,3,truth,2
#2017-08-10#,T,3,war,1
#2017-08-10#,T,3,#resist,2
#2017-08-10#,T,3,own,1
#2017-08-10#,T,3,winning,1
#2017-08-10#,T,3,im_theantitrump,1
#2017-08-10#,T,3,#donthecon,1
#2017-08-10#,T,3,power,1
#2017-08-10#,T,3,knowledge,1
#2017-08-10#,T,3,american,2
#2017-08-10#,T,3,tell,3
#2017-08-10#,T,3,die,1
#2017-08-10#,T,3,realdonaldtrump,3
#2017-08-10#,T,3,#maga,1
#2017-08-10#,T,3,ago,1
#2017-08-10#,T,4,trump,3
#2017-08-10#,T,4,news,2
#2017-08-10#,T,4,white,1
#2017-08-10#,T,4,house,1
#2017-08-10#,T,4,fox,1
#2017-08-10#,T,4,cernovich,1
#2017-08-10#,T,4,#draintheswamp,1
#2017-08-10#,T,4,journalist,1
#2017-08-10#,T,4,taking,1
#2017-08-10#,T,4,kwilli,1
#2017-08-10#,T,4,rt,4
#2017-08-10#,T,4,telling,1
#2017-08-10#,T,4,vacation,1
#2017-08-10#,T,4,bugs,1
#2017-08-10#,T,4,host,1
#2017-08-10#,T,5,foxnews,1
#2017-08-10#,T,5,la,1
#2017-08-10#,T,5,didn't,1
#2017-08-10#,T,5,support,1
#2017-08-10#,T,5,time,1
#2017-08-10#,T,5,americanvoterus,1
#2017-08-10#,T,5,il,1
#2017-08-10#,T,5,di,1
#2017-08-10#,T,5,reports,1
#2017-08-10#,T,5,potus,1
#2017-08-10#,T,5,trust,3
#2017-08-10#,T,5,#stampa,1
#2017-08-10#,T,5,vogliamo,1
#2017-08-10#,T,5,blog,1
#2017-08-10#,T,5,dirlo,1
#2017-08-10#,T,6,fake,1
#2017-08-10#,T,6,read,1
#2017-08-10#,T,6,trust,3
#2017-08-10#,T,6,nytimes,1
#2017-08-10#,T,6,tell,3
#2017-08-10#,T,6,realdonaldtrump,3
#2017-08-10#,T,6,rt,4
#2017-08-10#,T,6,false,1
#2017-08-10#,T,6,news,2
#2017-08-10#,T,6,kelliwardaz,2
#2017-08-10#,T,6,stupid,1
#2017-08-10#,T,6,fakenews,1
#2017-08-10#,T,6,#hoax,1
#2017-08-10#,T,6,guess,1
#2017-08-10#,T,6,kid,1
#2017-08-10#,T,7,report,3
#2017-08-10#,T,7,#trump,1
#2017-08-10#,T,7,exposed,1
#2017-08-10#,T,7,donnawr,1
#2017-08-10#,T,7,won't,1
#2017-08-10#,T,7,#trumpsarmy,1
#2017-08-10#,T,7,answers,1
#2017-08-10#,T,7,questions,1
#2017-08-10#,T,7,economy,1
#2017-08-10#,T,7,times,1
#2017-08-10#,T,7,york,1
#2017-08-10#,T,7,#wednesdaywisdom,1
#2017-08-10#,T,7,coming,1
#2017-08-10#,T,7,#nra,1
#2017-08-10#,T,7,eissolomon,1
#2017-08-10#,T,8,trolls,1
#2017-08-10#,T,8,#northkorea,1
#2017-08-10#,T,8,#nuclearwar,1
#2017-08-10#,T,8,#theresistance,1
#2017-08-10#,T,8,benfrancis,1
#2017-08-10#,T,8,#25thamendmentnow,1
#2017-08-10#,T,8,#impeachtrump,1
#2017-08-10#,T,8,#trumpageddon,1
#2017-08-10#,T,8,#resist,2
#2017-08-10#,T,8,#trumprussia,1
#2017-08-10#,T,8,clinton,1
#2017-08-10#,T,8,rt,4
#2017-08-10#,T,8,internet,1
#2017-08-10#,T,8,paid,1
#2017-08-10#,T,8,paying,1
#2017-08-11#,H,1,superbugs,8
#2017-08-11#,H,1,signals,8
#2017-08-11#,H,1,react,8
#2017-08-11#,H,1,u.s,8
#2017-08-11#,H,1,mixed,8
#2017-08-11#,H,1,north,8
#2017-08-11#,H,1,korea,9
#2017-08-11#,H,1,techniques,8
#2017-08-11#,H,1,industrial,8
#2017-08-11#,H,1,breed,8
#2017-08-11#,H,1,farming,8
#2017-08-11#,H,1,reform,1
#2017-08-11#,H,1,agenda,2
#2017-08-11#,H,1,tax,2
#2017-08-11#,H,1,save,2
#2017-08-11#,H,2,superbugs,8
#2017-08-11#,H,2,techniques,8
#2017-08-11#,H,2,industrial,8
#2017-08-11#,H,2,farming,8
#2017-08-11#,H,2,breed,8
#2017-08-11#,H,2,north,8
#2017-08-11#,H,2,u.s,8
#2017-08-11#,H,2,signals,8
#2017-08-11#,H,2,mixed,8
#2017-08-11#,H,2,korea,9
#2017-08-11#,H,2,react,8
#2017-08-11#,H,2,tax,2
#2017-08-11#,H,2,agenda,2
#2017-08-11#,H,2,save,2
#2017-08-11#,H,2,legislative,1
#2017-08-11#,H,3,superbugs,8
#2017-08-11#,H,3,breed,8
#2017-08-11#,H,3,farming,8
#2017-08-11#,H,3,techniques,8
#2017-08-11#,H,3,industrial,8
#2017-08-11#,H,3,mixed,8
#2017-08-11#,H,3,u.s,8
#2017-08-11#,H,3,signals,8
#2017-08-11#,H,3,react,8
#2017-08-11#,H,3,korea,9
#2017-08-11#,H,3,north,8
#2017-08-11#,H,3,opioid,3
#2017-08-11#,H,3,trump,6
#2017-08-11#,H,3,crisis,3
#2017-08-11#,H,3,watch,3
#2017-08-11#,H,4,superbugs,8
#2017-08-11#,H,4,signals,8
#2017-08-11#,H,4,korea,9
#2017-08-11#,H,4,react,8
#2017-08-11#,H,4,north,8
#2017-08-11#,H,4,mixed,8
#2017-08-11#,H,4,u.s,8
#2017-08-11#,H,4,farming,8
#2017-08-11#,H,4,industrial,8
#2017-08-11#,H,4,breed,8
#2017-08-11#,H,4,techniques,8
#2017-08-11#,H,4,opioid,3
#2017-08-11#,H,4,watch,3
#2017-08-11#,H,4,crisis,3
#2017-08-11#,H,4,trump,6
#2017-08-11#,H,5,superbugs,8
#2017-08-11#,H,5,korea,9
#2017-08-11#,H,5,north,8
#2017-08-11#,H,5,signals,8
#2017-08-11#,H,5,mixed,8
#2017-08-11#,H,5,u.s,8
#2017-08-11#,H,5,react,8
#2017-08-11#,H,5,farming,8
#2017-08-11#,H,5,techniques,8
#2017-08-11#,H,5,breed,8
#2017-08-11#,H,5,industrial,8
#2017-08-11#,H,5,trump,6
#2017-08-11#,H,5,watch,3
#2017-08-11#,H,5,crisis,3
#2017-08-11#,H,5,opioid,3
#2017-08-11#,H,6,superbugs,8
#2017-08-11#,H,6,korea,9
#2017-08-11#,H,6,north,8
#2017-08-11#,H,6,u.s,8
#2017-08-11#,H,6,react,8
#2017-08-11#,H,6,signals,8
#2017-08-11#,H,6,mixed,8
#2017-08-11#,H,6,breed,8
#2017-08-11#,H,6,industrial,8
#2017-08-11#,H,6,farming,8
#2017-08-11#,H,6,techniques,8
#2017-08-11#,H,6,driving,2
#2017-08-11#,H,6,saudi,1
#2017-08-11#,H,6,female,2
#2017-08-11#,H,6,ultimate,2
#2017-08-11#,H,7,superbugs,8
#2017-08-11#,H,7,industrial,8
#2017-08-11#,H,7,breed,8
#2017-08-11#,H,7,farming,8
#2017-08-11#,H,7,techniques,8
#2017-08-11#,H,7,north,8
#2017-08-11#,H,7,u.s,8
#2017-08-11#,H,7,korea,9
#2017-08-11#,H,7,signals,8
#2017-08-11#,H,7,react,8
#2017-08-11#,H,7,mixed,8
#2017-08-11#,H,7,driving,2
#2017-08-11#,H,7,female,2
#2017-08-11#,H,7,ultimate,2
#2017-08-11#,H,7,emancipation,1
#2017-08-11#,H,8,superbugs,8
#2017-08-11#,H,8,breed,8
#2017-08-11#,H,8,farming,8
#2017-08-11#,H,8,techniques,8
#2017-08-11#,H,8,industrial,8
#2017-08-11#,H,8,mixed,8
#2017-08-11#,H,8,react,8
#2017-08-11#,H,8,u.s,8
#2017-08-11#,H,8,north,8
#2017-08-11#,H,8,korea,9
#2017-08-11#,H,8,signals,8
#2017-08-11#,H,8,probably,1
#2017-08-11#,H,8,stories,1
#2017-08-11#,H,8,deserve,1
#2017-08-11#,H,8,closer,1
#2017-08-11#,T,1,times,1
#2017-08-11#,T,1,#wednesdaywisdom,1
#2017-08-11#,T,1,coming,1
#2017-08-11#,T,1,#nra,1
#2017-08-11#,T,1,york,1
#2017-08-11#,T,1,eissolomon,1
#2017-08-11#,T,1,#danaloesch,1
#2017-08-11#,T,1,#thelyingpress,1
#2017-08-11#,T,1,polling,1
#2017-08-11#,T,1,american,4
#2017-08-11#,T,1,survey,1
#2017-08-11#,T,1,majority,1
#2017-08-11#,T,1,christiec,1
#2017-08-11#,T,1,tell,3
#2017-08-11#,T,1,country,1
#2017-08-11#,T,2,report,1
#2017-08-11#,T,2,won't,1
#2017-08-11#,T,2,exposed,1
#2017-08-11#,T,2,#trump,1
#2017-08-11#,T,2,donnawr,1
#2017-08-11#,T,2,questions,1
#2017-08-11#,T,2,#trumpsarmy,1
#2017-08-11#,T,2,answers,1
#2017-08-11#,T,2,democrats,2
#2017-08-11#,T,2,believe,1
#2017-08-11#,T,2,months,1
#2017-08-11#,T,2,rt,4
#2017-08-11#,T,2,ha,1
#2017-08-11#,T,2,trump,6
#2017-08-11#,T,2,wow,1
#2017-08-11#,T,3,media,1
#2017-08-11#,T,3,story,1
#2017-08-11#,T,3,korea,9
#2017-08-11#,T,3,voter,1
#2017-08-11#,T,3,post,1
#2017-08-11#,T,3,fraud,1
#2017-08-11#,T,3,harlan,1
#2017-08-11#,T,3,exist,1
#2017-08-11#,T,3,https://t.co/ep4rd0uffc,1
#2017-08-11#,T,3,kelliwardaz,3
#2017-08-11#,T,3,told,1
#2017-08-11#,T,3,democrats,2
#2017-08-11#,T,3,trust,3
#2017-08-11#,T,3,american,4
#2017-08-11#,T,3,truth,3
#2017-08-11#,T,4,paul,1
#2017-08-11#,T,4,panic,1
#2017-08-11#,T,4,loses,1
#2017-08-11#,T,4,subscribers,1
#2017-08-11#,T,4,peace,1
#2017-08-11#,T,4,#dabonthehaters,1
#2017-08-11#,T,4,neckdeepuk,1
#2017-08-11#,T,4,copy,1
#2017-08-11#,T,4,jake,1
#2017-08-11#,T,4,pre-order,1
#2017-08-11#,T,4,cnn,2
#2017-08-11#,T,4,rt,4
#2017-08-11#,T,4,realdonaldtrump,4
#2017-08-11#,T,4,real,1
#2017-08-11#,T,4,abc,1
#2017-08-11#,T,5,news,1
#2017-08-11#,T,5,realdonaldtrump,4
#2017-08-11#,T,5,american,4
#2017-08-11#,T,5,fox,1
#2017-08-11#,T,5,kelliwardaz,3
#2017-08-11#,T,5,fake,1
#2017-08-11#,T,5,tell,3
#2017-08-11#,T,5,trust,3
#2017-08-11#,T,5,truth,3
#2017-08-11#,T,5,eric,1
#2017-08-11#,T,5,journalist,1
#2017-08-11#,T,5,yashar,1
#2017-08-11#,T,5,sues,1
#2017-08-11#,T,5,rt,4
#2017-08-11#,T,5,host,1
#2017-08-11#,T,6,potus,1
#2017-08-11#,T,6,realdonaldtrump,4
#2017-08-11#,T,6,americanvoterus,1
#2017-08-11#,T,6,storms,1
#2017-08-11#,T,6,jrcheneyjohn,1
#2017-08-11#,T,6,weathers,1
#2017-08-11#,T,6,rhinos,1
#2017-08-11#,T,6,world,1
#2017-08-11#,T,6,didn't,1
#2017-08-11#,T,6,nytimes,1
#2017-08-11#,T,6,trump,6
#2017-08-11#,T,6,trumpiteer,1
#2017-08-11#,T,6,a_4us,1
#2017-08-11#,T,6,resist_libs,1
#2017-08-11#,T,6,covfefe4us,1
#2017-08-11#,T,7,trump,6
#2017-08-11#,T,7,kwilli,1
#2017-08-11#,T,7,foxnews,1
#2017-08-11#,T,7,base,1
#2017-08-11#,T,7,die,1
#2017-08-11#,T,7,learn,1
#2017-08-11#,T,7,wash,1
#2017-08-11#,T,7,return,1
#2017-08-11#,T,7,drifting,1
#2017-08-11#,T,7,support,1
#2017-08-11#,T,7,air,1
#2017-08-11#,T,7,graham,1
#2017-08-11#,T,7,mccain,1
#2017-08-11#,T,7,constantly,1
#2017-08-11#,T,7,opinions,1
#2017-08-11#,T,8,tell,3
#2017-08-11#,T,8,kelliwardaz,3
#2017-08-11#,T,8,trust,3
#2017-08-11#,T,8,truth,3
#2017-08-11#,T,8,american,4
#2017-08-11#,T,8,realdonaldtrump,4
#2017-08-11#,T,8,de,1
#2017-08-11#,T,8,cnn,2
#2017-08-11#,T,8,trolls,1
#2017-08-11#,T,8,clinton,1
#2017-08-11#,T,8,ericbolling,1
#2017-08-11#,T,8,en,1
#2017-08-11#,T,8,rt,4
#2017-08-11#,T,8,admits,1
#2017-08-11#,T,8,#fakenews,1
#2017-08-12#,H,1,korea,9
#2017-08-12#,H,1,north,10
#2017-08-12#,H,1,cardin,8
#2017-08-12#,H,1,game,8
#2017-08-12#,H,1,plan,8
#2017-08-12#,H,1,chicken,8
#2017-08-12#,H,1,warning,8
#2017-08-12#,H,1,producer,8
#2017-08-12#,H,1,economic,8
#2017-08-12#,H,1,antibiotics,8
#2017-08-12#,H,1,reason,8
#2017-08-12#,H,1,involving,2
#2017-08-12#,H,1,developments,2
#2017-08-12#,H,1,misconduct,1
#2017-08-12#,H,1,cameras,2
#2017-08-12#,H,2,north,10
#2017-08-12#,H,2,korea,9
#2017-08-12#,H,2,cardin,8
#2017-08-12#,H,2,plan,8
#2017-08-12#,H,2,warning,8
#2017-08-12#,H,2,game,8
#2017-08-12#,H,2,producer,8
#2017-08-12#,H,2,economic,8
#2017-08-12#,H,2,reason,8
#2017-08-12#,H,2,antibiotics,8
#2017-08-12#,H,2,chicken,8
#2017-08-12#,H,2,happened,1
#2017-08-12#,H,2,body,2
#2017-08-12#,H,2,cameras,2
#2017-08-12#,H,2,police,2
#2017-08-12#,H,3,north,10
#2017-08-12#,H,3,korea,9
#2017-08-12#,H,3,producer,8
#2017-08-12#,H,3,economic,8
#2017-08-12#,H,3,reason,8
#2017-08-12#,H,3,chicken,8
#2017-08-12#,H,3,antibiotics,8
#2017-08-12#,H,3,game,8
#2017-08-12#,H,3,cardin,8
#2017-08-12#,H,3,plan,8
#2017-08-12#,H,3,warning,8
#2017-08-12#,H,3,threats,1
#2017-08-12#,H,3,marcus,1
#2017-08-12#,H,3,brooks,1
#2017-08-12#,H,3,kick,2
#2017-08-12#,H,4,korea,9
#2017-08-12#,H,4,north,10
#2017-08-12#,H,4,reason,8
#2017-08-12#,H,4,producer,8
#2017-08-12#,H,4,chicken,8
#2017-08-12#,H,4,antibiotics,8
#2017-08-12#,H,4,economic,8
#2017-08-12#,H,4,warning,8
#2017-08-12#,H,4,plan,8
#2017-08-12#,H,4,cardin,8
#2017-08-12#,H,4,game,8
#2017-08-12#,H,4,acts,2
#2017-08-12#,H,4,allies,2
#2017-08-12#,H,4,regret,2
#2017-08-12#,H,4,watch,1
#2017-08-12#,H,5,north,10
#2017-08-12#,H,5,korea,9
#2017-08-12#,H,5,game,8
#2017-08-12#,H,5,warning,8
#2017-08-12#,H,5,plan,8
#2017-08-12#,H,5,cardin,8
#2017-08-12#,H,5,chicken,8
#2017-08-12#,H,5,antibiotics,8
#2017-08-12#,H,5,economic,8
#2017-08-12#,H,5,reason,8
#2017-08-12#,H,5,producer,8
#2017-08-12#,H,5,acts,2
#2017-08-12#,H,5,u.s,1
#2017-08-12#,H,5,regret,2
#2017-08-12#,H,5,allies,2
#2017-08-12#,H,6,north,10
#2017-08-12#,H,6,korea,9
#2017-08-12#,H,6,plan,8
#2017-08-12#,H,6,warning,8
#2017-08-12#,H,6,cardin,8
#2017-08-12#,H,6,game,8
#2017-08-12#,H,6,economic,8
#2017-08-12#,H,6,antibiotics,8
#2017-08-12#,H,6,producer,8
#2017-08-12#,H,6,reason,8
#2017-08-12#,H,6,chicken,8
#2017-08-12#,H,6,words,1
#2017-08-12#,H,6,fires,2
#2017-08-12#,H,6,war,2
#2017-08-12#,H,6,trump,3
#2017-08-12#,H,7,korea,9
#2017-08-12#,H,7,north,10
#2017-08-12#,H,7,reason,8
#2017-08-12#,H,7,antibiotics,8
#2017-08-12#,H,7,chicken,8
#2017-08-12#,H,7,economic,8
#2017-08-12#,H,7,producer,8
#2017-08-12#,H,7,game,8
#2017-08-12#,H,7,warning,8
#2017-08-12#,H,7,cardin,8
#2017-08-12#,H,7,plan,8
#2017-08-12#,H,7,heroin,1
#2017-08-12#,H,7,kick,2
#2017-08-12#,H,7,tried,1
#2017-08-12#,H,7,addict,1
#2017-08-12#,H,8,korea,9
#2017-08-12#,H,8,north,10
#2017-08-12#,H,8,antibiotics,8
#2017-08-12#,H,8,chicken,8
#2017-08-12#,H,8,reason,8
#2017-08-12#,H,8,economic,8
#2017-08-12#,H,8,producer,8
#2017-08-12#,H,8,plan,8
#2017-08-12#,H,8,game,8
#2017-08-12#,H,8,warning,8
#2017-08-12#,H,8,cardin,8
#2017-08-12#,H,8,police,2
#2017-08-12#,H,8,involving,2
#2017-08-12#,H,8,developments,2
#2017-08-12#,H,8,body,2
#2017-08-12#,T,1,cnn,2
#2017-08-12#,T,1,beat,1
#2017-08-12#,T,1,badly,1
#2017-08-12#,T,1,polnewsforever,1
#2017-08-12#,T,1,derangement,1
#2017-08-12#,T,1,syndrome,1
#2017-08-12#,T,1,infected,1
#2017-08-12#,T,1,trump,3
#2017-08-12#,T,1,north,10
#2017-08-12#,T,1,paul,1
#2017-08-12#,T,1,peace,1
#2017-08-12#,T,1,jake,1
#2017-08-12#,T,1,copy,1
#2017-08-12#,T,1,panic,1
#2017-08-12#,T,1,neckdeepuk,1
#2017-08-12#,T,2,die,1
#2017-08-12#,T,2,fakenews,2
#2017-08-12#,T,2,der,1
#2017-08-12#,T,2,he's,1
#2017-08-12#,T,2,und,1
#2017-08-12#,T,2,es,1
#2017-08-12#,T,2,makes,1
#2017-08-12#,T,2,seanhannity,1
#2017-08-12#,T,2,seriously,1
#2017-08-12#,T,2,verbreitet,1
#2017-08-12#,T,2,won't,1
#2017-08-12#,T,2,sie,1
#2017-08-12#,T,2,das,1
#2017-08-12#,T,2,rt,5
#2017-08-12#,T,2,days,1
#2017-08-12#,T,3,realdonaldtrump,1
#2017-08-12#,T,3,jrcheneyjohn,1
#2017-08-12#,T,3,truth,1
#2017-08-12#,T,3,tell,1
#2017-08-12#,T,3,christiec,1
#2017-08-12#,T,3,stacylstiles,1
#2017-08-12#,T,3,carrieksada,1
#2017-08-12#,T,3,rt,5
#2017-08-12#,T,3,swat,1
#2017-08-12#,T,3,leahr,1
#2017-08-12#,T,3,foxandfriends,1
#2017-08-12#,T,3,jojoh,1
#2017-08-12#,T,3,ms_erika,1
#2017-08-12#,T,3,jessebwatters,1
#2017-08-12#,T,3,danrather,1
#2017-08-12#,T,4,time,1
#2017-08-12#,T,4,washingtonpost,1
#2017-08-12#,T,4,journalists,1
#2017-08-12#,T,4,fires,2
#2017-08-12#,T,4,afghanistan,1
#2017-08-12#,T,4,shujarabbani,1
#2017-08-12#,T,4,lawsuit,1
#2017-08-12#,T,4,slander,1
#2017-08-12#,T,4,hefty,1
#2017-08-12#,T,4,elites,1
#2017-08-12#,T,4,msm,1
#2017-08-12#,T,4,fake,1
#2017-08-12#,T,4,globalists,1
#2017-08-12#,T,4,leftists,1
#2017-08-12#,T,4,we'll,1
#2017-08-12#,T,5,foxnews,1
#2017-08-12#,T,5,trump,3
#2017-08-12#,T,5,americanvoterus,1
#2017-08-12#,T,5,support,1
#2017-08-12#,T,5,air,1
#2017-08-12#,T,5,constantly,1
#2017-08-12#,T,5,opinions,1
#2017-08-12#,T,5,trumpers,1
#2017-08-12#,T,5,graham,1
#2017-08-12#,T,5,mccain,1
#2017-08-12#,T,5,didn't,1
#2017-08-12#,T,5,davidmweissman,1
#2017-08-12#,T,5,news,2
#2017-08-12#,T,5,rt,5
#2017-08-12#,T,5,president,1
#2017-08-12#,T,6,korea,9
#2017-08-12#,T,6,north,10
#2017-08-12#,T,6,cnn,2
#2017-08-12#,T,6,propaganda,1
#2017-08-12#,T,6,political,1
#2017-08-12#,T,6,network,1
#2017-08-12#,T,6,war,2
#2017-08-12#,T,6,sick,1
#2017-08-12#,T,6,wear,1
#2017-08-12#,T,6,weapons,1
#2017-08-12#,T,6,women,1
#2017-08-12#,T,6,shoes,1
#2017-08-12#,T,6,officially,1
#2017-08-12#,T,6,the_trump_train,1
#2017-08-12#,T,6,sided,1
#2017-08-12#,T,7,democrats,1
#2017-08-12#,T,7,told,1
#2017-08-12#,T,7,polling,1
#2017-08-12#,T,7,fraud,1
#2017-08-12#,T,7,voter,1
#2017-08-12#,T,7,exist,1
#2017-08-12#,T,7,https://t.co/ep4rd0uffc,1
#2017-08-12#,T,7,harlan,1
#2017-08-12#,T,7,times,1
#2017-08-12#,T,7,rt,5
#2017-08-12#,T,7,media,1
#2017-08-12#,T,7,del,1
#2017-08-12#,T,7,#fakenews,1
#2017-08-12#,T,7,coming,1
#2017-08-12#,T,7,job,1
#2017-08-12#,T,8,la,1
#2017-08-12#,T,8,de,1
#2017-08-12#,T,8,#defendeurope,1
#2017-08-12#,T,8,russia,1
#2017-08-12#,T,8,les,1
#2017-08-12#,T,8,une,1
#2017-08-12#,T,8,rt,5
#2017-08-12#,T,8,realjeffreylord,1
#2017-08-12#,T,8,un,1
#2017-08-12#,T,8,defendeuropeid,1
#2017-08-12#,T,8,sur,1
#2017-08-12#,T,8,#potus,1
#2017-08-12#,T,8,fakenews,2
#2017-08-12#,T,8,=,1
#2017-08-12#,T,8,news,2
#2017-08-13#,H,1,north,9
#2017-08-13#,H,1,korea,9
#2017-08-13#,H,1,week,8
#2017-08-13#,H,1,police,8
#2017-08-13#,H,1,cameras,8
#2017-08-13#,H,1,body,8
#2017-08-13#,H,1,happened,8
#2017-08-13#,H,1,involving,8
#2017-08-13#,H,1,misconduct,8
#2017-08-13#,H,1,developments,8
#2017-08-13#,H,1,threats,8
#2017-08-13#,H,1,military,8
#2017-08-13#,H,1,trump,10
#2017-08-13#,H,1,nationalist,1
#2017-08-13#,H,1,brings,1
#2017-08-13#,H,2,north,9
#2017-08-13#,H,2,korea,9
#2017-08-13#,H,2,trump,10
#2017-08-13#,H,2,threats,8
#2017-08-13#,H,2,military,8
#2017-08-13#,H,2,police,8
#2017-08-13#,H,2,misconduct,8
#2017-08-13#,H,2,body,8
#2017-08-13#,H,2,involving,8
#2017-08-13#,H,2,cameras,8
#2017-08-13#,H,2,week,8
#2017-08-13#,H,2,happened,8
#2017-08-13#,H,2,developments,8
#2017-08-13#,H,2,rally,1
#2017-08-13#,H,2,white,2
#2017-08-13#,H,3,north,9
#2017-08-13#,H,3,korea,9
#2017-08-13#,H,3,cameras,8
#2017-08-13#,H,3,misconduct,8
#2017-08-13#,H,3,developments,8
#2017-08-13#,H,3,week,8
#2017-08-13#,H,3,police,8
#2017-08-13#,H,3,body,8
#2017-08-13#,H,3,involving,8
#2017-08-13#,H,3,happened,8
#2017-08-13#,H,3,threats,8
#2017-08-13#,H,3,military,8
#2017-08-13#,H,3,trump,10
#2017-08-13#,H,3,mind,1
#2017-08-13#,H,3,risch,2
#2017-08-13#,H,4,north,9
#2017-08-13#,H,4,korea,9
#2017-08-13#,H,4,involving,8
#2017-08-13#,H,4,misconduct,8
#2017-08-13#,H,4,military,8
#2017-08-13#,H,4,body,8
#2017-08-13#,H,4,week,8
#2017-08-13#,H,4,trump,10
#2017-08-13#,H,4,police,8
#2017-08-13#,H,4,developments,8
#2017-08-13#,H,4,cameras,8
#2017-08-13#,H,4,happened,8
#2017-08-13#,H,4,threats,8
#2017-08-13#,H,4,option,1
#2017-08-13#,H,4,watch,3
#2017-08-13#,H,5,north,9
#2017-08-13#,H,5,korea,9
#2017-08-13#,H,5,trump,10
#2017-08-13#,H,5,military,8
#2017-08-13#,H,5,threats,8
#2017-08-13#,H,5,happened,8
#2017-08-13#,H,5,body,8
#2017-08-13#,H,5,police,8
#2017-08-13#,H,5,week,8
#2017-08-13#,H,5,developments,8
#2017-08-13#,H,5,involving,8
#2017-08-13#,H,5,misconduct,8
#2017-08-13#,H,5,cameras,8
#2017-08-13#,H,5,watch,3
#2017-08-13#,H,5,abortion,1
#2017-08-13#,H,6,north,9
#2017-08-13#,H,6,korea,9
#2017-08-13#,H,6,military,8
#2017-08-13#,H,6,trump,10
#2017-08-13#,H,6,threats,8
#2017-08-13#,H,6,happened,8
#2017-08-13#,H,6,developments,8
#2017-08-13#,H,6,misconduct,8
#2017-08-13#,H,6,involving,8
#2017-08-13#,H,6,body,8
#2017-08-13#,H,6,week,8
#2017-08-13#,H,6,police,8
#2017-08-13#,H,6,cameras,8
#2017-08-13#,H,6,risch,2
#2017-08-13#,H,6,venezuela,1
#2017-08-13#,H,7,north,9
#2017-08-13#,H,7,korea,9
#2017-08-13#,H,7,threats,8
#2017-08-13#,H,7,developments,8
#2017-08-13#,H,7,week,8
#2017-08-13#,H,7,police,8
#2017-08-13#,H,7,misconduct,8
#2017-08-13#,H,7,happened,8
#2017-08-13#,H,7,cameras,8
#2017-08-13#,H,7,involving,8
#2017-08-13#,H,7,body,8
#2017-08-13#,H,7,military,8
#2017-08-13#,H,7,trump,10
#2017-08-13#,H,7,texas,1
#2017-08-13#,H,7,restrict,1
#2017-08-13#,H,8,north,9
#2017-08-13#,H,8,korea,9
#2017-08-13#,H,8,happened,8
#2017-08-13#,H,8,body,8
#2017-08-13#,H,8,cameras,8
#2017-08-13#,H,8,developments,8
#2017-08-13#,H,8,involving,8
#2017-08-13#,H,8,police,8
#2017-08-13#,H,8,misconduct,8
#2017-08-13#,H,8,week,8
#2017-08-13#,H,8,military,8
#2017-08-13#,H,8,trump,10
#2017-08-13#,H,8,threats,8
#2017-08-13#,H,8,rule,1
#2017-08-13#,H,8,watch,3
#2017-08-13#,T,1,cnn,1
#2017-08-13#,T,1,korea,9
#2017-08-13#,T,1,north,9
#2017-08-13#,T,1,badly,1
#2017-08-13#,T,1,derangement,1
#2017-08-13#,T,1,beat,1
#2017-08-13#,T,1,syndrome,1
#2017-08-13#,T,1,infected,1
#2017-08-13#,T,1,polnewsforever,1
#2017-08-13#,T,1,stop,1
#2017-08-13#,T,1,saying,1
#2017-08-13#,T,1,propaganda,1
#2017-08-13#,T,1,network,1
#2017-08-13#,T,1,usa,1
#2017-08-13#,T,1,#msm,1
#2017-08-13#,T,2,president,1
#2017-08-13#,T,2,davidmweissman,1
#2017-08-13#,T,2,israel,1
#2017-08-13#,T,2,netanyahu,1
#2017-08-13#,T,2,infiltrated,1
#2017-08-13#,T,2,pm,1
#2017-08-13#,T,2,#standwithnetanyahu,1
#2017-08-13#,T,2,attack,1
#2017-08-13#,T,2,trump,10
#2017-08-13#,T,2,fake,2
#2017-08-13#,T,2,he's,1
#2017-08-13#,T,2,continue,1
#2017-08-13#,T,2,disappointed,1
#2017-08-13#,T,2,realalexjones,1
#2017-08-13#,T,2,digging,1
#2017-08-13#,T,3,los,1
#2017-08-13#,T,3,medios,1
#2017-08-13#,T,3,fines,1
#2017-08-13#,T,3,#maga,1
#2017-08-13#,T,3,fake,2
#2017-08-13#,T,3,white,2
#2017-08-13#,T,3,que,1
#2017-08-13#,T,3,won't,1
#2017-08-13#,T,3,es,1
#2017-08-13#,T,3,ya,1
#2017-08-13#,T,3,wouldn't,1
#2017-08-13#,T,3,terror,1
#2017-08-13#,T,3,radical,1
#2017-08-13#,T,3,islamic,1
#2017-08-13#,T,3,nationalism,1
#2017-08-13#,T,4,donald,1
#2017-08-13#,T,4,crap,1
#2017-08-13#,T,4,david,1
#2017-08-13#,T,4,duke,1
#2017-08-13#,T,4,little,1
#2017-08-13#,T,4,cut,1
#2017-08-13#,T,4,disavowed,1
#2017-08-13#,T,4,sparklesoup,1
#2017-08-13#,T,4,multiple,1
#2017-08-13#,T,4,divisive,1
#2017-08-13#,T,4,occasions,1
#2017-08-13#,T,4,whiny,1
#2017-08-13#,T,4,parasite,1
#2017-08-13#,T,4,de,1
#2017-08-13#,T,4,les,1
#2017-08-13#,T,5,news,1
#2017-08-13#,T,5,potus,2
#2017-08-13#,T,5,realdonaldtrump,2
#2017-08-13#,T,5,kwilli,1
#2017-08-13#,T,5,thanks,1
#2017-08-13#,T,5,n.korea,1
#2017-08-13#,T,5,bill,1
#2017-08-13#,T,5,reason,1
#2017-08-13#,T,5,rhetoric,1
#2017-08-13#,T,5,=,1
#2017-08-13#,T,5,americanvoterus,1
#2017-08-13#,T,5,liberals,1
#2017-08-13#,T,5,care,1
#2017-08-13#,T,5,voice,1
#2017-08-13#,T,5,dear,1
#2017-08-13#,T,6,ready,1
#2017-08-13#,T,6,nazi,1
#2017-08-13#,T,6,#antifa,1
#2017-08-13#,T,6,media,1
#2017-08-13#,T,6,supporters,1
#2017-08-13#,T,6,pretending,1
#2017-08-13#,T,6,march,1
#2017-08-13#,T,6,question,1
#2017-08-13#,T,6,mitchellvii,1
#2017-08-13#,T,6,eating,1
#2017-08-13#,T,6,neo,1
#2017-08-13#,T,6,trump,10
#2017-08-13#,T,6,time,1
#2017-08-13#,T,6,washingtonpost,1
#2017-08-13#,T,6,journalists,1
#2017-08-13#,T,7,fakenews,2
#2017-08-13#,T,7,via,1
#2017-08-13#,T,7,#fakenews,1
#2017-08-13#,T,7,stand,1
#2017-08-13#,T,7,/,1
#2017-08-13#,T,7,story,1
#2017-08-13#,T,7,realdonaldtrump,2
#2017-08-13#,T,7,spokesperson,1
#2017-08-13#,T,7,reject,1
#2017-08-13#,T,7,rt,2
#2017-08-13#,T,7,foxnews,1
#2017-08-13#,T,7,didn't,1
#2017-08-13#,T,7,gavin_mcinnes,1
#2017-08-13#,T,7,twitter,1
#2017-08-13#,T,7,potus,2
#2017-08-13#,T,8,russia,1
#2017-08-13#,T,8,defendeuropeid,1
#2017-08-13#,T,8,#defendeurope,1
#2017-08-13#,T,8,globalists,1
#2017-08-13#,T,8,#potus,1
#2017-08-13#,T,8,fakenews,2
#2017-08-13#,T,8,mightybusterbro,1
#2017-08-13#,T,8,#witchhunt,1
#2017-08-13#,T,8,rt,2
#2017-08-13#,T,8,#russiaprobe,1
#2017-08-13#,T,8,cernovich,1
#2017-08-13#,T,8,witch,1
#2017-08-13#,T,8,shorter,1
#2017-08-13#,T,8,hunt,1
#2017-08-13#,T,8,version,1
#2017-08-14#,H,1,north,8
#2017-08-14#,H,1,threats,7
#2017-08-14#,H,1,white,7
#2017-08-14#,H,1,alert,8
#2017-08-14#,H,1,korean,8
#2017-08-14#,H,1,mayor,5
#2017-08-14#,H,1,guam,7
#2017-08-14#,H,1,charlottesville,7
#2017-08-14#,H,1,trump,11
#2017-08-14#,H,1,involving,7
#2017-08-14#,H,1,cameras,7
#2017-08-14#,H,1,police,7
#2017-08-14#,H,1,happened,8
#2017-08-14#,H,1,week,8
#2017-08-14#,H,1,misconduct,8
#2017-08-14#,H,2,misconduct,8
#2017-08-14#,H,2,korean,8
#2017-08-14#,H,2,alert,8
#2017-08-14#,H,2,body,6
#2017-08-14#,H,2,developments,7
#2017-08-14#,H,2,guam,7
#2017-08-14#,H,2,involving,7
#2017-08-14#,H,2,police,7
#2017-08-14#,H,2,trump,11
#2017-08-14#,H,2,happened,8
#2017-08-14#,H,2,threats,7
#2017-08-14#,H,2,cameras,7
#2017-08-14#,H,2,week,8
#2017-08-14#,H,2,north,8
#2017-08-14#,H,2,white,7
#2017-08-14#,H,3,body,6
#2017-08-14#,H,3,mayor,5
#2017-08-14#,H,3,misconduct,8
#2017-08-14#,H,3,developments,7
#2017-08-14#,H,3,cameras,7
#2017-08-14#,H,3,guam,7
#2017-08-14#,H,3,police,7
#2017-08-14#,H,3,involving,7
#2017-08-14#,H,3,threats,7
#2017-08-14#,H,3,week,8
#2017-08-14#,H,3,charlottesville,7
#2017-08-14#,H,3,north,8
#2017-08-14#,H,3,korean,8
#2017-08-14#,H,3,alert,8
#2017-08-14#,H,3,happened,8
#2017-08-14#,H,4,north,8
#2017-08-14#,H,4,guam,7
#2017-08-14#,H,4,korean,8
#2017-08-14#,H,4,alert,8
#2017-08-14#,H,4,threats,7
#2017-08-14#,H,4,happened,8
#2017-08-14#,H,4,week,8
#2017-08-14#,H,4,involving,7
#2017-08-14#,H,4,body,6
#2017-08-14#,H,4,developments,7
#2017-08-14#,H,4,cameras,7
#2017-08-14#,H,4,misconduct,8
#2017-08-14#,H,4,police,7
#2017-08-14#,H,4,trump,11
#2017-08-14#,H,4,charlottesville,7
#2017-08-14#,H,5,white,7
#2017-08-14#,H,5,charlottesville,7
#2017-08-14#,H,5,mayor,5
#2017-08-14#,H,5,trump,11
#2017-08-14#,H,5,korean,8
#2017-08-14#,H,5,alert,8
#2017-08-14#,H,5,guam,7
#2017-08-14#,H,5,week,8
#2017-08-14#,H,5,north,8
#2017-08-14#,H,5,body,6
#2017-08-14#,H,5,happened,8
#2017-08-14#,H,5,developments,7
#2017-08-14#,H,5,police,7
#2017-08-14#,H,5,misconduct,8
#2017-08-14#,H,5,threats,7
#2017-08-14#,H,6,charlottesville,7
#2017-08-14#,H,6,mayor,5
#2017-08-14#,H,6,white,7
#2017-08-14#,H,6,trump,11
#2017-08-14#,H,6,north,8
#2017-08-14#,H,6,threats,7
#2017-08-14#,H,6,guam,7
#2017-08-14#,H,6,alert,8
#2017-08-14#,H,6,korean,8
#2017-08-14#,H,6,involving,7
#2017-08-14#,H,6,cameras,7
#2017-08-14#,H,6,developments,7
#2017-08-14#,H,6,body,6
#2017-08-14#,H,6,week,8
#2017-08-14#,H,6,misconduct,8
#2017-08-14#,H,7,police,7
#2017-08-14#,H,7,cameras,7
#2017-08-14#,H,7,developments,7
#2017-08-14#,H,7,misconduct,8
#2017-08-14#,H,7,body,6
#2017-08-14#,H,7,happened,8
#2017-08-14#,H,7,involving,7
#2017-08-14#,H,7,week,8
#2017-08-14#,H,7,mayor,5
#2017-08-14#,H,7,trump,11
#2017-08-14#,H,7,charlottesville,7
#2017-08-14#,H,7,white,7
#2017-08-14#,H,7,korean,8
#2017-08-14#,H,7,north,8
#2017-08-14#,H,7,alert,8
#2017-08-14#,H,8,threats,7
#2017-08-14#,H,8,charlottesville,7
#2017-08-14#,H,8,week,8
#2017-08-14#,H,8,white,7
#2017-08-14#,H,8,trump,11
#2017-08-14#,H,8,alert,8
#2017-08-14#,H,8,guam,7
#2017-08-14#,H,8,north,8
#2017-08-14#,H,8,korean,8
#2017-08-14#,H,8,happened,8
#2017-08-14#,H,8,misconduct,8
#2017-08-14#,H,8,police,7
#2017-08-14#,H,8,involving,7
#2017-08-14#,H,8,cameras,7
#2017-08-14#,H,8,developments,7
#2017-08-14#,T,1,#antifa,1
#2017-08-14#,T,1,trump,11
#2017-08-14#,T,1,nazi,1
#2017-08-14#,T,1,ready,1
#2017-08-14#,T,1,question,1
#2017-08-14#,T,1,mitchellvii,1
#2017-08-14#,T,1,pretending,1
#2017-08-14#,T,1,supporters,1
#2017-08-14#,T,1,march,1
#2017-08-14#,T,1,eating,1
#2017-08-14#,T,1,neo,1
#2017-08-14#,T,1,crap,1
#2017-08-14#,T,1,donald,1
#2017-08-14#,T,1,little,1
#2017-08-14#,T,1,occasions,1
#2017-08-14#,T,2,white,7
#2017-08-14#,T,2,supremacist,1
#2017-08-14#,T,2,angry,1
#2017-08-14#,T,2,bettybowers,1
#2017-08-14#,T,2,peter,1
#2017-08-14#,T,2,cvjetanovic,1
#2017-08-14#,T,2,potus,1
#2017-08-14#,T,2,dems,1
#2017-08-14#,T,2,talking,1
#2017-08-14#,T,2,hard,1
#2017-08-14#,T,2,pushing,1
#2017-08-14#,T,2,notice,1
#2017-08-14#,T,2,fake,2
#2017-08-14#,T,2,picture,1
#2017-08-14#,T,2,#whitesupremacy,1
#2017-08-14#,T,3,#blm,1
#2017-08-14#,T,3,condemned,1
#2017-08-14#,T,3,fakenews,1
#2017-08-14#,T,3,narrative,1
#2017-08-14#,T,3,bocavista,1
#2017-08-14#,T,3,ferguson,1
#2017-08-14#,T,3,seventeen,1
#2017-08-14#,T,3,cops,1
#2017-08-14#,T,3,blamed,1
#2017-08-14#,T,3,burned,1
#2017-08-14#,T,3,obama/#fakenews,1
#2017-08-14#,T,3,specifically,1
#2017-08-14#,T,3,#fakenews,4
#2017-08-14#,T,3,opinion,1
#2017-08-14#,T,3,die,1
#2017-08-14#,T,4,tell,1
#2017-08-14#,T,4,bernie,1
#2017-08-14#,T,4,sweetatertot,1
#2017-08-14#,T,4,james,1
#2017-08-14#,T,4,fields,1
#2017-08-14#,T,4,alex,1
#2017-08-14#,T,4,jr,1
#2017-08-14#,T,4,probably,1
#2017-08-14#,T,4,voted,1
#2017-08-14#,T,4,align,1
#2017-08-14#,T,4,wont,1
#2017-08-14#,T,4,fake,2
#2017-08-14#,T,4,#fakenews,4
#2017-08-14#,T,4,wake,1
#2017-08-14#,T,4,stump4trumppac,1
#2017-08-14#,T,5,violence,1
#2017-08-14#,T,5,#charlottesville,1
#2017-08-14#,T,5,di,1
#2017-08-14#,T,5,juliannassange,1
#2017-08-14#,T,5,report,1
#2017-08-14#,T,5,huge,1
#2017-08-14#,T,5,disavowed,1
#2017-08-14#,T,5,#msm,1
#2017-08-14#,T,5,job,1
#2017-08-14#,T,5,news,2
#2017-08-14#,T,5,#blacklivesmatter,1
#2017-08-14#,T,5,refuses,1
#2017-08-14#,T,5,trump,11
#2017-08-14#,T,5,coverage,1
#2017-08-14#,T,5,rt,1
#2017-08-14#,T,6,cnn,1
#2017-08-14#,T,6,media,1
#2017-08-14#,T,6,mainstream,1
#2017-08-14#,T,6,msnbc,1
#2017-08-14#,T,6,jrcheneyjohn,1
#2017-08-14#,T,6,happened,8
#2017-08-14#,T,6,news,2
#2017-08-14#,T,6,won't,1
#2017-08-14#,T,6,realdonaldtrump,1
#2017-08-14#,T,6,understand,1
#2017-08-14#,T,6,americanvoterus,1
#2017-08-14#,T,6,#fakenews,4
#2017-08-14#,T,6,accusations,1
#2017-08-14#,T,6,abc,1
#2017-08-14#,T,6,outlets,1
#2017-08-14#,T,7,#maga,1
#2017-08-14#,T,7,obama,1
#2017-08-14#,T,7,left,1
#2017-08-14#,T,7,#trumptrain,1
#2017-08-14#,T,7,nuclear,1
#2017-08-14#,T,7,mess,1
#2017-08-14#,T,7,iran,1
#2017-08-14#,T,7,funded,1
#2017-08-14#,T,7,skb_sara,1
#2017-08-14#,T,7,https://t.co/c6bole53q,1
#2017-08-14#,T,7,#sundayreads,1
#2017-08-14#,T,7,propaganda,1
#2017-08-14#,T,7,trump,11
#2017-08-14#,T,7,#fakenews,4
#2017-08-14#,T,7,war,1
#2017-08-14#,T,8,duke,1
#2017-08-14#,T,8,trump,11
#2017-08-14#,T,8,support,1
#2017-08-14#,T,8,=,1
#2017-08-14#,T,8,kkk,1
#2017-08-14#,T,8,didn't,1
#2017-08-14#,T,8,repstevensmith,1
#2017-08-14#,T,8,gt;calls,1
#2017-08-14#,T,8,bigot/racist,1
#2017-08-14#,T,8,thejusticedept,1
#2017-08-14#,T,8,fake_name,1
#2017-08-14#,T,8,rips,1
#2017-08-14#,T,8,rodstryker,1
#2017-08-14#,T,8,david,1
#2017-08-14#,T,8,real,1
