#2017-08-04#,H,1,briefing,2
#2017-08-04#,H,1,trump,4
#2017-08-04#,H,1,house,2
#2017-08-04#,H,1,white,2
#2017-08-04#,H,1,morning,1
#2017-08-04#,H,1,edition,1
#2017-08-04#,H,1,allies,1
#2017-08-04#,H,1,jury,1
#2017-08-04#,H,1,grand,1
#2017-08-04#,H,1,market,1
#2017-08-04#,H,1,damage,1
#2017-08-04#,H,1,assesses,1
#2017-08-04#,H,1,hbo,1
#2017-08-04#,H,1,cyberattack,1
#2017-08-04#,H,1,korean,1
#2017-08-04#,H,2,australia,1
#2017-08-04#,H,2,calls,1
#2017-08-04#,H,2,dark,1
#2017-08-04#,H,2,debate,1
#2017-08-04#,H,2,line,1
#2017-08-04#,H,2,transcripts,1
#2017-08-04#,H,2,trump's,1
#2017-08-04#,H,2,town,1
#2017-08-04#,H,2,australian,1
#2017-08-04#,H,2,deal,1
#2017-08-04#,H,2,judith,1
#2017-08-04#,H,2,jones,1
#2017-08-04#,H,2,threat,1
#2017-08-04#,H,2,nuclear,1
#2017-08-04#,H,2,political,2
#2017-08-04#,H,3,care,1
#2017-08-04#,H,3,health,1
#2017-08-04#,H,3,travel,1
#2017-08-04#,H,3,summer,1
#2017-08-04#,H,3,editorial,1
#2017-08-04#,H,3,recommendation,1
#2017-08-04#,H,3,letter,1
#2017-08-04#,H,3,finding,1
#2017-08-04#,H,3,shocker,1
#2017-08-04#,H,3,common,1
#2017-08-04#,H,3,island,1
#2017-08-04#,H,3,california,1
#2017-08-04#,H,3,battle,1
#2017-08-04#,H,3,firsts,1
#2017-08-04#,H,3,thinking,1
#2017-08-04#,H,4,feasting,1
#2017-08-04#,H,4,blow,1
#2017-08-04#,H,4,false,1
#2017-08-04#,H,4,republican,1
#2017-08-04#,H,4,system,1
#2017-08-04#,H,4,sanctions,1
#2017-08-04#,H,4,ghost,1
#2017-08-04#,H,4,play,1
#2017-08-04#,H,4,opinion,1
#2017-08-04#,H,4,sale,1
#2017-08-04#,H,4,switch,1
#2017-08-04#,H,4,review,1
#2017-08-04#,H,4,north,1
#2017-08-04#,H,4,virginia,1
#2017-08-04#,H,4,governor,1
#2017-08-04#,H,5,trump,4
#2017-08-04#,H,5,tom,1
#2017-08-04#,H,5,airport,1
#2017-08-04#,H,5,worker,1
#2017-08-04#,H,5,live,1
#2017-08-04#,H,5,brady,1
#2017-08-04#,H,5,year-old,1
#2017-08-04#,H,5,book,1
#2017-08-04#,H,5,punches,1
#2017-08-04#,H,5,passenger,1
#2017-08-04#,H,5,holding,1
#2017-08-04#,H,5,baby,1
#2017-08-04#,H,5,survives,1
#2017-08-04#,H,5,slams,1
#2017-08-04#,H,5,car,1
#2017-08-04#,H,6,president,1
#2017-08-04#,H,6,bribery,1
#2017-08-04#,H,6,prosecution,1
#2017-08-04#,H,6,brazilian,1
#2017-08-04#,H,6,reject,1
#2017-08-04#,H,6,lawmakers,1
#2017-08-04#,H,6,russia,1
#2017-08-04#,H,6,congress,1
#2017-08-04#,H,6,running,1
#2017-08-04#,H,6,michel,1
#2017-08-04#,H,6,temer,1
#2017-08-04#,H,6,stride,1
#2017-08-04#,H,6,phys,1
#2017-08-04#,H,6,comes,1
#2017-08-04#,H,6,ed,1
#2017-08-04#,H,7,mueller,1
#2017-08-04#,H,7,puzzle,1
#2017-08-04#,H,7,protect,1
#2017-08-04#,H,7,trump,4
#2017-08-04#,H,7,makes,1
#2017-08-04#,H,7,master,1
#2017-08-04#,H,7,profile,1
#2017-08-04#,H,7,lifelong,1
#2017-08-04#,H,7,shortz,1
#2017-08-04#,H,7,legal,1
#2017-08-04#,H,7,trilobites,1
#2017-08-04#,H,7,trail,1
#2017-08-04#,H,7,lightning,1
#2017-08-04#,H,7,scaramucci,1
#2017-08-04#,H,7,immigration,3
#2017-08-04#,H,8,action,1
#2017-08-04#,H,8,affirmative,1
#2017-08-04#,H,8,justice,1
#2017-08-04#,H,8,save,1
#2017-08-04#,H,8,college,1
#2017-08-04#,H,8,hackers,1
#2017-08-04#,H,8,tech,1
#2017-08-04#,H,8,admissions,1
#2017-08-04#,H,8,wall,1
#2017-08-04#,H,8,inquiry,1
#2017-08-04#,H,8,dept,1
#2017-08-04#,H,8,push,1
#2017-08-04#,H,8,washington,1
#2017-08-04#,H,8,game,1
#2017-08-04#,H,8,u.s,1
#2017-08-04#,T,1,#firehannity,1
#2017-08-04#,T,1,jim,1
#2017-08-04#,T,1,news,1
#2017-08-04#,T,1,report,1
#2017-08-04#,T,1,real,1
#2017-08-04#,T,1,#trump,1
#2017-08-04#,T,1,#maga,1
#2017-08-04#,T,1,#usa,1
#2017-08-04#,T,1,didn't,1
#2017-08-04#,T,1,donnawr,1
#2017-08-04#,T,1,cuts,1
#2017-08-04#,T,1,static,1
#2017-08-04#,T,1,acosta,3
#2017-08-04#,T,1,#sethrich,1
#2017-08-04#,T,1,miller,2
#2017-08-04#,T,2,realdonaldtrump,2
#2017-08-04#,T,2,media,1
#2017-08-04#,T,2,wasn't,1
#2017-08-04#,T,2,transcript,1
#2017-08-04#,T,2,lied,1
#2017-08-04#,T,2,trust,1
#2017-08-04#,T,2,name,1
#2017-08-04#,T,2,rt,3
#2017-08-04#,T,2,the_trump_train,1
#2017-08-04#,T,2,newly,1
#2017-08-04#,T,2,indicates,1
#2017-08-04#,T,2,released,1
#2017-08-04#,T,2,cc,1
#2017-08-04#,T,2,oh,1
#2017-08-04#,T,2,foxnews,1
#2017-08-04#,T,3,listening,1
#2017-08-04#,T,3,fakenews,1
#2017-08-04#,T,3,red,1
#2017-08-04#,T,3,roses,1
#2017-08-04#,T,3,blue,1
#2017-08-04#,T,3,violets,1
#2017-08-04#,T,3,stacylstiles,1
#2017-08-04#,T,3,nobody's,1
#2017-08-04#,T,3,https://t.co/04edalnf3i,1
#2017-08-04#,T,3,ha,1
#2017-08-04#,T,3,il,1
#2017-08-04#,T,3,via,1
#2017-08-04#,T,3,che,1
#2017-08-04#,T,3,political,2
#2017-08-04#,T,3,golf,1
#2017-08-04#,T,4,press,1
#2017-08-04#,T,4,msm,1
#2017-08-04#,T,4,using,1
#2017-08-04#,T,4,expose,1
#2017-08-04#,T,4,exchange,1
#2017-08-04#,T,4,daily,1
#2017-08-04#,T,4,doing,1
#2017-08-04#,T,4,journalism,1
#2017-08-04#,T,4,completely,1
#2017-08-04#,T,4,shsanders,1
#2017-08-04#,T,4,jamesokeefeiii,1
#2017-08-04#,T,4,reform,1
#2017-08-04#,T,4,jobs,1
#2017-08-04#,T,4,rt,3
#2017-08-04#,T,4,demolished,1
#2017-08-04#,T,5,potus,1
#2017-08-04#,T,5,fec,1
#2017-08-04#,T,5,basic,1
#2017-08-04#,T,5,narrative,1
#2017-08-04#,T,5,left,1
#2017-08-04#,T,5,coming,1
#2017-08-04#,T,5,#thursdaythoughts,1
#2017-08-04#,T,5,rt,3
#2017-08-04#,T,5,realdonaldtrump,2
#2017-08-04#,T,5,accurate,1
#2017-08-04#,T,5,spreading,1
#2017-08-04#,T,5,cnn,2
#2017-08-04#,T,5,lance,1
#2017-08-04#,T,5,keemstar,1
#2017-08-04#,T,5,emerging,1
#2017-08-04#,T,6,cnn,2
#2017-08-04#,T,6,start,1
#2017-08-04#,T,6,sebgorka,1
#2017-08-04#,T,6,#cnn,1
#2017-08-04#,T,6,msnbc,1
#2017-08-04#,T,6,nytimes,1
#2017-08-04#,T,6,hates,1
#2017-08-04#,T,6,american,1
#2017-08-04#,T,6,liberty,1
#2017-08-04#,T,6,statue,1
#2017-08-04#,T,6,immigration,3
#2017-08-04#,T,6,acosta's,1
#2017-08-04#,T,6,washingtonpost,1
#2017-08-04#,T,6,correct,1
#2017-08-04#,T,6,huffpost,1
#2017-08-04#,T,7,watch,1
#2017-08-04#,T,7,briefing,2
#2017-08-04#,T,7,reporter,1
#2017-08-04#,T,7,today's,1
#2017-08-04#,T,7,miller's,1
#2017-08-04#,T,7,cnn's,1
#2017-08-04#,T,7,acosta,3
#2017-08-04#,T,7,epic,1
#2017-08-04#,T,7,stephen,2
#2017-08-04#,T,7,lucianwintrich,1
#2017-08-04#,T,7,white,2
#2017-08-04#,T,7,shutdown,1
#2017-08-04#,T,7,house,2
#2017-08-04#,T,7,trump,4
#2017-08-04#,T,7,dump,1
#2017-08-04#,T,8,acosta,3
#2017-08-04#,T,8,world,1
#2017-08-04#,T,8,cosmopolitan,1
#2017-08-04#,T,8,miller,2
#2017-08-04#,T,8,view,1
#2017-08-04#,T,8,jrcheneyjohn,1
#2017-08-04#,T,8,#buildthewall,1
#2017-08-04#,T,8,schools,1
#2017-08-04#,T,8,#raise,1
#2017-08-04#,T,8,stephen,2
#2017-08-04#,T,8,immigration,3
#2017-08-04#,T,8,smackdown,1
#2017-08-04#,T,8,georgiadirtroad,1
#2017-08-04#,T,8,story,1
#2017-08-04#,T,8,time,1
#2017-08-05#,H,1,age,1
#2017-08-05#,H,1,grand,1
#2017-08-05#,H,1,media,3
#2017-08-05#,H,1,jury,1
#2017-08-05#,H,1,brooks,1
#2017-08-05#,H,1,middle,1
#2017-08-05#,H,1,change,1
#2017-08-05#,H,1,food,2
#2017-08-05#,H,1,military,1
#2017-08-05#,H,1,white,1
#2017-08-05#,H,1,house,1
#2017-08-05#,H,1,aims,1
#2017-08-05#,H,1,rigor,1
#2017-08-05#,H,1,impose,1
#2017-08-05#,H,1,eclipse,1
#2017-08-05#,H,2,briefing,1
#2017-08-05#,H,2,morning,1
#2017-08-05#,H,2,city,1
#2017-08-05#,H,2,edition,1
#2017-08-05#,H,2,hunt,1
#2017-08-05#,H,2,notebook,1
#2017-08-05#,H,2,u.s,1
#2017-08-05#,H,2,china,1
#2017-08-05#,H,2,border,1
#2017-08-05#,H,2,toyota,1
#2017-08-05#,H,2,plant,1
#2017-08-05#,H,2,percent,1
#2017-08-05#,H,2,build,1
#2017-08-05#,H,2,mazda,1
#2017-08-05#,H,2,stake,1
#2017-08-05#,H,3,trump,3
#2017-08-05#,H,3,mountain,1
#2017-08-05#,H,3,trail,1
#2017-08-05#,H,3,goats,1
#2017-08-05#,H,3,live,2
#2017-08-05#,H,3,prince,1
#2017-08-05#,H,3,leak,1
#2017-08-05#,H,3,sessions,1
#2017-08-05#,H,3,europe,1
#2017-08-05#,H,3,taking,1
#2017-08-05#,H,3,cillizza,1
#2017-08-05#,H,3,vacation,2
#2017-08-05#,H,3,spurt,1
#2017-08-05#,H,3,experiencing,1
#2017-08-05#,H,3,apple,1
#2017-08-05#,H,4,poster,1
#2017-08-05#,H,4,agree,1
#2017-08-05#,H,4,deadliest,1
#2017-08-05#,H,4,musical,1
#2017-08-05#,H,4,cut,1
#2017-08-05#,H,4,seven,1
#2017-08-05#,H,4,photos,1
#2017-08-05#,H,4,week,1
#2017-08-05#,H,4,town,1
#2017-08-05#,H,4,immigration,1
#2017-08-05#,H,4,congress,1
#2017-08-05#,H,4,report,2
#2017-08-05#,H,4,russia,2
#2017-08-05#,H,4,republicans,1
#2017-08-05#,H,4,search,1
#2017-08-05#,H,5,australia,1
#2017-08-05#,H,5,lightning,1
#2017-08-05#,H,5,dance,1
#2017-08-05#,H,5,flash,1
#2017-08-05#,H,5,photography,1
#2017-08-05#,H,5,adventures,1
#2017-08-05#,H,5,puzzle,1
#2017-08-05#,H,5,tv,1
#2017-08-05#,H,5,master,1
#2017-08-05#,H,5,opinion,1
#2017-08-05#,H,5,plot,1
#2017-08-05#,H,5,isis,1
#2017-08-05#,H,5,justice,2
#2017-08-05#,H,5,dept,1
#2017-08-05#,H,5,plane,1
#2017-08-05#,H,6,review,1
#2017-08-05#,H,6,jobs,1
#2017-08-05#,H,6,tower,1
#2017-08-05#,H,6,probe,1
#2017-08-05#,H,6,north,1
#2017-08-05#,H,6,leaks,1
#2017-08-05#,H,6,korea,1
#2017-08-05#,H,6,message,2
#2017-08-05#,H,6,secret,1
#2017-08-05#,H,6,dark,1
#2017-08-05#,H,6,makes,1
#2017-08-05#,H,6,billion,1
#2017-08-05#,H,6,exports,1
#2017-08-05#,H,6,u.n,1
#2017-08-05#,H,6,lose,1
#2017-08-05#,H,7,month,1
#2017-08-05#,H,7,suicide,1
#2017-08-05#,H,7,york,1
#2017-08-05#,H,7,jail,1
#2017-08-05#,H,7,texting,1
#2017-08-05#,H,7,financial,1
#2017-08-05#,H,7,payday,1
#2017-08-05#,H,7,drug,1
#2017-08-05#,H,7,companies,1
#2017-08-05#,H,7,barrier,1
#2017-08-05#,H,7,developing,1
#2017-08-05#,H,7,antibiotics,1
#2017-08-05#,H,7,term,1
#2017-08-05#,H,7,michelle,1
#2017-08-05#,H,7,carter,1
#2017-08-05#,H,8,sentences,1
#2017-08-05#,H,8,opioid,1
#2017-08-05#,H,8,book,1
#2017-08-05#,H,8,hard,1
#2017-08-05#,H,8,crisis,1
#2017-08-05#,H,8,questions,1
#2017-08-05#,H,8,editorial,1
#2017-08-05#,H,8,short,1
#2017-08-05#,H,8,answers,1
#2017-08-05#,H,8,taylor,1
#2017-08-05#,H,8,wall,1
#2017-08-05#,H,8,days,1
#2017-08-05#,H,8,lifelike,1
#2017-08-05#,H,8,scientists,1
#2017-08-05#,H,8,dinosaur,1
#2017-08-05#,T,1,cnn,1
#2017-08-05#,T,1,months,1
#2017-08-05#,T,1,american,1
#2017-08-05#,T,1,#obamaday,1
#2017-08-05#,T,1,dying,1
#2017-08-05#,T,1,michelle's,1
#2017-08-05#,T,1,bamas,1
#2017-08-05#,T,1,bama's,1
#2017-08-05#,T,1,outed,1
#2017-08-05#,T,1,fought,1
#2017-08-05#,T,1,rivers,1
#2017-08-05#,T,1,joan,1
#2017-08-05#,T,1,lvnancy,1
#2017-08-05#,T,1,we're,1
#2017-08-05#,T,1,matter,1
#2017-08-05#,T,2,hillary,1
#2017-08-05#,T,2,russia,2
#2017-08-05#,T,2,trump,3
#2017-08-05#,T,2,#potus,1
#2017-08-05#,T,2,americanvoterus,1
#2017-08-05#,T,2,mueller,1
#2017-08-05#,T,2,news,2
#2017-08-05#,T,2,fox,1
#2017-08-05#,T,2,live,2
#2017-08-05#,T,2,bs,1
#2017-08-05#,T,2,media,3
#2017-08-05#,T,2,justice,2
#2017-08-05#,T,2,swamp,1
#2017-08-05#,T,2,twitter,1
#2017-08-05#,T,2,ahead,1
#2017-08-05#,T,3,nytimes,1
#2017-08-05#,T,3,call,1
#2017-08-05#,T,3,story,1
#2017-08-05#,T,3,msnbc,1
#2017-08-05#,T,3,wonder,1
#2017-08-05#,T,3,washingtonpost,1
#2017-08-05#,T,3,president,1
#2017-08-05#,T,3,dloesch,1
#2017-08-05#,T,3,message,2
#2017-08-05#,T,3,fake,2
#2017-08-05#,T,3,abc,1
#2017-08-05#,T,3,trump,3
#2017-08-05#,T,3,coming,1
#2017-08-05#,T,3,reporting,1
#2017-08-05#,T,3,#trump,1
#2017-08-05#,T,4,#firehannity,1
#2017-08-05#,T,4,job,1
#2017-08-05#,T,4,person,1
#2017-08-05#,T,4,#cnnfakenews,1
#2017-08-05#,T,4,hahahahahaha,1
#2017-08-05#,T,4,jojoh,1
#2017-08-05#,T,4,remixed,1
#2017-08-05#,T,4,https://t.co/7u5me6pflg,1
#2017-08-05#,T,4,free,1
#2017-08-05#,T,4,food,2
#2017-08-05#,T,4,press,1
#2017-08-05#,T,4,air,1
#2017-08-05#,T,4,listen,1
#2017-08-05#,T,4,russian,1
#2017-08-05#,T,4,rt,2
#2017-08-05#,T,5,potus,1
#2017-08-05#,T,5,fakenews,1
#2017-08-05#,T,5,boy,1
#2017-08-05#,T,5,lazy,1
#2017-08-05#,T,5,list,1
#2017-08-05#,T,5,reporters,1
#2017-08-05#,T,5,msm,1
#2017-08-05#,T,5,carrieksada,1
#2017-08-05#,T,5,accomplishments,1
#2017-08-05#,T,5,dummies,1
#2017-08-05#,T,5,realdonaldtrump,1
#2017-08-05#,T,5,time,1
#2017-08-05#,T,5,report,2
#2017-08-05#,T,5,sweetatertot,1
#2017-08-05#,T,5,julien_assange,1
#2017-08-05#,T,6,abt,1
#2017-08-05#,T,6,tweet,1
#2017-08-05#,T,6,cover-up,1
#2017-08-05#,T,6,vacation,2
#2017-08-05#,T,6,golf,1
#2017-08-05#,T,6,plans,1
#2017-08-05#,T,6,demwrite,1
#2017-08-05#,T,6,eat,1
#2017-08-05#,T,6,organize,1
#2017-08-05#,T,6,supporters,1
#2017-08-05#,T,6,#maga,1
#2017-08-05#,T,6,#trumprally,1
#2017-08-05#,T,6,own,1
#2017-08-05#,T,6,journalism,1
#2017-08-05#,T,6,erictrump,1
#2017-08-05#,T,7,acosta,1
#2017-08-05#,T,7,knp2bp,1
#2017-08-05#,T,7,stop,1
#2017-08-05#,T,7,newsweek,1
#2017-08-05#,T,7,propaganda,1
#2017-08-05#,T,7,#iftwitterdidntexist,1
#2017-08-05#,T,7,aren't,1
#2017-08-05#,T,7,win,1
#2017-08-05#,T,7,weren't,1
#2017-08-05#,T,7,predicting,1
#2017-08-05#,T,7,landslide,1
#2017-08-05#,T,7,pollsters,1
#2017-08-05#,T,7,batch,1
#2017-08-05#,T,7,fooled,1
#2017-08-05#,T,7,jim,1
#2017-08-05#,T,8,news,2
#2017-08-05#,T,8,fake,2
#2017-08-05#,T,8,parkermolloy,1
#2017-08-05#,T,8,satan's,1
#2017-08-05#,T,8,https://t.co/emeltfpmil,1
#2017-08-05#,T,8,clearing,1
#2017-08-05#,T,8,wh,1
#2017-08-05#,T,8,lies,1
#2017-08-05#,T,8,#fakenews,1
#2017-08-05#,T,8,https://t.co/mrrxmhuvpq,1
#2017-08-05#,T,8,tamaki_hiroto,1
#2017-08-05#,T,8,de,1
#2017-08-05#,T,8,seanhannity,1
#2017-08-05#,T,8,media,3
#2017-08-05#,T,8,rt,2
#2017-08-06#,H,1,australia,1
#2017-08-06#,H,1,immigration,1
#2017-08-06#,H,1,diversity,1
#2017-08-06#,H,1,plane,1
#2017-08-06#,H,1,isis,1
#2017-08-06#,H,1,police,1
#2017-08-06#,H,1,missing,1
#2017-08-06#,H,1,marines,1
#2017-08-06#,H,1,join,1
#2017-08-06#,H,1,records,1
#2017-08-06#,H,1,mueller,1
#2017-08-06#,H,1,flynn,1
#2017-08-06#,H,1,cyberattack,1
#2017-08-06#,H,1,praise,1
#2017-08-06#,H,1,won,1
#2017-08-06#,H,2,morning,1
#2017-08-06#,H,2,briefing,1
#2017-08-06#,H,2,edition,1
#2017-08-06#,H,2,play,1
#2017-08-06#,H,2,woman,1
#2017-08-06#,H,2,sentences,1
#2017-08-06#,H,2,trump,4
#2017-08-06#,H,2,fly,1
#2017-08-06#,H,2,world's,1
#2017-08-06#,H,2,fight,1
#2017-08-06#,H,2,beautiful,1
#2017-08-06#,H,2,era,1
#2017-08-06#,H,2,campus,1
#2017-08-06#,H,2,changed,1
#2017-08-06#,H,2,disrupted,1
#2017-08-06#,H,3,north,2
#2017-08-06#,H,3,book,1
#2017-08-06#,H,3,school,1
#2017-08-06#,H,3,bikers,1
#2017-08-06#,H,3,bullied,1
#2017-08-06#,H,3,escort,1
#2017-08-06#,H,3,kid,1
#2017-08-06#,H,3,deal,1
#2017-08-06#,H,3,vacation,1
#2017-08-06#,H,3,save,1
#2017-08-06#,H,3,seeks,1
#2017-08-06#,H,3,nasa,1
#2017-08-06#,H,3,korean,1
#2017-08-06#,H,3,earth,1
#2017-08-06#,H,3,force,1
#2017-08-06#,H,4,editorial,1
#2017-08-06#,H,4,week,1
#2017-08-06#,H,4,city,1
#2017-08-06#,H,4,tv,1
#2017-08-06#,H,4,control,1
#2017-08-06#,H,4,home,1
#2017-08-06#,H,4,real,2
#2017-08-06#,H,4,hometown,1
#2017-08-06#,H,4,history,1
#2017-08-06#,H,4,boy,2
#2017-08-06#,H,4,guide,1
#2017-08-06#,H,4,threat,1
#2017-08-06#,H,4,hot,1
#2017-08-06#,H,4,solution,1
#2017-08-06#,H,4,kitchen,1
#2017-08-06#,H,5,white,1
#2017-08-06#,H,5,york,1
#2017-08-06#,H,5,house,1
#2017-08-06#,H,5,hit,1
#2017-08-06#,H,5,puzzle,1
#2017-08-06#,H,5,shepard,1
#2017-08-06#,H,5,sam,1
#2017-08-06#,H,5,reinvented,1
#2017-08-06#,H,5,downtown,1
#2017-08-06#,H,5,mcmaster,1
#2017-08-06#,H,5,ice,1
#2017-08-06#,H,5,thin,1
#2017-08-06#,H,5,master,1
#2017-08-06#,H,5,wall,1
#2017-08-06#,H,5,collins,1
#2017-08-06#,H,6,leaks,2
#2017-08-06#,H,6,eclipse,1
#2017-08-06#,H,6,poetry,1
#2017-08-06#,H,6,u.a.w,1
#2017-08-06#,H,6,nissan,1
#2017-08-06#,H,6,vote,1
#2017-08-06#,H,6,solar,1
#2017-08-06#,H,6,asylum,1
#2017-08-06#,H,6,flawed,1
#2017-08-06#,H,6,mexico,1
#2017-08-06#,H,6,system,1
#2017-08-06#,H,6,security,1
#2017-08-06#,H,6,north,2
#2017-08-06#,H,6,charged,1
#2017-08-06#,H,6,test,1
#2017-08-06#,H,7,living,1
#2017-08-06#,H,7,economic,1
#2017-08-06#,H,7,news,2
#2017-08-06#,H,7,trump,4
#2017-08-06#,H,7,age,1
#2017-08-06#,H,7,russian,1
#2017-08-06#,H,7,hard,1
#2017-08-06#,H,7,spies,1
#2017-08-06#,H,7,door,1
#2017-08-06#,H,7,drug,1
#2017-08-06#,H,7,american,2
#2017-08-06#,H,7,opioid,1
#2017-08-06#,H,7,unbearable,1
#2017-08-06#,H,7,isolation,1
#2017-08-06#,H,7,caregiving,1
#2017-08-06#,H,8,poster,1
#2017-08-06#,H,8,adventures,1
#2017-08-06#,H,8,musical,1
#2017-08-06#,H,8,u.s,1
#2017-08-06#,H,8,flash,1
#2017-08-06#,H,8,dance,1
#2017-08-06#,H,8,photography,1
#2017-08-06#,H,8,beaches,1
#2017-08-06#,H,8,notebook,1
#2017-08-06#,H,8,seven,1
#2017-08-06#,H,8,cut,1
#2017-08-06#,H,8,lightning,1
#2017-08-06#,H,8,joint,1
#2017-08-06#,H,8,build,1
#2017-08-06#,H,8,percent,1
#2017-08-06#,T,1,potus,1
#2017-08-06#,T,1,reporters,1
#2017-08-06#,T,1,lazy,1
#2017-08-06#,T,1,msm,1
#2017-08-06#,T,1,accomplishments,1
#2017-08-06#,T,1,list,1
#2017-08-06#,T,1,boy,2
#2017-08-06#,T,1,carrieksada,1
#2017-08-06#,T,1,dummies,1
#2017-08-06#,T,1,called,1
#2017-08-06#,T,1,dems,1
#2017-08-06#,T,1,rodstryker,1
#2017-08-06#,T,1,idea,1
#2017-08-06#,T,1,millions,1
#2017-08-06#,T,1,libtards,1
#2017-08-06#,T,2,fake,1
#2017-08-06#,T,2,democrat,1
#2017-08-06#,T,2,doj,1
#2017-08-06#,T,2,w/,1
#2017-08-06#,T,2,here's,1
#2017-08-06#,T,2,party,1
#2017-08-06#,T,2,meeting,1
#2017-08-06#,T,2,colluding,1
#2017-08-06#,T,2,tarmac,1
#2017-08-06#,T,2,clinton/lynch,1
#2017-08-06#,T,2,bury,1
#2017-08-06#,T,2,operates,1
#2017-08-06#,T,2,politicalshort,1
#2017-08-06#,T,2,stop,1
#2017-08-06#,T,2,news,2
#2017-08-06#,T,3,cnn,1
#2017-08-06#,T,3,months,1
#2017-08-06#,T,3,american,2
#2017-08-06#,T,3,report,1
#2017-08-06#,T,3,#obamaday,1
#2017-08-06#,T,3,dying,1
#2017-08-06#,T,3,america,1
#2017-08-06#,T,3,jobs,1
#2017-08-06#,T,3,fought,1
#2017-08-06#,T,3,bama's,1
#2017-08-06#,T,3,michelle's,1
#2017-08-06#,T,3,joan,1
#2017-08-06#,T,3,bamas,1
#2017-08-06#,T,3,rivers,1
#2017-08-06#,T,3,outed,1
#2017-08-06#,T,4,kwilli,1
#2017-08-06#,T,4,lies,1
#2017-08-06#,T,4,trump,4
#2017-08-06#,T,4,expect,1
#2017-08-06#,T,4,proves,1
#2017-08-06#,T,4,cooper,1
#2017-08-06#,T,4,anderson,1
#2017-08-06#,T,4,le,1
#2017-08-06#,T,4,president,1
#2017-08-06#,T,4,knp2bp,1
#2017-08-06#,T,4,newsweek,1
#2017-08-06#,T,4,rt,2
#2017-08-06#,T,4,aren't,1
#2017-08-06#,T,4,hillary,1
#2017-08-06#,T,4,time,1
#2017-08-06#,T,5,foxnews,1
#2017-08-06#,T,5,ericbolling,1
#2017-08-06#,T,5,false,1
#2017-08-06#,T,5,huffpost,1
#2017-08-06#,T,5,narrative,1
#2017-08-06#,T,5,vs,1
#2017-08-06#,T,5,targeted,1
#2017-08-06#,T,5,push,1
#2017-08-06#,T,5,using,1
#2017-08-06#,T,5,accused,1
#2017-08-06#,T,5,falsely,1
#2017-08-06#,T,5,playstrumpcard,1
#2017-08-06#,T,5,washingtonpost,1
#2017-08-06#,T,5,talking,1
#2017-08-06#,T,5,left,1
#2017-08-06#,T,6,realdonaldtrump,1
#2017-08-06#,T,6,media,1
#2017-08-06#,T,6,#maga,1
#2017-08-06#,T,6,listening,1
#2017-08-06#,T,6,winning,1
#2017-08-06#,T,6,real,2
#2017-08-06#,T,6,georgiadirtroad,1
#2017-08-06#,T,6,wokers,1
#2017-08-06#,T,6,supports,1
#2017-08-06#,T,6,pnehlen,1
#2017-08-06#,T,6,ryan,1
#2017-08-06#,T,6,paul,1
#2017-08-06#,T,6,d'oh,1
#2017-08-06#,T,6,reporting,1
#2017-08-06#,T,6,leaks,2
#2017-08-06#,T,7,nytimes,1
#2017-08-06#,T,7,coming,1
#2017-08-06#,T,7,story,1
#2017-08-06#,T,7,dloesch,1
#2017-08-06#,T,7,americanvoterus,1
#2017-08-06#,T,7,#nra,1
#2017-08-06#,T,7,nratv,1
#2017-08-06#,T,7,message,1
#2017-08-06#,T,7,non-#fakenews,1
#2017-08-06#,T,7,#draintheswamp,1
#2017-08-06#,T,7,press,1
#2017-08-06#,T,7,obama,1
#2017-08-06#,T,7,polls,1
#2017-08-06#,T,7,#flashbackfriday,1
#2017-08-06#,T,7,garbage,1
#2017-08-06#,T,8,#firehannity,1
#2017-08-06#,T,8,trump,4
#2017-08-06#,T,8,watch,1
#2017-08-06#,T,8,la,1
#2017-08-06#,T,8,heard,1
#2017-08-06#,T,8,sessions,1
#2017-08-06#,T,8,jeff,1
#2017-08-06#,T,8,bocavista,1
#2017-08-06#,T,8,there's,1
#2017-08-06#,T,8,rt,2
#2017-08-06#,T,8,lie,1
#2017-08-06#,T,8,el,1
#2017-08-06#,T,8,alexburnsnyt,1
#2017-08-06#,T,8,=,1
#2017-08-06#,T,8,name,1
#2017-08-07#,H,1,australia,1
#2017-08-07#,H,1,school,1
#2017-08-07#,H,1,age,1
#2017-08-07#,H,1,notebook,1
#2017-08-07#,H,1,editorial,1
#2017-08-07#,H,1,gene,1
#2017-08-07#,H,1,editing,1
#2017-08-07#,H,1,tv,1
#2017-08-07#,H,1,black,1
#2017-08-07#,H,1,netflix,1
#2017-08-07#,H,1,halting,1
#2017-08-07#,H,1,won,1
#2017-08-07#,H,1,praise,1
#2017-08-07#,H,1,global,1
#2017-08-07#,H,1,cyberattack,1
#2017-08-07#,H,2,report,1
#2017-08-07#,H,2,diversity,1
#2017-08-07#,H,2,wins,1
#2017-08-07#,H,2,hollywood,1
#2017-08-07#,H,2,family,1
#2017-08-07#,H,2,news,3
#2017-08-07#,H,2,ohio,1
#2017-08-07#,H,2,accident,1
#2017-08-07#,H,2,pence,1
#2017-08-07#,H,2,messages,1
#2017-08-07#,H,2,fox,1
#2017-08-07#,H,2,suspends,1
#2017-08-07#,H,2,text,1
#2017-08-07#,H,2,lewd,1
#2017-08-07#,H,2,afghanistan,1
#2017-08-07#,H,3,sanctions,1
#2017-08-07#,H,3,korea,1
#2017-08-07#,H,3,leaks,1
#2017-08-07#,H,3,transgender,1
#2017-08-07#,H,3,north,2
#2017-08-07#,H,3,world's,1
#2017-08-07#,H,3,eclipse,1
#2017-08-07#,H,3,trump,4
#2017-08-07#,H,3,punishing,1
#2017-08-07#,H,3,meeting,2
#2017-08-07#,H,3,u.n,1
#2017-08-07#,H,3,island,1
#2017-08-07#,H,3,difference,1
#2017-08-07#,H,3,makes,1
#2017-08-07#,H,3,book,1
#2017-08-07#,H,4,puzzle,1
#2017-08-07#,H,4,test,1
#2017-08-07#,H,4,targets,1
#2017-08-07#,H,4,outrage,1
#2017-08-07#,H,4,professors,1
#2017-08-07#,H,4,upper,1
#2017-08-07#,H,4,disrupted,1
#2017-08-07#,H,4,campus,1
#2017-08-07#,H,4,internet,1
#2017-08-07#,H,4,master,1
#2017-08-07#,H,4,hate,1
#2017-08-07#,H,4,semester,1
#2017-08-07#,H,4,south,1
#2017-08-07#,H,4,fire,1
#2017-08-07#,H,4,trump,4
#2017-08-07#,H,5,white,1
#2017-08-07#,H,5,deal,1
#2017-08-07#,H,5,immigration,1
#2017-08-07#,H,5,poster,1
#2017-08-07#,H,5,u.s,1
#2017-08-07#,H,5,compromise,1
#2017-08-07#,H,5,elusive,1
#2017-08-07#,H,5,douthat,1
#2017-08-07#,H,5,review,1
#2017-08-07#,H,5,address,1
#2017-08-07#,H,5,tillerson,1
#2017-08-07#,H,5,mark,1
#2017-08-07#,H,5,toyota,1
#2017-08-07#,H,5,build,1
#2017-08-07#,H,5,plant,1
#2017-08-07#,H,6,trump,4
#2017-08-07#,H,6,woman,1
#2017-08-07#,H,6,europe,1
#2017-08-07#,H,6,morning,1
#2017-08-07#,H,6,briefing,1
#2017-08-07#,H,6,grand,1
#2017-08-07#,H,6,edition,1
#2017-08-07#,H,6,beaches,1
#2017-08-07#,H,6,loses,1
#2017-08-07#,H,6,fight,1
#2017-08-07#,H,6,star,1
#2017-08-07#,H,6,vacation,2
#2017-08-07#,H,6,police,1
#2017-08-07#,H,6,photos,1
#2017-08-07#,H,6,real,2
#2017-08-07#,H,7,play,1
#2017-08-07#,H,7,sentences,1
#2017-08-07#,H,7,search,1
#2017-08-07#,H,7,sam,1
#2017-08-07#,H,7,hit,1
#2017-08-07#,H,7,missing,1
#2017-08-07#,H,7,shepard,1
#2017-08-07#,H,7,york,1
#2017-08-07#,H,7,reinvented,1
#2017-08-07#,H,7,downtown,1
#2017-08-07#,H,7,north,2
#2017-08-07#,H,7,venezuela,2
#2017-08-07#,H,7,base,1
#2017-08-07#,H,7,game,1
#2017-08-07#,H,7,weekend,1
#2017-08-07#,H,8,lightning,1
#2017-08-07#,H,8,city,1
#2017-08-07#,H,8,photography,1
#2017-08-07#,H,8,adventures,1
#2017-08-07#,H,8,dance,1
#2017-08-07#,H,8,flash,1
#2017-08-07#,H,8,tech,1
#2017-08-07#,H,8,hot,1
#2017-08-07#,H,8,heat,1
#2017-08-07#,H,8,wave,1
#2017-08-07#,H,8,push,1
#2017-08-07#,H,8,lines,1
#2017-08-07#,H,8,woodpecker,1
#2017-08-07#,H,8,forest,1
#2017-08-07#,H,8,fires,1
#2017-08-07#,T,1,clinton,1
#2017-08-07#,T,1,security,1
#2017-08-07#,T,1,national,1
#2017-08-07#,T,1,lvnancy,1
#2017-08-07#,T,1,responsible,1
#2017-08-07#,T,1,attorney,1
#2017-08-07#,T,1,#dnc,1
#2017-08-07#,T,1,risk,1
#2017-08-07#,T,1,priced,1
#2017-08-07#,T,1,represent,1
#2017-08-07#,T,1,buries,1
#2017-08-07#,T,1,hire,1
#2017-08-07#,T,1,dtrumpexposed,1
#2017-08-07#,T,1,everyhumanknows,1
#2017-08-07#,T,1,pikminister,1
#2017-08-07#,T,2,potus,1
#2017-08-07#,T,2,believe,1
#2017-08-07#,T,2,total,1
#2017-08-07#,T,2,supporters,1
#2017-08-07#,T,2,falling,1
#2017-08-07#,T,2,michaelbeatty,1
#2017-08-07#,T,2,allegations,1
#2017-08-07#,T,2,bolling,1
#2017-08-07#,T,2,democrats,1
#2017-08-07#,T,2,mitchellvii,1
#2017-08-07#,T,2,se,1
#2017-08-07#,T,2,news,3
#2017-08-07#,T,2,eric,1
#2017-08-07#,T,2,#fakepolls,1
#2017-08-07#,T,2,#venezuela,1
#2017-08-07#,T,3,coming,1
#2017-08-07#,T,3,fake,1
#2017-08-07#,T,3,mycalynn,1
#2017-08-07#,T,3,story,1
#2017-08-07#,T,3,#lies,1
#2017-08-07#,T,3,sound,1
#2017-08-07#,T,3,#istandwithericbolling,1
#2017-08-07#,T,3,washingtonpost,1
#2017-08-07#,T,3,they're,1
#2017-08-07#,T,3,realdonaldtrump,1
#2017-08-07#,T,3,wait,1
#2017-08-07#,T,3,alyssa_milano,1
#2017-08-07#,T,3,retweeting,1
#2017-08-07#,T,3,#maga,2
#2017-08-07#,T,3,russia,1
#2017-08-07#,T,4,que,1
#2017-08-07#,T,4,#maga,2
#2017-08-07#,T,4,los,1
#2017-08-07#,T,4,#draintheswamp,1
#2017-08-07#,T,4,regime,1
#2017-08-07#,T,4,medios,1
#2017-08-07#,T,4,colectivos,1
#2017-08-07#,T,4,del,1
#2017-08-07#,T,4,las,1
#2017-08-07#,T,4,cuando,1
#2017-08-07#,T,4,venezuela,2
#2017-08-07#,T,4,lying,1
#2017-08-07#,T,4,#cnn,1
#2017-08-07#,T,4,armas,1
#2017-08-07#,T,4,sustrajeron,1
#2017-08-07#,T,5,de,2
#2017-08-07#,T,5,truth,1
#2017-08-07#,T,5,stop,1
#2017-08-07#,T,5,debunked,1
#2017-08-07#,T,5,#hannity,1
#2017-08-07#,T,5,pinkbelgium,1
#2017-08-07#,T,5,en,1
#2017-08-07#,T,5,interview,1
#2017-08-07#,T,5,kayajones,1
#2017-08-07#,T,5,news,3
#2017-08-07#,T,5,patriot,1
#2017-08-07#,T,5,amazing,1
#2017-08-07#,T,5,fakenews,2
#2017-08-07#,T,5,united-#fakenews,1
#2017-08-07#,T,5,completely,1
#2017-08-07#,T,6,president,1
#2017-08-07#,T,6,real,2
#2017-08-07#,T,6,cnn,3
#2017-08-07#,T,6,na,1
#2017-08-07#,T,6,sie,1
#2017-08-07#,T,6,jak,1
#2017-08-07#,T,6,msnbc,1
#2017-08-07#,T,6,lukaszschreiber,1
#2017-08-07#,T,6,ten,1
#2017-08-07#,T,6,warto,1
#2017-08-07#,T,6,osoby,1
#2017-08-07#,T,6,skandaliczny,1
#2017-08-07#,T,6,sokzburakapl,1
#2017-08-07#,T,6,jeszcze,1
#2017-08-07#,T,6,ericbolling,1
#2017-08-07#,T,7,fakenews,2
#2017-08-07#,T,7,vacation,2
#2017-08-07#,T,7,listening,1
#2017-08-07#,T,7,cnn,3
#2017-08-07#,T,7,media,1
#2017-08-07#,T,7,cost,1
#2017-08-07#,T,7,de,2
#2017-08-07#,T,7,americanvoterus,1
#2017-08-07#,T,7,remember,1
#2017-08-07#,T,7,trump,4
#2017-08-07#,T,7,whitehouse,1
#2017-08-07#,T,7,guardian,1
#2017-08-07#,T,7,reporting,1
#2017-08-07#,T,7,#periodismo,1
#2017-08-07#,T,7,vean,1
#2017-08-07#,T,8,foxnews,1
#2017-08-07#,T,8,acosta,1
#2017-08-07#,T,8,nytimes,1
#2017-08-07#,T,8,politicalshort,1
#2017-08-07#,T,8,cnn,3
#2017-08-07#,T,8,playstrumpcard,1
#2017-08-07#,T,8,targeted,1
#2017-08-07#,T,8,falsely,1
#2017-08-07#,T,8,accused,1
#2017-08-07#,T,8,anti,1
#2017-08-07#,T,8,america,1
#2017-08-07#,T,8,huffpost,1
#2017-08-07#,T,8,article,1
#2017-08-07#,T,8,tarmac,1
#2017-08-07#,T,8,meeting,2
#2017-08-08#,H,1,u.s,1
#2017-08-08#,H,1,war,1
#2017-08-08#,H,1,briefing,2
#2017-08-08#,H,1,gains,1
#2017-08-08#,H,1,largest,1
#2017-08-08#,H,1,u.n,1
#2017-08-08#,H,1,world's,1
#2017-08-08#,H,1,tech,1
#2017-08-08#,H,1,stake,1
#2017-08-08#,H,1,build,1
#2017-08-08#,H,1,mazda,1
#2017-08-08#,H,1,plant,1
#2017-08-08#,H,1,toyota,1
#2017-08-08#,H,1,percent,1
#2017-08-08#,H,1,joint,1
#2017-08-08#,H,2,real,2
#2017-08-08#,H,2,deal,1
#2017-08-08#,H,2,tillerson,1
#2017-08-08#,H,2,calls,2
#2017-08-08#,H,2,california,1
#2017-08-08#,H,2,island,1
#2017-08-08#,H,2,ride,1
#2017-08-08#,H,2,art,1
#2017-08-08#,H,2,home,1
#2017-08-08#,H,2,summer,2
#2017-08-08#,H,2,sentences,1
#2017-08-08#,H,2,editorial,1
#2017-08-08#,H,2,quits,1
#2017-08-08#,H,2,brooklyn,1
#2017-08-08#,H,2,coney,1
#2017-08-08#,H,3,australia,1
#2017-08-08#,H,3,evidence,1
#2017-08-08#,H,3,story,2
#2017-08-08#,H,3,action,1
#2017-08-08#,H,3,affirmative,1
#2017-08-08#,H,3,defendants,1
#2017-08-08#,H,3,isis,1
#2017-08-08#,H,3,opinion,1
#2017-08-08#,H,3,plane,1
#2017-08-08#,H,3,vietnam,1
#2017-08-08#,H,3,star,1
#2017-08-08#,H,3,attack,1
#2017-08-08#,H,3,york,1
#2017-08-08#,H,3,fight,1
#2017-08-08#,H,3,harvard,1
#2017-08-08#,H,4,immigration,1
#2017-08-08#,H,4,daulton,1
#2017-08-08#,H,4,darren,1
#2017-08-08#,H,4,news,2
#2017-08-08#,H,4,season,1
#2017-08-08#,H,4,unlikely,1
#2017-08-08#,H,4,trump,5
#2017-08-08#,H,4,model,1
#2017-08-08#,H,4,catches,1
#2017-08-08#,H,4,vacation,1
#2017-08-08#,H,4,criticism,1
#2017-08-08#,H,4,tweet,2
#2017-08-08#,H,4,base,1
#2017-08-08#,H,4,breaks,1
#2017-08-08#,H,4,halting,1
#2017-08-08#,H,5,care,1
#2017-08-08#,H,5,health,1
#2017-08-08#,H,5,puzzle,1
#2017-08-08#,H,5,adventures,1
#2017-08-08#,H,5,photography,1
#2017-08-08#,H,5,flash,1
#2017-08-08#,H,5,dance,1
#2017-08-08#,H,5,lightning,1
#2017-08-08#,H,5,hit,1
#2017-08-08#,H,5,school,1
#2017-08-08#,H,5,master,1
#2017-08-08#,H,5,eclipse,1
#2017-08-08#,H,5,de,2
#2017-08-08#,H,5,review,1
#2017-08-08#,H,5,push,1
#2017-08-08#,H,6,town,1
#2017-08-08#,H,6,refugee,1
#2017-08-08#,H,6,australian,1
#2017-08-08#,H,6,trump,5
#2017-08-08#,H,6,trade,1
#2017-08-08#,H,6,stalled,1
#2017-08-08#,H,6,lurch,1
#2017-08-08#,H,6,industries,1
#2017-08-08#,H,6,plans,1
#2017-08-08#,H,6,vegas,1
#2017-08-08#,H,6,options,1
#2017-08-08#,H,6,watch,1
#2017-08-08#,H,6,chicago,1
#2017-08-08#,H,6,crisis,1
#2017-08-08#,H,6,left,1
#2017-08-08#,H,7,morning,2
#2017-08-08#,H,7,trump,5
#2017-08-08#,H,7,play,1
#2017-08-08#,H,7,briefing,2
#2017-08-08#,H,7,edition,1
#2017-08-08#,H,7,south,1
#2017-08-08#,H,7,internet,1
#2017-08-08#,H,7,game,1
#2017-08-08#,H,7,vote,1
#2017-08-08#,H,7,test,1
#2017-08-08#,H,7,poster,1
#2017-08-08#,H,7,lie,1
#2017-08-08#,H,7,politicians,1
#2017-08-08#,H,7,tougher,1
#2017-08-08#,H,7,mouse,1
#2017-08-08#,H,8,sanctions,1
#2017-08-08#,H,8,north,1
#2017-08-08#,H,8,korea,1
#2017-08-08#,H,8,women,1
#2017-08-08#,H,8,solo,1
#2017-08-08#,H,8,week,1
#2017-08-08#,H,8,pence,1
#2017-08-08#,H,8,middle,1
#2017-08-08#,H,8,summer,2
#2017-08-08#,H,8,leaks,1
#2017-08-08#,H,8,seat,1
#2017-08-08#,H,8,skip,1
#2017-08-08#,H,8,flying,1
#2017-08-08#,H,8,airline,1
#2017-08-08#,H,8,hot,1
#2017-08-08#,T,1,realdonaldtrump,3
#2017-08-08#,T,1,house,1
#2017-08-08#,T,1,tweet,2
#2017-08-08#,T,1,white,1
#2017-08-08#,T,1,lies,1
#2017-08-08#,T,1,spreading,1
#2017-08-08#,T,1,sad,1
#2017-08-08#,T,1,morning,2
#2017-08-08#,T,1,pathetic,1
#2017-08-08#,T,1,foxnews,1
#2017-08-08#,T,1,nyt,1
#2017-08-08#,T,1,storm,1
#2017-08-08#,T,1,dtrumpexposed,1
#2017-08-08#,T,1,itsedwardoz,1
#2017-08-08#,T,1,mean,1
#2017-08-08#,T,2,trump,5
#2017-08-08#,T,2,live,1
#2017-08-08#,T,2,network,1
#2017-08-08#,T,2,#realnews,1
#2017-08-08#,T,2,trumps,1
#2017-08-08#,T,2,launch,1
#2017-08-08#,T,2,challenges,1
#2017-08-08#,T,2,#alexjonesshow,1
#2017-08-08#,T,2,realalexjones,1
#2017-08-08#,T,2,https://t.co/ukmqgfdy5f,1
#2017-08-08#,T,2,time,1
#2017-08-08#,T,2,nytimes,1
#2017-08-08#,T,2,#msm,2
#2017-08-08#,T,2,wonder,1
#2017-08-08#,T,2,looks,1
#2017-08-08#,T,3,realdonaldtrump,3
#2017-08-08#,T,3,fake,2
#2017-08-08#,T,3,lying,1
#2017-08-08#,T,3,saying,1
#2017-08-08#,T,3,fakenews,1
#2017-08-08#,T,3,calls,2
#2017-08-08#,T,3,rt,3
#2017-08-08#,T,3,media,2
#2017-08-08#,T,3,nie,1
#2017-08-08#,T,3,tell,1
#2017-08-08#,T,3,times,1
#2017-08-08#,T,3,#fakenews,1
#2017-08-08#,T,3,real,2
#2017-08-08#,T,3,cnn,3
#2017-08-08#,T,3,run,1
#2017-08-08#,T,4,via,1
#2017-08-08#,T,4,doing,1
#2017-08-08#,T,4,president,1
#2017-08-08#,T,4,trumptv,1
#2017-08-08#,T,4,simple,1
#2017-08-08#,T,4,covering,1
#2017-08-08#,T,4,#dnc,1
#2017-08-08#,T,4,#maga,2
#2017-08-08#,T,4,ryanafournier,1
#2017-08-08#,T,4,#resistfakenews,1
#2017-08-08#,T,4,rt,3
#2017-08-08#,T,4,#mondaymotivation,1
#2017-08-08#,T,4,liar,1
#2017-08-08#,T,4,tylko,1
#2017-08-08#,T,4,buraka,1
#2017-08-08#,T,5,potus,2
#2017-08-08#,T,5,report,1
#2017-08-08#,T,5,news,2
#2017-08-08#,T,5,alozrast,1
#2017-08-08#,T,5,won't,1
#2017-08-08#,T,5,enjoy,1
#2017-08-08#,T,5,realdonaldtrump,3
#2017-08-08#,T,5,accomplishments,1
#2017-08-08#,T,5,cup,1
#2017-08-08#,T,5,georgiadirtroad,1
#2017-08-08#,T,5,delicious,1
#2017-08-08#,T,5,believes,1
#2017-08-08#,T,5,#istandwithtrump,1
#2017-08-08#,T,5,fool,1
#2017-08-08#,T,5,media,2
#2017-08-08#,T,6,de,2
#2017-08-08#,T,6,potus,2
#2017-08-08#,T,6,trump,5
#2017-08-08#,T,6,propaganda,1
#2017-08-08#,T,6,que,1
#2017-08-08#,T,6,#trumprussia,1
#2017-08-08#,T,6,hear,1
#2017-08-08#,T,6,cnn,3
#2017-08-08#,T,6,tv,1
#2017-08-08#,T,6,rt,3
#2017-08-08#,T,6,#trumptv,1
#2017-08-08#,T,6,en,1
#2017-08-08#,T,6,#trumptrain,1
#2017-08-08#,T,6,#maga,2
#2017-08-08#,T,6,las,1
#2017-08-08#,T,7,didn't,1
#2017-08-08#,T,7,funder,1
#2017-08-08#,T,7,contact,1
#2017-08-08#,T,7,tdameritrade,1
#2017-08-08#,T,7,washtimes,1
#2017-08-08#,T,7,fox,1
#2017-08-08#,T,7,#trump,1
#2017-08-08#,T,7,fake,2
#2017-08-08#,T,7,th,1
#2017-08-08#,T,7,agree,1
#2017-08-08#,T,7,told,1
#2017-08-08#,T,7,fire,1
#2017-08-08#,T,7,hannity,1
#2017-08-08#,T,7,#firehannity-that,1
#2017-08-08#,T,7,lied,1
#2017-08-08#,T,8,story,2
#2017-08-08#,T,8,coming,1
#2017-08-08#,T,8,call,1
#2017-08-08#,T,8,#msm,2
#2017-08-08#,T,8,american,1
#2017-08-08#,T,8,cnn,3
#2017-08-08#,T,8,mycalynn,1
#2017-08-08#,T,8,demand,1
#2017-08-08#,T,8,#lies,1
#2017-08-08#,T,8,sound,1
#2017-08-08#,T,8,peplamb,1
#2017-08-08#,T,8,rigged,1
#2017-08-08#,T,8,#bigly,1
#2017-08-08#,T,8,cashing,1
#2017-08-08#,T,8,#istandwithericbolling,1
#2017-08-09#,H,1,trump,3
#2017-08-09#,H,1,report,2
#2017-08-09#,H,1,getting,1
#2017-08-09#,H,1,tack,1
#2017-08-09#,H,1,netflix,1
#2017-08-09#,H,1,david,1
#2017-08-09#,H,1,climate,2
#2017-08-09#,H,1,brain,1
#2017-08-09#,H,1,brooks,1
#2017-08-09#,H,1,notebook,1
#2017-08-09#,H,1,delays,1
#2017-08-09#,H,1,m.t.a,1
#2017-08-09#,H,1,tries,1
#2017-08-09#,H,1,reporter's,1
#2017-08-09#,H,1,truth,1
#2017-08-09#,H,2,refugee,1
#2017-08-09#,H,2,vote,1
#2017-08-09#,H,2,traveling,1
#2017-08-09#,H,2,explore,1
#2017-08-09#,H,2,obstinacy,1
#2017-08-09#,H,2,desperate,1
#2017-08-09#,H,2,pay,1
#2017-08-09#,H,2,south,1
#2017-08-09#,H,2,getaway,1
#2017-08-09#,H,2,help,1
#2017-08-09#,H,2,split,1
#2017-08-09#,H,2,apps,1
#2017-08-09#,H,2,bills,1
#2017-08-09#,H,2,teen,1
#2017-08-09#,H,2,hit,1
#2017-08-09#,H,3,korea,1
#2017-08-09#,H,3,north,1
#2017-08-09#,H,3,briefing,1
#2017-08-09#,H,3,morning,1
#2017-08-09#,H,3,trump's,1
#2017-08-09#,H,3,edition,1
#2017-08-09#,H,3,nuclear,1
#2017-08-09#,H,3,tech,1
#2017-08-09#,H,3,women,2
#2017-08-09#,H,3,vegas,1
#2017-08-09#,H,3,opinion,1
#2017-08-09#,H,3,immigration,1
#2017-08-09#,H,3,newark,1
#2017-08-09#,H,3,revival,1
#2017-08-09#,H,3,readers,1
#2017-08-09#,H,4,mueller,1
#2017-08-09#,H,4,rent,1
#2017-08-09#,H,4,york,2
#2017-08-09#,H,4,u.s,1
#2017-08-09#,H,4,own,1
#2017-08-09#,H,4,percent,1
#2017-08-09#,H,4,stake,1
#2017-08-09#,H,4,joint,1
#2017-08-09#,H,4,build,1
#2017-08-09#,H,4,plant,1
#2017-08-09#,H,4,mazda,1
#2017-08-09#,H,4,toyota,1
#2017-08-09#,H,4,huckabee,1
#2017-08-09#,H,4,sanders,1
#2017-08-09#,H,4,west,1
#2017-08-09#,H,5,shot,1
#2017-08-09#,H,5,california,1
#2017-08-09#,H,5,bring,1
#2017-08-09#,H,5,road,1
#2017-08-09#,H,5,sports,1
#2017-08-09#,H,5,universe,1
#2017-08-09#,H,5,child,1
#2017-08-09#,H,5,reach,1
#2017-08-09#,H,5,chicago,1
#2017-08-09#,H,5,stop,1
#2017-08-09#,H,5,professor,1
#2017-08-09#,H,5,marketing,1
#2017-08-09#,H,5,warned,1
#2017-08-09#,H,5,treatment,1
#2017-08-09#,H,5,baby,1
#2017-08-09#,H,6,tax,1
#2017-08-09#,H,6,editorial,1
#2017-08-09#,H,6,world's,1
#2017-08-09#,H,6,threat,1
#2017-08-09#,H,6,inside,1
#2017-08-09#,H,6,reform,1
#2017-08-09#,H,6,warns,1
#2017-08-09#,H,6,killed,1
#2017-08-09#,H,6,game,1
#2017-08-09#,H,6,comes,1
#2017-08-09#,H,6,news,2
#2017-08-09#,H,6,fox,2
#2017-08-09#,H,6,retweets,1
#2017-08-09#,H,6,containing,1
#2017-08-09#,H,6,info,1
#2017-08-09#,H,7,home,1
#2017-08-09#,H,7,amid,1
#2017-08-09#,H,7,real,2
#2017-08-09#,H,7,bathroom,1
#2017-08-09#,H,7,texas,1
#2017-08-09#,H,7,bill,1
#2017-08-09#,H,7,opposition,1
#2017-08-09#,H,7,transgender,1
#2017-08-09#,H,7,neighbors,1
#2017-08-09#,H,7,memo,1
#2017-08-09#,H,7,google,2
#2017-08-09#,H,7,finally,1
#2017-08-09#,H,7,star,1
#2017-08-09#,H,7,sale,1
#2017-08-09#,H,7,street,1
#2017-08-09#,H,8,affirmative,1
#2017-08-09#,H,8,action,1
#2017-08-09#,H,8,puzzle,1
#2017-08-09#,H,8,moves,1
#2017-08-09#,H,8,left,1
#2017-08-09#,H,8,master,1
#2017-08-09#,H,8,play,1
#2017-08-09#,H,8,justice,1
#2017-08-09#,H,8,react,1
#2017-08-09#,H,8,protect,1
#2017-08-09#,H,8,photography,1
#2017-08-09#,H,8,dance,1
#2017-08-09#,H,8,adventures,1
#2017-08-09#,H,8,philippines,1
#2017-08-09#,H,8,lightning,1
#2017-08-09#,T,1,didn't,1
#2017-08-09#,T,1,fox,2
#2017-08-09#,T,1,newsweek,1
#2017-08-09#,T,1,told,1
#2017-08-09#,T,1,agree,1
#2017-08-09#,T,1,potus,2
#2017-08-09#,T,1,fire,1
#2017-08-09#,T,1,stacylstiles,1
#2017-08-09#,T,1,harder,1
#2017-08-09#,T,1,washtimes,1
#2017-08-09#,T,1,contact,1
#2017-08-09#,T,1,tdameritrade,1
#2017-08-09#,T,1,#firehannity-that,1
#2017-08-09#,T,1,months,1
#2017-08-09#,T,1,boy,1
#2017-08-09#,T,2,th,1
#2017-08-09#,T,2,#trump,1
#2017-08-09#,T,2,#maga,1
#2017-08-09#,T,2,potus,2
#2017-08-09#,T,2,donnawr,1
#2017-08-09#,T,2,record,1
#2017-08-09#,T,2,straight,1
#2017-08-09#,T,2,#trumpsarmy,1
#2017-08-09#,T,2,despite,1
#2017-08-09#,T,2,google,2
#2017-08-09#,T,2,women,2
#2017-08-09#,T,2,america,1
#2017-08-09#,T,2,cnn,3
#2017-08-09#,T,2,scrowder,1
#2017-08-09#,T,2,spin,1
#2017-08-09#,T,3,fakenews,1
#2017-08-09#,T,3,#firehannity,1
#2017-08-09#,T,3,#impeachtrump,1
#2017-08-09#,T,3,maddow,1
#2017-08-09#,T,3,alanilagan,1
#2017-08-09#,T,3,impeach_d_trump,1
#2017-08-09#,T,3,funder,1
#2017-08-09#,T,3,rosie,1
#2017-08-09#,T,3,approval,1
#2017-08-09#,T,3,teapainusa,1
#2017-08-09#,T,3,#lockdonjrup,1
#2017-08-09#,T,3,ratings,1
#2017-08-09#,T,3,cnn,3
#2017-08-09#,T,3,rt,2
#2017-08-09#,T,3,di,1
#2017-08-09#,T,4,news,2
#2017-08-09#,T,4,report,2
#2017-08-09#,T,4,local,1
#2017-08-09#,T,4,call,1
#2017-08-09#,T,4,times,1
#2017-08-09#,T,4,climate,2
#2017-08-09#,T,4,ny,1
#2017-08-09#,T,4,scientists,1
#2017-08-09#,T,4,claim,1
#2017-08-09#,T,4,foxnewspolitics,1
#2017-08-09#,T,4,incorrect,1
#2017-08-09#,T,4,davidkwilliams,1
#2017-08-09#,T,4,https://t.co/ufyoylo0x,1
#2017-08-09#,T,4,sean,1
#2017-08-09#,T,4,im_theantitrump,1
#2017-08-09#,T,5,realdonaldtrump,2
#2017-08-09#,T,5,lies,1
#2017-08-09#,T,5,propaganda,1
#2017-08-09#,T,5,msm,1
#2017-08-09#,T,5,returns,1
#2017-08-09#,T,5,/,1
#2017-08-09#,T,5,russian,1
#2017-08-09#,T,5,tweets,1
#2017-08-09#,T,5,cover,1
#2017-08-09#,T,5,instead,1
#2017-08-09#,T,5,spicerlies,1
#2017-08-09#,T,5,rt,2
#2017-08-09#,T,5,abt,1
#2017-08-09#,T,5,president,1
#2017-08-09#,T,5,senator,1
#2017-08-09#,T,6,trump,3
#2017-08-09#,T,6,de,1
#2017-08-09#,T,6,nyt,1
#2017-08-09#,T,6,seanhannity,1
#2017-08-09#,T,6,evidence,1
#2017-08-09#,T,6,email,1
#2017-08-09#,T,6,teams,1
#2017-08-09#,T,6,administration,1
#2017-08-09#,T,6,death,1
#2017-08-09#,T,6,soliciting,1
#2017-08-09#,T,6,claims,1
#2017-08-09#,T,6,proves,1
#2017-08-09#,T,6,#leakers,1
#2017-08-09#,T,6,continues,1
#2017-08-09#,T,6,false,1
#2017-08-09#,T,7,real,2
#2017-08-09#,T,7,hillary,1
#2017-08-09#,T,7,nytimes,1
#2017-08-09#,T,7,spread,1
#2017-08-09#,T,7,establishment,1
#2017-08-09#,T,7,obama,1
#2017-08-09#,T,7,elites,1
#2017-08-09#,T,7,wolfenspride,1
#2017-08-09#,T,7,rinos,1
#2017-08-09#,T,7,libs,1
#2017-08-09#,T,7,storm,1
#2017-08-09#,T,7,media,1
#2017-08-09#,T,7,cnn,3
#2017-08-09#,T,7,page,1
#2017-08-09#,T,7,picture,1
#2017-08-09#,T,8,house,1
#2017-08-09#,T,8,lying,1
#2017-08-09#,T,8,york,2
#2017-08-09#,T,8,o'keefe,1
#2017-08-09#,T,8,teased,1
#2017-08-09#,T,8,rats,1
#2017-08-09#,T,8,get'em,1
#2017-08-09#,T,8,https://t.co/ymg4xla5ep,1
#2017-08-09#,T,8,alozrast,1
#2017-08-09#,T,8,trump,3
#2017-08-09#,T,8,#realnews,1
#2017-08-09#,T,8,network,1
#2017-08-09#,T,8,white,1
#2017-08-09#,T,8,realdonaldtrump,2
#2017-08-09#,T,8,trumps,1
#2017-08-10#,H,1,report,3
#2017-08-10#,H,1,silicon,1
#2017-08-10#,H,1,valley,1
#2017-08-10#,H,1,climate,1
#2017-08-10#,H,1,netflix,1
#2017-08-10#,H,1,culture,1
#2017-08-10#,H,1,wars,1
#2017-08-10#,H,1,night,1
#2017-08-10#,H,1,world's,1
#2017-08-10#,H,1,kenya,1
#2017-08-10#,H,1,toll,1
#2017-08-10#,H,1,conflict,1
#2017-08-10#,H,1,takes,1
#2017-08-10#,H,1,seesaw,1
#2017-08-10#,H,1,district,1
#2017-08-10#,H,2,restaurant,1
#2017-08-10#,H,2,star,1
#2017-08-10#,H,2,kim,1
#2017-08-10#,H,2,music,1
#2017-08-10#,H,2,democrats,1
#2017-08-10#,H,2,kids,1
#2017-08-10#,H,2,war,3
#2017-08-10#,H,2,therapy,1
#2017-08-10#,H,2,study,1
#2017-08-10#,H,2,autism,1
#2017-08-10#,H,2,doubt,1
#2017-08-10#,H,2,casts,1
#2017-08-10#,H,2,upper,1
#2017-08-10#,H,2,fixer,1
#2017-08-10#,H,2,gain,1
#2017-08-10#,H,3,north,3
#2017-08-10#,H,3,korea,4
#2017-08-10#,H,3,puzzle,1
#2017-08-10#,H,3,fire,1
#2017-08-10#,H,3,play,1
#2017-08-10#,H,3,golf,1
#2017-08-10#,H,3,vote,1
#2017-08-10#,H,3,millions,1
#2017-08-10#,H,3,opioids,1
#2017-08-10#,H,3,save,1
#2017-08-10#,H,3,mayor,1
#2017-08-10#,H,3,pain,1
#2017-08-10#,H,3,son,1
#2017-08-10#,H,3,lost,1
#2017-08-10#,H,3,families,1
#2017-08-10#,H,4,briefing,1
#2017-08-10#,H,4,north,3
#2017-08-10#,H,4,morning,1
#2017-08-10#,H,4,korea,4
#2017-08-10#,H,4,edition,1
#2017-08-10#,H,4,killed,1
#2017-08-10#,H,4,u.s,1
#2017-08-10#,H,4,game,1
#2017-08-10#,H,4,opposite,1
#2017-08-10#,H,4,job,2
#2017-08-10#,H,4,sea,1
#2017-08-10#,H,4,woman,1
#2017-08-10#,H,4,rose,1
#2017-08-10#,H,4,faster,1
#2017-08-10#,H,4,level,1
#2017-08-10#,H,5,trump's,1
#2017-08-10#,H,5,trump,5
#2017-08-10#,H,5,nuclear,1
#2017-08-10#,H,5,arsenal,1
#2017-08-10#,H,5,claims,1
#2017-08-10#,H,5,tapper,1
#2017-08-10#,H,5,calls,1
#2017-08-10#,H,5,voice,1
#2017-08-10#,H,5,resistance,1
#2017-08-10#,H,5,black,1
#2017-08-10#,H,5,house,2
#2017-08-10#,H,5,world,1
#2017-08-10#,H,5,time,1
#2017-08-10#,H,5,york,2
#2017-08-10#,H,5,card,1
#2017-08-10#,H,6,election,1
#2017-08-10#,H,6,editorial,1
#2017-08-10#,H,6,confederate,1
#2017-08-10#,H,6,subways,1
#2017-08-10#,H,6,campbell,1
#2017-08-10#,H,6,crumbling,1
#2017-08-10#,H,6,fix,1
#2017-08-10#,H,6,mayoral,1
#2017-08-10#,H,6,mike,1
#2017-08-10#,H,6,fury,1
#2017-08-10#,H,6,deal,1
#2017-08-10#,H,6,glen,1
#2017-08-10#,H,6,guam,1
#2017-08-10#,H,6,real,1
#2017-08-10#,H,6,homes,1
#2017-08-10#,H,7,google,1
#2017-08-10#,H,7,refugee,1
#2017-08-10#,H,7,inside,1
#2017-08-10#,H,7,murray,1
#2017-08-10#,H,7,bill,2
#2017-08-10#,H,7,mueller,1
#2017-08-10#,H,7,rent,1
#2017-08-10#,H,7,times,2
#2017-08-10#,H,7,russia,1
#2017-08-10#,H,7,home,1
#2017-08-10#,H,7,summer,1
#2017-08-10#,H,7,academy,1
#2017-08-10#,H,7,strikes,1
#2017-08-10#,H,7,nerve,1
#2017-08-10#,H,7,memo,1
#2017-08-10#,H,8,america,1
#2017-08-10#,H,8,instagram,1
#2017-08-10#,H,8,douthat,1
#2017-08-10#,H,8,mcconnell,1
#2017-08-10#,H,8,threat,1
#2017-08-10#,H,8,bruni,1
#2017-08-10#,H,8,land,1
#2017-08-10#,H,8,live,1
#2017-08-10#,H,8,talk,1
#2017-08-10#,H,8,slams,1
#2017-08-10#,H,8,search,1
#2017-08-10#,H,8,sorry,1
#2017-08-10#,H,8,trump,5
#2017-08-10#,H,8,war,3
#2017-08-10#,H,8,attention,1
#2017-08-10#,T,1,stop,1
#2017-08-10#,T,1,economy,1
#2017-08-10#,T,1,et,1
#2017-08-10#,T,1,mean,1
#2017-08-10#,T,1,job,2
#2017-08-10#,T,1,fake,2
#2017-08-10#,T,1,president,1
#2017-08-10#,T,1,told,1
#2017-08-10#,T,1,broken,1
#2017-08-10#,T,1,unprecedented,1
#2017-08-10#,T,1,obama,1
#2017-08-10#,T,1,trumpsblonde,1
#2017-08-10#,T,1,recovered,1
#2017-08-10#,T,1,growth,1
#2017-08-10#,T,1,news,2
#2017-08-10#,T,2,times,2
#2017-08-10#,T,2,#wednesdaywisdom,1
#2017-08-10#,T,2,york,2
#2017-08-10#,T,2,coming,1
#2017-08-10#,T,2,la,1
#2017-08-10#,T,2,#nra,1
#2017-08-10#,T,2,eissolomon,1
#2017-08-10#,T,2,#thelyingpress,1
#2017-08-10#,T,2,#danaloesch,1
#2017-08-10#,T,2,fake,2
#2017-08-10#,T,2,di,1
#2017-08-10#,T,2,il,1
#2017-08-10#,T,2,https://t.co/hxmkzbmgms,1
#2017-08-10#,T,2,marcellofoa,1
#2017-08-10#,T,2,grande,1
#2017-08-10#,T,3,trolls,1
#2017-08-10#,T,3,trump,5
#2017-08-10#,T,3,didn't,1
#2017-08-10#,T,3,#impeachtrump,1
#2017-08-10#,T,3,#nuclearwar,1
#2017-08-10#,T,3,#trumpageddon,1
#2017-08-10#,T,3,benfrancis,1
#2017-08-10#,T,3,#theresistance,1
#2017-08-10#,T,3,#25thamendmentnow,1
#2017-08-10#,T,3,americanvoterus,1
#2017-08-10#,T,3,#northkorea,2
#2017-08-10#,T,3,rt,3
#2017-08-10#,T,3,#trumprussia,2
#2017-08-10#,T,3,clinton,1
#2017-08-10#,T,3,kwilli,1
#2017-08-10#,T,4,#resist,1
#2017-08-10#,T,4,lies,1
#2017-08-10#,T,4,north,3
#2017-08-10#,T,4,#trumprussia,2
#2017-08-10#,T,4,newsweek,1
#2017-08-10#,T,4,cnn,2
#2017-08-10#,T,4,reporting,1
#2017-08-10#,T,4,media,2
#2017-08-10#,T,4,rt,3
#2017-08-10#,T,4,#altright,1
#2017-08-10#,T,4,#northkorea,2
#2017-08-10#,T,4,hawaii,1
#2017-08-10#,T,4,korea,4
#2017-08-10#,T,4,found,1
#2017-08-10#,T,4,bunker,1
#2017-08-10#,T,5,#trump,1
#2017-08-10#,T,5,truth,2
#2017-08-10#,T,5,won't,1
#2017-08-10#,T,5,donnawr,1
#2017-08-10#,T,5,#trumpsarmy,1
#2017-08-10#,T,5,exposed,1
#2017-08-10#,T,5,answers,1
#2017-08-10#,T,5,questions,1
#2017-08-10#,T,5,report,3
#2017-08-10#,T,5,nytimes,1
#2017-08-10#,T,5,trust,3
#2017-08-10#,T,5,war,3
#2017-08-10#,T,5,american,2
#2017-08-10#,T,5,own,1
#2017-08-10#,T,5,msm,1
#2017-08-10#,T,6,realdonaldtrump,2
#2017-08-10#,T,6,tell,1
#2017-08-10#,T,6,kelliwardaz,1
#2017-08-10#,T,6,american,2
#2017-08-10#,T,6,trust,3
#2017-08-10#,T,6,truth,2
#2017-08-10#,T,6,fakenews,1
#2017-08-10#,T,6,#msm,1
#2017-08-10#,T,6,ago,1
#2017-08-10#,T,6,cnn,2
#2017-08-10#,T,6,potus,1
#2017-08-10#,T,6,#fakenews,1
#2017-08-10#,T,6,raid,1
#2017-08-10#,T,6,headlines,1
#2017-08-10#,T,6,happened,1
#2017-08-10#,T,7,foxnews,1
#2017-08-10#,T,7,fox,1
#2017-08-10#,T,7,news,2
#2017-08-10#,T,7,blame,1
#2017-08-10#,T,7,donald,1
#2017-08-10#,T,7,korea,4
#2017-08-10#,T,7,trump,5
#2017-08-10#,T,7,bill,2
#2017-08-10#,T,7,situation,1
#2017-08-10#,T,7,support,1
#2017-08-10#,T,7,media,2
#2017-08-10#,T,7,liberal,1
#2017-08-10#,T,7,current,1
#2017-08-10#,T,7,armed,1
#2017-08-10#,T,7,journalist,1
#2017-08-10#,T,8,#maga,1
#2017-08-10#,T,8,white,1
#2017-08-10#,T,8,house,2
#2017-08-10#,T,8,#draintheswamp,1
#2017-08-10#,T,8,trump,5
#2017-08-10#,T,8,rt,3
#2017-08-10#,T,8,report,3
#2017-08-10#,T,8,taking,1
#2017-08-10#,T,8,trust,3
#2017-08-10#,T,8,vacation,1
#2017-08-10#,T,8,realdonaldtrump,2
#2017-08-10#,T,8,bugs,1
#2017-08-10#,T,8,zimmaga,1
#2017-08-10#,T,8,polling,1
#2017-08-10#,T,8,#hannity,1
#2017-08-11#,H,1,fire,1
#2017-08-11#,H,1,asia,1
#2017-08-11#,H,1,attack,1
#2017-08-11#,H,1,recommendation,1
#2017-08-11#,H,1,letter,1
#2017-08-11#,H,1,plans,1
#2017-08-11#,H,1,trump,5
#2017-08-11#,H,1,tax,1
#2017-08-11#,H,1,director,1
#2017-08-11#,H,1,medical,1
#2017-08-11#,H,1,d.c,1
#2017-08-11#,H,1,v.a,1
#2017-08-11#,H,1,save,1
#2017-08-11#,H,1,gum,1
#2017-08-11#,H,1,putin,1
#2017-08-11#,H,2,home,1
#2017-08-11#,H,2,russia,1
#2017-08-11#,H,2,president,1
#2017-08-11#,H,2,manafort,1
#2017-08-11#,H,2,times,2
#2017-08-11#,H,2,time,1
#2017-08-11#,H,2,books,1
#2017-08-11#,H,2,eyes,1
#2017-08-11#,H,2,war,2
#2017-08-11#,H,2,india,1
#2017-08-11#,H,2,users,1
#2017-08-11#,H,2,white,1
#2017-08-11#,H,2,game,1
#2017-08-11#,H,2,kim,1
#2017-08-11#,H,2,probably,1
#2017-08-11#,H,3,trump's,1
#2017-08-11#,H,3,trump,5
#2017-08-11#,H,3,taylor,1
#2017-08-11#,H,3,golf,1
#2017-08-11#,H,3,groping,1
#2017-08-11#,H,3,superbugs,1
#2017-08-11#,H,3,swift,1
#2017-08-11#,H,3,opioid,1
#2017-08-11#,H,3,late,1
#2017-08-11#,H,3,island,1
#2017-08-11#,H,3,strategy,1
#2017-08-11#,H,3,trial,1
#2017-08-11#,H,3,russian,1
#2017-08-11#,H,3,flies,1
#2017-08-11#,H,3,breed,1
#2017-08-11#,H,4,instagram,1
#2017-08-11#,H,4,front,1
#2017-08-11#,H,4,world's,1
#2017-08-11#,H,4,london,1
#2017-08-11#,H,4,bus,1
#2017-08-11#,H,4,deal,1
#2017-08-11#,H,4,saudi,1
#2017-08-11#,H,4,pregnancy,1
#2017-08-11#,H,4,risk,1
#2017-08-11#,H,4,programs,1
#2017-08-11#,H,4,teenage,1
#2017-08-11#,H,4,bring,1
#2017-08-11#,H,4,free,1
#2017-08-11#,H,4,homes,1
#2017-08-11#,H,4,islands,1
#2017-08-11#,H,5,house,1
#2017-08-11#,H,5,review,1
#2017-08-11#,H,5,city,1
#2017-08-11#,H,5,majorca,1
#2017-08-11#,H,5,hunting,1
#2017-08-11#,H,5,google,1
#2017-08-11#,H,5,questions,2
#2017-08-11#,H,5,york,2
#2017-08-11#,H,5,tensions,1
#2017-08-11#,H,5,wall,1
#2017-08-11#,H,5,memo,1
#2017-08-11#,H,5,gauguin,1
#2017-08-11#,H,5,vs,1
#2017-08-11#,H,5,genius,1
#2017-08-11#,H,5,monster,1
#2017-08-11#,H,6,fight,1
#2017-08-11#,H,6,confederate,1
#2017-08-11#,H,6,edges,1
#2017-08-11#,H,6,shadow,1
#2017-08-11#,H,6,ole,1
#2017-08-11#,H,6,miss,1
#2017-08-11#,H,6,valley,1
#2017-08-11#,H,6,alt-right,1
#2017-08-11#,H,6,silicon,1
#2017-08-11#,H,6,judge,1
#2017-08-11#,H,6,chief,1
#2017-08-11#,H,6,tv,1
#2017-08-11#,H,6,netflix,1
#2017-08-11#,H,6,letterman,1
#2017-08-11#,H,6,david,1
#2017-08-11#,H,7,korea,3
#2017-08-11#,H,7,briefing,1
#2017-08-11#,H,7,north,3
#2017-08-11#,H,7,morning,1
#2017-08-11#,H,7,guam,1
#2017-08-11#,H,7,edition,1
#2017-08-11#,H,7,missiles,1
#2017-08-11#,H,7,u.s,1
#2017-08-11#,H,7,near,1
#2017-08-11#,H,7,light,1
#2017-08-11#,H,7,migrants,1
#2017-08-11#,H,7,europe,1
#2017-08-11#,H,7,hell,1
#2017-08-11#,H,7,opinion,1
#2017-08-11#,H,7,react,1
#2017-08-11#,H,8,north,3
#2017-08-11#,H,8,threat,1
#2017-08-11#,H,8,food,1
#2017-08-11#,H,8,trump,5
#2017-08-11#,H,8,korea,3
#2017-08-11#,H,8,transgender,1
#2017-08-11#,H,8,west,1
#2017-08-11#,H,8,health,1
#2017-08-11#,H,8,seattle,1
#2017-08-11#,H,8,smoke,1
#2017-08-11#,H,8,choking,1
#2017-08-11#,H,8,ban,1
#2017-08-11#,H,8,military,1
#2017-08-11#,H,8,california,1
#2017-08-11#,H,8,democrats,2
#2017-08-11#,T,1,news,1
#2017-08-11#,T,1,fake,1
#2017-08-11#,T,1,fox,1
#2017-08-11#,T,1,real,1
#2017-08-11#,T,1,eric,1
#2017-08-11#,T,1,yashar,1
#2017-08-11#,T,1,journalist,1
#2017-08-11#,T,1,tell,3
#2017-08-11#,T,1,sues,1
#2017-08-11#,T,1,host,1
#2017-08-11#,T,1,photo,1
#2017-08-11#,T,1,lewd,1
#2017-08-11#,T,1,bolling,1
#2017-08-11#,T,1,allegation,1
#2017-08-11#,T,1,https://t.co/n3o8nekfvz,1
#2017-08-11#,T,2,times,2
#2017-08-11#,T,2,coming,1
#2017-08-11#,T,2,#nra,1
#2017-08-11#,T,2,york,2
#2017-08-11#,T,2,#wednesdaywisdom,1
#2017-08-11#,T,2,eissolomon,1
#2017-08-11#,T,2,#danaloesch,1
#2017-08-11#,T,2,#thelyingpress,1
#2017-08-11#,T,2,paul,1
#2017-08-11#,T,2,loses,1
#2017-08-11#,T,2,panic,1
#2017-08-11#,T,2,peace,1
#2017-08-11#,T,2,subscribers,1
#2017-08-11#,T,2,pre-order,1
#2017-08-11#,T,2,copy,1
#2017-08-11#,T,3,#trump,1
#2017-08-11#,T,3,report,1
#2017-08-11#,T,3,won't,1
#2017-08-11#,T,3,exposed,1
#2017-08-11#,T,3,donnawr,1
#2017-08-11#,T,3,questions,2
#2017-08-11#,T,3,#trumpsarmy,1
#2017-08-11#,T,3,answers,1
#2017-08-11#,T,3,cnn,1
#2017-08-11#,T,3,msnbc,1
#2017-08-11#,T,3,#msm,1
#2017-08-11#,T,3,rt,4
#2017-08-11#,T,3,media,1
#2017-08-11#,T,3,share,1
#2017-08-11#,T,3,american,3
#2017-08-11#,T,4,democrats,2
#2017-08-11#,T,4,world,1
#2017-08-11#,T,4,rhinos,1
#2017-08-11#,T,4,weathers,1
#2017-08-11#,T,4,storms,1
#2017-08-11#,T,4,jrcheneyjohn,1
#2017-08-11#,T,4,trump,5
#2017-08-11#,T,4,voter,1
#2017-08-11#,T,4,told,1
#2017-08-11#,T,4,fraud,1
#2017-08-11#,T,4,realdonaldtrump,4
#2017-08-11#,T,4,harlan,1
#2017-08-11#,T,4,rt,4
#2017-08-11#,T,4,https://t.co/ep4rd0uffc,1
#2017-08-11#,T,4,exist,1
#2017-08-11#,T,5,truth,1
#2017-08-11#,T,5,trust,2
#2017-08-11#,T,5,kelliwardaz,2
#2017-08-11#,T,5,tell,3
#2017-08-11#,T,5,american,3
#2017-08-11#,T,5,realdonaldtrump,4
#2017-08-11#,T,5,war,2
#2017-08-11#,T,5,trolls,1
#2017-08-11#,T,5,la,1
#2017-08-11#,T,5,clinton,1
#2017-08-11#,T,5,rt,4
#2017-08-11#,T,5,americanvoterus,2
#2017-08-11#,T,5,poll,1
#2017-08-11#,T,5,admits,1
#2017-08-11#,T,5,own,1
#2017-08-11#,T,6,trump,5
#2017-08-11#,T,6,korea,3
#2017-08-11#,T,6,didn't,1
#2017-08-11#,T,6,realalexjones,1
#2017-08-11#,T,6,fakenews,1
#2017-08-11#,T,6,north,3
#2017-08-11#,T,6,bill,1
#2017-08-11#,T,6,government,1
#2017-08-11#,T,6,job,1
#2017-08-11#,T,6,donald,1
#2017-08-11#,T,6,americans,1
#2017-08-11#,T,6,blame,1
#2017-08-11#,T,6,current,1
#2017-08-11#,T,6,netanyahu,1
#2017-08-11#,T,6,situation,1
#2017-08-11#,T,7,potus,1
#2017-08-11#,T,7,realdonaldtrump,4
#2017-08-11#,T,7,foxnews,2
#2017-08-11#,T,7,nytimes,1
#2017-08-11#,T,7,here's,1
#2017-08-11#,T,7,propaganda,1
#2017-08-11#,T,7,degoyable,1
#2017-08-11#,T,7,a_4us,1
#2017-08-11#,T,7,trumpiteer,1
#2017-08-11#,T,7,covfefe4us,1
#2017-08-11#,T,7,c1imatehoax,1
#2017-08-11#,T,7,resist_libs,1
#2017-08-11#,T,7,kyle63az,1
#2017-08-11#,T,7,headlines,1
#2017-08-11#,T,7,rt,4
#2017-08-11#,T,8,polling,1
#2017-08-11#,T,8,foxnews,2
#2017-08-11#,T,8,support,1
#2017-08-11#,T,8,realdonaldtrump,4
#2017-08-11#,T,8,trust,2
#2017-08-11#,T,8,american,3
#2017-08-11#,T,8,tell,3
#2017-08-11#,T,8,air,1
#2017-08-11#,T,8,kelliwardaz,2
#2017-08-11#,T,8,graham,1
#2017-08-11#,T,8,mccain,1
#2017-08-11#,T,8,americanvoterus,2
#2017-08-11#,T,8,constantly,1
#2017-08-11#,T,8,survey,1
#2017-08-11#,T,8,majority,1
#2017-08-12#,H,1,bomb,1
#2017-08-12#,H,1,fears,1
#2017-08-12#,H,1,cancels,1
#2017-08-12#,H,1,employee,1
#2017-08-12#,H,1,harassment,1
#2017-08-12#,H,1,meeting,1
#2017-08-12#,H,1,google,1
#2017-08-12#,H,1,course,1
#2017-08-12#,H,1,policing,1
#2017-08-12#,H,1,correction,1
#2017-08-12#,H,1,lot,1
#2017-08-12#,H,1,city,1
#2017-08-12#,H,1,editorial,2
#2017-08-12#,H,1,economy,1
#2017-08-12#,H,1,hope,1
#2017-08-12#,H,2,north,2
#2017-08-12#,H,2,briefing,1
#2017-08-12#,H,2,morning,1
#2017-08-12#,H,2,edition,1
#2017-08-12#,H,2,world's,1
#2017-08-12#,H,2,korea,3
#2017-08-12#,H,2,gender,1
#2017-08-12#,H,2,book,1
#2017-08-12#,H,2,u.s,2
#2017-08-12#,H,2,car,1
#2017-08-12#,H,2,students,1
#2017-08-12#,H,2,missing,1
#2017-08-12#,H,2,stuck,1
#2017-08-12#,H,2,bodies,1
#2017-08-12#,H,2,river,1
#2017-08-12#,H,3,brooks,1
#2017-08-12#,H,3,happened,1
#2017-08-12#,H,3,pichai,1
#2017-08-12#,H,3,c.e.o,1
#2017-08-12#,H,3,resign,1
#2017-08-12#,H,3,sundar,1
#2017-08-12#,H,3,week,1
#2017-08-12#,H,3,hours,1
#2017-08-12#,H,3,hard,1
#2017-08-12#,H,3,missile,1
#2017-08-12#,H,3,stay,1
#2017-08-12#,H,3,david,1
#2017-08-12#,H,3,gap,1
#2017-08-12#,H,3,china,1
#2017-08-12#,H,3,police,1
#2017-08-12#,H,4,trump,4
#2017-08-12#,H,4,korea,3
#2017-08-12#,H,4,threat,1
#2017-08-12#,H,4,health,1
#2017-08-12#,H,4,play,1
#2017-08-12#,H,4,puzzle,1
#2017-08-12#,H,4,guam,2
#2017-08-12#,H,4,taylor,1
#2017-08-12#,H,4,posts,1
#2017-08-12#,H,4,military,1
#2017-08-12#,H,4,swift,1
#2017-08-12#,H,4,war,2
#2017-08-12#,H,4,venezuela,1
#2017-08-12#,H,4,acts,1
#2017-08-12#,H,4,opinion,1
#2017-08-12#,H,5,attack,1
#2017-08-12#,H,5,mcconnell,1
#2017-08-12#,H,5,fight,1
#2017-08-12#,H,5,fury,1
#2017-08-12#,H,5,key,1
#2017-08-12#,H,5,twitter,1
#2017-08-12#,H,5,risks,1
#2017-08-12#,H,5,ally,1
#2017-08-12#,H,5,alienating,1
#2017-08-12#,H,5,elliott,1
#2017-08-12#,H,5,books,1
#2017-08-12#,H,5,dead,1
#2017-08-12#,H,5,washington,2
#2017-08-12#,H,5,climate,1
#2017-08-12#,H,5,times,3
#2017-08-12#,H,6,nuclear,1
#2017-08-12#,H,6,kim,1
#2017-08-12#,H,6,deal,1
#2017-08-12#,H,6,california,1
#2017-08-12#,H,6,u.s,2
#2017-08-12#,H,6,election,1
#2017-08-12#,H,6,change,1
#2017-08-12#,H,6,korea's,1
#2017-08-12#,H,6,trump's,1
#2017-08-12#,H,6,editorial,2
#2017-08-12#,H,6,president,2
#2017-08-12#,H,6,times,3
#2017-08-12#,H,6,clinton's,1
#2017-08-12#,H,6,email,1
#2017-08-12#,H,6,pastor,1
#2017-08-12#,H,7,review,1
#2017-08-12#,H,7,sentences,1
#2017-08-12#,H,7,woody,1
#2017-08-12#,H,7,glass,1
#2017-08-12#,H,7,dad,1
#2017-08-12#,H,7,crazy,1
#2017-08-12#,H,7,wild,1
#2017-08-12#,H,7,harrelson,1
#2017-08-12#,H,7,house,1
#2017-08-12#,H,7,india,1
#2017-08-12#,H,7,guam,2
#2017-08-12#,H,7,teacher,1
#2017-08-12#,H,7,kalanick,1
#2017-08-12#,H,7,board,1
#2017-08-12#,H,7,hunting,1
#2017-08-12#,H,8,food,1
#2017-08-12#,H,8,strike,1
#2017-08-12#,H,8,buttered,1
#2017-08-12#,H,8,lowly,1
#2017-08-12#,H,8,redux,1
#2017-08-12#,H,8,drama,1
#2017-08-12#,H,8,roll,1
#2017-08-12#,H,8,breakfast,1
#2017-08-12#,H,8,britain,1
#2017-08-12#,H,8,begets,1
#2017-08-12#,H,8,south,1
#2017-08-12#,H,8,game,1
#2017-08-12#,H,8,sues,1
#2017-08-12#,H,8,achieves,1
#2017-08-12#,H,8,trilobites,1
#2017-08-12#,T,1,la,1
#2017-08-12#,T,1,de,2
#2017-08-12#,T,1,#defendeurope,1
#2017-08-12#,T,1,davidmweissman,1
#2017-08-12#,T,1,une,1
#2017-08-12#,T,1,les,1
#2017-08-12#,T,1,realdonaldtrump,3
#2017-08-12#,T,1,truth,1
#2017-08-12#,T,1,world,1
#2017-08-12#,T,1,journalism,1
#2017-08-12#,T,1,rt,4
#2017-08-12#,T,1,headlines,1
#2017-08-12#,T,1,tell,1
#2017-08-12#,T,1,storms,1
#2017-08-12#,T,1,washington,2
#2017-08-12#,T,2,news,1
#2017-08-12#,T,2,fake,1
#2017-08-12#,T,2,harlan,1
#2017-08-12#,T,2,media,1
#2017-08-12#,T,2,political,1
#2017-08-12#,T,2,women,1
#2017-08-12#,T,2,sick,1
#2017-08-12#,T,2,wear,1
#2017-08-12#,T,2,weapons,1
#2017-08-12#,T,2,shoes,1
#2017-08-12#,T,2,wasn't,1
#2017-08-12#,T,2,#fridayfeeling,1
#2017-08-12#,T,2,told,1
#2017-08-12#,T,2,democrats,1
#2017-08-12#,T,2,trump,4
#2017-08-12#,T,3,korea,3
#2017-08-12#,T,3,north,2
#2017-08-12#,T,3,cnn,3
#2017-08-12#,T,3,beat,1
#2017-08-12#,T,3,polnewsforever,1
#2017-08-12#,T,3,badly,1
#2017-08-12#,T,3,derangement,1
#2017-08-12#,T,3,syndrome,1
#2017-08-12#,T,3,infected,1
#2017-08-12#,T,3,trump,4
#2017-08-12#,T,3,war,2
#2017-08-12#,T,3,he's,1
#2017-08-12#,T,3,seriously,1
#2017-08-12#,T,3,rt,4
#2017-08-12#,T,3,de,2
#2017-08-12#,T,4,paul,1
#2017-08-12#,T,4,jake,1
#2017-08-12#,T,4,peace,1
#2017-08-12#,T,4,copy,1
#2017-08-12#,T,4,panic,1
#2017-08-12#,T,4,loses,1
#2017-08-12#,T,4,neckdeepuk,1
#2017-08-12#,T,4,subscribers,1
#2017-08-12#,T,4,pre-order,1
#2017-08-12#,T,4,#dabonthehaters,1
#2017-08-12#,T,4,rt,4
#2017-08-12#,T,4,realjeffreylord,1
#2017-08-12#,T,4,times,3
#2017-08-12#,T,4,russia,1
#2017-08-12#,T,4,#trump,1
#2017-08-12#,T,5,propaganda,1
#2017-08-12#,T,5,realdonaldtrump,3
#2017-08-12#,T,5,didn't,1
#2017-08-12#,T,5,polling,1
#2017-08-12#,T,5,trump,4
#2017-08-12#,T,5,story,1
#2017-08-12#,T,5,the_trump_train,1
#2017-08-12#,T,5,fired,1
#2017-08-12#,T,5,officially,1
#2017-08-12#,T,5,united,1
#2017-08-12#,T,5,network,1
#2017-08-12#,T,5,cnn,3
#2017-08-12#,T,5,unamerican,1
#2017-08-12#,T,5,sided,1
#2017-08-12#,T,5,create,1
#2017-08-12#,T,6,cnn,3
#2017-08-12#,T,6,fakenews,1
#2017-08-12#,T,6,abc,1
#2017-08-12#,T,6,nbc,1
#2017-08-12#,T,6,#medialiesmatter,1
#2017-08-12#,T,6,poltoons,1
#2017-08-12#,T,6,realdonaldtrump,3
#2017-08-12#,T,6,cbs,1
#2017-08-12#,T,6,rt,4
#2017-08-12#,T,6,msnbc,1
#2017-08-12#,T,6,potus,1
#2017-08-12#,T,6,nytimes,1
#2017-08-12#,T,6,#fakenews,1
#2017-08-12#,T,6,talk,1
#2017-08-12#,T,6,#cutthecable,1
#2017-08-12#,T,7,foxnews,1
#2017-08-12#,T,7,americanvoterus,1
#2017-08-12#,T,7,support,1
#2017-08-12#,T,7,air,1
#2017-08-12#,T,7,constantly,1
#2017-08-12#,T,7,die,1
#2017-08-12#,T,7,opinions,1
#2017-08-12#,T,7,trumpers,1
#2017-08-12#,T,7,mccain,1
#2017-08-12#,T,7,graham,1
#2017-08-12#,T,7,jrcheneyjohn,1
#2017-08-12#,T,7,christiec,1
#2017-08-12#,T,7,president,2
#2017-08-12#,T,7,stacylstiles,1
#2017-08-12#,T,7,carrieksada,1
#2017-08-12#,T,8,time,1
#2017-08-12#,T,8,washingtonpost,1
#2017-08-12#,T,8,journalists,1
#2017-08-12#,T,8,fires,1
#2017-08-12#,T,8,lawsuit,1
#2017-08-12#,T,8,shujarabbani,1
#2017-08-12#,T,8,afghanistan,1
#2017-08-12#,T,8,slander,1
#2017-08-12#,T,8,hefty,1
#2017-08-12#,T,8,msm,1
#2017-08-12#,T,8,elites,1
#2017-08-12#,T,8,globalists,1
#2017-08-12#,T,8,leftists,1
#2017-08-12#,T,8,we'll,1
#2017-08-12#,T,8,rodstryker,1
#2017-08-13#,H,1,week,1
#2017-08-13#,H,1,happened,1
#2017-08-13#,H,1,feature,1
#2017-08-13#,H,1,venezuela,1
#2017-08-13#,H,1,police,1
#2017-08-13#,H,1,syria,1
#2017-08-13#,H,1,cancer,1
#2017-08-13#,H,1,reining,1
#2017-08-13#,H,1,beach-spreading,1
#2017-08-13#,H,1,kitchen,1
#2017-08-13#,H,1,involving,1
#2017-08-13#,H,1,misconduct,1
#2017-08-13#,H,1,developments,1
#2017-08-13#,H,1,cameras,1
#2017-08-13#,H,1,body,1
#2017-08-13#,H,2,hours,1
#2017-08-13#,H,2,trump's,1
#2017-08-13#,H,2,nerd,1
#2017-08-13#,H,2,genius,1
#2017-08-13#,H,2,golf,1
#2017-08-13#,H,2,nyc,1
#2017-08-13#,H,2,president,2
#2017-08-13#,H,2,declared,1
#2017-08-13#,H,2,kenyan,1
#2017-08-13#,H,2,election,1
#2017-08-13#,H,2,victor,1
#2017-08-13#,H,2,damaging,1
#2017-08-13#,H,2,myth,1
#2017-08-13#,H,2,loner,1
#2017-08-13#,H,2,weekend,1
#2017-08-13#,H,3,korea,2
#2017-08-13#,H,3,north,2
#2017-08-13#,H,3,review,1
#2017-08-13#,H,3,deal,1
#2017-08-13#,H,3,play,1
#2017-08-13#,H,3,wild,1
#2017-08-13#,H,3,threats,1
#2017-08-13#,H,3,u.s,1
#2017-08-13#,H,3,exactly,1
#2017-08-13#,H,3,sanctions,1
#2017-08-13#,H,3,watch,1
#2017-08-13#,H,3,opinion,1
#2017-08-13#,H,3,shorty,1
#2017-08-13#,H,3,donald,2
#2017-08-13#,H,3,trump,4
#2017-08-13#,H,4,morning,1
#2017-08-13#,H,4,briefing,1
#2017-08-13#,H,4,edition,1
#2017-08-13#,H,4,instagram,1
#2017-08-13#,H,4,trump,4
#2017-08-13#,H,4,eyes,1
#2017-08-13#,H,4,china,1
#2017-08-13#,H,4,users,1
#2017-08-13#,H,4,india,1
#2017-08-13#,H,4,car,1
#2017-08-13#,H,4,crime,1
#2017-08-13#,H,4,pulls,1
#2017-08-13#,H,4,bad,1
#2017-08-13#,H,4,conservatives,1
#2017-08-13#,H,4,help,2
#2017-08-13#,H,5,food,1
#2017-08-13#,H,5,buttered,1
#2017-08-13#,H,5,begets,1
#2017-08-13#,H,5,drama,1
#2017-08-13#,H,5,lowly,1
#2017-08-13#,H,5,roll,1
#2017-08-13#,H,5,redux,1
#2017-08-13#,H,5,breakfast,1
#2017-08-13#,H,5,rally,1
#2017-08-13#,H,5,virginia,1
#2017-08-13#,H,5,kim,1
#2017-08-13#,H,5,valley,1
#2017-08-13#,H,5,silicon,1
#2017-08-13#,H,5,cannibal,1
#2017-08-13#,H,5,own,1
#2017-08-13#,H,6,pay,1
#2017-08-13#,H,6,editorial,1
#2017-08-13#,H,6,confederate,1
#2017-08-13#,H,6,white,2
#2017-08-13#,H,6,commuters,1
#2017-08-13#,H,6,share,1
#2017-08-13#,H,6,house,1
#2017-08-13#,H,6,aide,1
#2017-08-13#,H,6,island,1
#2017-08-13#,H,6,attacks,1
#2017-08-13#,H,6,stay,1
#2017-08-13#,H,6,help,2
#2017-08-13#,H,6,forced,1
#2017-08-13#,H,6,conspiracy,1
#2017-08-13#,H,6,leftist,1
#2017-08-13#,H,7,york,1
#2017-08-13#,H,7,city,1
#2017-08-13#,H,7,taylor,1
#2017-08-13#,H,7,swift,1
#2017-08-13#,H,7,split,1
#2017-08-13#,H,7,cool,1
#2017-08-13#,H,7,reopens,1
#2017-08-13#,H,7,comment,1
#2017-08-13#,H,7,race,1
#2017-08-13#,H,7,return,1
#2017-08-13#,H,7,inquiry,1
#2017-08-13#,H,7,grill,1
#2017-08-13#,H,7,drink,1
#2017-08-13#,H,7,swap,1
#2017-08-13#,H,7,hot,1
#2017-08-13#,H,8,tough,1
#2017-08-13#,H,8,trump,4
#2017-08-13#,H,8,collins,1
#2017-08-13#,H,8,tweets,1
#2017-08-13#,H,8,protesters,1
#2017-08-13#,H,8,charlottesville,1
#2017-08-13#,H,8,move,1
#2017-08-13#,H,8,photos,1
#2017-08-13#,H,8,guam,1
#2017-08-13#,H,8,hard,1
#2017-08-13#,H,8,mom,1
#2017-08-13#,H,8,short,1
#2017-08-13#,H,8,crisis,1
#2017-08-13#,H,8,board,1
#2017-08-13#,H,8,politics,1
#2017-08-13#,T,1,cnn,1
#2017-08-13#,T,1,russia,1
#2017-08-13#,T,1,#maga,1
#2017-08-13#,T,1,defendeuropeid,1
#2017-08-13#,T,1,fake,2
#2017-08-13#,T,1,#defendeurope,2
#2017-08-13#,T,1,rt,3
#2017-08-13#,T,1,badly,1
#2017-08-13#,T,1,polls,1
#2017-08-13#,T,1,#medialiesmatter,1
#2017-08-13#,T,1,derangement,1
#2017-08-13#,T,1,abc,1
#2017-08-13#,T,1,#cutthecable,1
#2017-08-13#,T,1,hillary,1
#2017-08-13#,T,1,poltoons,1
#2017-08-13#,T,2,media,1
#2017-08-13#,T,2,#antifa,1
#2017-08-13#,T,2,ready,1
#2017-08-13#,T,2,nazi,1
#2017-08-13#,T,2,supporters,1
#2017-08-13#,T,2,pretending,1
#2017-08-13#,T,2,march,1
#2017-08-13#,T,2,question,1
#2017-08-13#,T,2,eating,1
#2017-08-13#,T,2,mitchellvii,1
#2017-08-13#,T,2,neo,1
#2017-08-13#,T,2,trump,4
#2017-08-13#,T,2,news,2
#2017-08-13#,T,2,=,1
#2017-08-13#,T,2,anymore,1
#2017-08-13#,T,3,globalists,1
#2017-08-13#,T,3,korea,2
#2017-08-13#,T,3,continue,1
#2017-08-13#,T,3,north,2
#2017-08-13#,T,3,disappointed,1
#2017-08-13#,T,3,digging,1
#2017-08-13#,T,3,dirt,1
#2017-08-13#,T,3,realalexjones,1
#2017-08-13#,T,3,https://t.co/hfszjtvurg,1
#2017-08-13#,T,3,americanvoterus,1
#2017-08-13#,T,3,dear,1
#2017-08-13#,T,3,thanks,1
#2017-08-13#,T,3,propaganda,1
#2017-08-13#,T,3,voice,1
#2017-08-13#,T,3,care,1
#2017-08-13#,T,4,attack,1
#2017-08-13#,T,4,president,2
#2017-08-13#,T,4,davidmweissman,1
#2017-08-13#,T,4,israel,1
#2017-08-13#,T,4,netanyahu,1
#2017-08-13#,T,4,infiltrated,1
#2017-08-13#,T,4,pm,1
#2017-08-13#,T,4,#standwithnetanyahu,1
#2017-08-13#,T,4,obama,1
#2017-08-13#,T,4,time,1
#2017-08-13#,T,4,kwilli,1
#2017-08-13#,T,4,washingtonpost,1
#2017-08-13#,T,4,n.korea,1
#2017-08-13#,T,4,reason,1
#2017-08-13#,T,4,bill,1
#2017-08-13#,T,5,los,1
#2017-08-13#,T,5,donald,2
#2017-08-13#,T,5,crap,1
#2017-08-13#,T,5,david,1
#2017-08-13#,T,5,duke,1
#2017-08-13#,T,5,little,1
#2017-08-13#,T,5,disavowed,1
#2017-08-13#,T,5,cut,1
#2017-08-13#,T,5,sparklesoup,1
#2017-08-13#,T,5,multiple,1
#2017-08-13#,T,5,parasite,1
#2017-08-13#,T,5,whiny,1
#2017-08-13#,T,5,divisive,1
#2017-08-13#,T,5,occasions,1
#2017-08-13#,T,5,medios,1
#2017-08-13#,T,6,realdonaldtrump,1
#2017-08-13#,T,6,fake,2
#2017-08-13#,T,6,he's,1
#2017-08-13#,T,6,saying,1
#2017-08-13#,T,6,usa,1
#2017-08-13#,T,6,#msm,1
#2017-08-13#,T,6,bomb,1
#2017-08-13#,T,6,criticizing,1
#2017-08-13#,T,6,nut,1
#2017-08-13#,T,6,georgiadirtroad,1
#2017-08-13#,T,6,potus,1
#2017-08-13#,T,6,polnewsforever,1
#2017-08-13#,T,6,syndrome,1
#2017-08-13#,T,6,infected,1
#2017-08-13#,T,6,#charlottesville,1
#2017-08-13#,T,7,white,2
#2017-08-13#,T,7,de,1
#2017-08-13#,T,7,la,1
#2017-08-13#,T,7,les,1
#2017-08-13#,T,7,une,1
#2017-08-13#,T,7,won't,1
#2017-08-13#,T,7,rt,3
#2017-08-13#,T,7,#russiaprobe,1
#2017-08-13#,T,7,witch,1
#2017-08-13#,T,7,shorter,1
#2017-08-13#,T,7,msm,1
#2017-08-13#,T,7,version,1
#2017-08-13#,T,7,funnier,1
#2017-08-13#,T,7,hunt,1
#2017-08-13#,T,7,terror,1
#2017-08-13#,T,8,news,2
#2017-08-13#,T,8,#fakenews,1
#2017-08-13#,T,8,dloesch,1
#2017-08-13#,T,8,specialkmb,1
#2017-08-13#,T,8,rt,3
#2017-08-13#,T,8,#defendeurope,2
#2017-08-13#,T,8,foxnews,1
#2017-08-13#,T,8,repkathleenrice,1
#2017-08-13#,T,8,#trumprussia,1
#2017-08-13#,T,8,fox,1
#2017-08-13#,T,8,proven,1
#2017-08-13#,T,8,war,1
#2017-08-13#,T,8,ad,1
#2017-08-13#,T,8,fakenews,1
#2017-08-13#,T,8,story,1
#2017-08-14#,H,1,north,1
#2017-08-14#,H,1,korea,1
#2017-08-14#,H,1,food,1
#2017-08-14#,H,1,threats,1
#2017-08-14#,H,1,hard,2
#2017-08-14#,H,1,drama,1
#2017-08-14#,H,1,breakfast,1
#2017-08-14#,H,1,buttered,1
#2017-08-14#,H,1,roll,1
#2017-08-14#,H,1,lowly,1
#2017-08-14#,H,1,begets,1
#2017-08-14#,H,1,redux,1
#2017-08-14#,H,1,guam,1
#2017-08-14#,H,1,wild,1
#2017-08-14#,H,1,showdown,1
#2017-08-14#,H,2,chaos,1
#2017-08-14#,H,2,amid,1
#2017-08-14#,H,2,cancer,1
#2017-08-14#,H,2,review,1
#2017-08-14#,H,2,looks,1
#2017-08-14#,H,2,clashes,1
#2017-08-14#,H,2,feature,1
#2017-08-14#,H,2,pig,1
#2017-08-14#,H,2,transplanting,1
#2017-08-14#,H,2,organs,1
#2017-08-14#,H,2,hope,1
#2017-08-14#,H,2,humans,1
#2017-08-14#,H,2,editing,1
#2017-08-14#,H,2,gene,1
#2017-08-14#,H,2,spurs,1
#2017-08-14#,H,3,act,1
#2017-08-14#,H,3,quiz,1
#2017-08-14#,H,3,russia-west,1
#2017-08-14#,H,3,grows,1
#2017-08-14#,H,3,wobbly,1
#2017-08-14#,H,3,balancing,1
#2017-08-14#,H,3,belarus,1
#2017-08-14#,H,3,change,1
#2017-08-14#,H,3,climate,1
#2017-08-14#,H,3,heather,1
#2017-08-14#,H,3,heyer,1
#2017-08-14#,H,3,earth,1
#2017-08-14#,H,3,news,2
#2017-08-14#,H,3,called,1
#2017-08-14#,H,3,dinosaurs,1
#2017-08-14#,H,4,white,4
#2017-08-14#,H,4,rally,1
#2017-08-14#,H,4,nationalists,1
#2017-08-14#,H,4,city,1
#2017-08-14#,H,4,virginia,1
#2017-08-14#,H,4,charlottesville,3
#2017-08-14#,H,4,kitchen,1
#2017-08-14#,H,4,deadly,1
#2017-08-14#,H,4,crash,1
#2017-08-14#,H,4,iran,2
#2017-08-14#,H,4,missiles,1
#2017-08-14#,H,4,bruni,1
#2017-08-14#,H,4,bigotocracy,1
#2017-08-14#,H,4,car,2
#2017-08-14#,H,4,migrant,1
#2017-08-14#,H,5,supremacists,1
#2017-08-14#,H,5,killed,1
#2017-08-14#,H,5,briefing,1
#2017-08-14#,H,5,michael,1
#2017-08-14#,H,5,assault,1
#2017-08-14#,H,5,edition,1
#2017-08-14#,H,5,morning,1
#2017-08-14#,H,5,efforts,1
#2017-08-14#,H,5,prevent,1
#2017-08-14#,H,5,died,1
#2017-08-14#,H,5,claims,1
#2017-08-14#,H,5,bombing,1
#2017-08-14#,H,5,pakistan,1
#2017-08-14#,H,5,isis,1
#2017-08-14#,H,5,suicide,1
#2017-08-14#,H,6,silicon,1
#2017-08-14#,H,6,valley,1
#2017-08-14#,H,6,trump's,1
#2017-08-14#,H,6,own,1
#2017-08-14#,H,6,populist,1
#2017-08-14#,H,6,pundit,1
#2017-08-14#,H,6,china,1
#2017-08-14#,H,6,puzzle,1
#2017-08-14#,H,6,help,1
#2017-08-14#,H,6,eclipse,1
#2017-08-14#,H,6,pay,1
#2017-08-14#,H,6,split,1
#2017-08-14#,H,6,trump,5
#2017-08-14#,H,6,play,1
#2017-08-14#,H,6,center,1
#2017-08-14#,H,7,charlottesville,3
#2017-08-14#,H,7,hours,1
#2017-08-14#,H,7,trump,5
#2017-08-14#,H,7,mayor,1
#2017-08-14#,H,7,weekend,1
#2017-08-14#,H,7,event,1
#2017-08-14#,H,7,tick,1
#2017-08-14#,H,7,defenders,1
#2017-08-14#,H,7,nerd,1
#2017-08-14#,H,7,white,4
#2017-08-14#,H,7,final,1
#2017-08-14#,H,7,lawsuit,1
#2017-08-14#,H,7,e.p.a,1
#2017-08-14#,H,7,agenda,1
#2017-08-14#,H,7,pruitt,1
#2017-08-14#,H,8,house,1
#2017-08-14#,H,8,week,1
#2017-08-14#,H,8,teenage,1
#2017-08-14#,H,8,pregnancy,1
#2017-08-14#,H,8,charlottesville,3
#2017-08-14#,H,8,white,4
#2017-08-14#,H,8,hate,1
#2017-08-14#,H,8,car,2
#2017-08-14#,H,8,son,1
#2017-08-14#,H,8,happened,2
#2017-08-14#,H,8,remarks,1
#2017-08-14#,H,8,attack,2
#2017-08-14#,H,8,police,1
#2017-08-14#,H,8,photos,1
#2017-08-14#,H,8,developments,1
#2017-08-14#,T,1,sweetatertot,1
#2017-08-14#,T,1,alex,1
#2017-08-14#,T,1,jr,1
#2017-08-14#,T,1,probably,1
#2017-08-14#,T,1,voted,2
#2017-08-14#,T,1,align,1
#2017-08-14#,T,1,fields,2
#2017-08-14#,T,1,tell,2
#2017-08-14#,T,1,wont,2
#2017-08-14#,T,1,james,2
#2017-08-14#,T,1,bernie,2
#2017-08-14#,T,1,realdonaldtrump,2
#2017-08-14#,T,1,#fakenews,2
#2017-08-14#,T,1,liberals,1
#2017-08-14#,T,1,try,1
#2017-08-14#,T,2,trump,5
#2017-08-14#,T,2,disavowed,1
#2017-08-14#,T,2,david,1
#2017-08-14#,T,2,crap,1
#2017-08-14#,T,2,donald,1
#2017-08-14#,T,2,little,1
#2017-08-14#,T,2,occasions,1
#2017-08-14#,T,2,sparklesoup,1
#2017-08-14#,T,2,multiple,1
#2017-08-14#,T,2,divisive,1
#2017-08-14#,T,2,cut,1
#2017-08-14#,T,2,whiny,1
#2017-08-14#,T,2,parasite,1
#2017-08-14#,T,2,eating,1
#2017-08-14#,T,2,supporters,1
#2017-08-14#,T,3,fake,2
#2017-08-14#,T,3,dems,1
#2017-08-14#,T,3,pushing,1
#2017-08-14#,T,3,talking,1
#2017-08-14#,T,3,hard,2
#2017-08-14#,T,3,notice,1
#2017-08-14#,T,3,#whitesupremacy,1
#2017-08-14#,T,3,#russiarussiarussia,1
#2017-08-14#,T,3,tamaraleighllc,1
#2017-08-14#,T,3,pt,1
#2017-08-14#,T,3,propaganda,1
#2017-08-14#,T,3,harder,1
#2017-08-14#,T,3,liberal,1
#2017-08-14#,T,3,report,1
#2017-08-14#,T,3,war,1
#2017-08-14#,T,4,duke,1
#2017-08-14#,T,4,support,1
#2017-08-14#,T,4,=,1
#2017-08-14#,T,4,kkk,1
#2017-08-14#,T,4,bigot/racist,1
#2017-08-14#,T,4,thejusticedept,1
#2017-08-14#,T,4,fake_name,1
#2017-08-14#,T,4,rips,1
#2017-08-14#,T,4,gt;calls,1
#2017-08-14#,T,4,rodstryker,1
#2017-08-14#,T,4,fakenews,1
#2017-08-14#,T,4,trump,5
#2017-08-14#,T,4,didn't,1
#2017-08-14#,T,4,check,1
#2017-08-14#,T,4,hillary,1
#2017-08-14#,T,5,#antifa,1
#2017-08-14#,T,5,realdonaldtrump,2
#2017-08-14#,T,5,#fakenews,2
#2017-08-14#,T,5,calls,1
#2017-08-14#,T,5,repstevensmith,1
#2017-08-14#,T,5,counter-protesters,1
#2017-08-14#,T,5,lies,1
#2017-08-14#,T,5,blm,1
#2017-08-14#,T,5,americanvoterus,1
#2017-08-14#,T,5,cnn,2
#2017-08-14#,T,5,fox,1
#2017-08-14#,T,5,#charlottsville,1
#2017-08-14#,T,5,terror,1
#2017-08-14#,T,5,world,1
#2017-08-14#,T,5,rt,1
#2017-08-14#,T,6,cnn,2
#2017-08-14#,T,6,violence,1
#2017-08-14#,T,6,real,1
#2017-08-14#,T,6,fake,2
#2017-08-14#,T,6,president,1
#2017-08-14#,T,6,happened,2
#2017-08-14#,T,6,msnbc,1
#2017-08-14#,T,6,#cnn,1
#2017-08-14#,T,6,attack,2
#2017-08-14#,T,6,potus,1
#2017-08-14#,T,6,news,2
#2017-08-14#,T,6,polling,1
#2017-08-14#,T,6,#trump,1
#2017-08-14#,T,6,firm,1
#2017-08-14#,T,6,polls,1
#2017-08-14#,T,7,white,4
#2017-08-14#,T,7,supremacist,1
#2017-08-14#,T,7,angry,1
#2017-08-14#,T,7,bernie,2
#2017-08-14#,T,7,picture,1
#2017-08-14#,T,7,bettybowers,1
#2017-08-14#,T,7,peter,1
#2017-08-14#,T,7,cvjetanovic,1
#2017-08-14#,T,7,media,1
#2017-08-14#,T,7,tell,2
#2017-08-14#,T,7,james,2
#2017-08-14#,T,7,wont,2
#2017-08-14#,T,7,fields,2
#2017-08-14#,T,7,narrative,1
#2017-08-14#,T,7,voted,2
#2017-08-14#,T,8,obama,1
#2017-08-14#,T,8,#maga,1
#2017-08-14#,T,8,left,1
#2017-08-14#,T,8,#trumptrain,1
#2017-08-14#,T,8,nuclear,1
#2017-08-14#,T,8,mess,1
#2017-08-14#,T,8,funded,1
#2017-08-14#,T,8,skb_sara,1
#2017-08-14#,T,8,iran,2
#2017-08-14#,T,8,#sundayreads,1
#2017-08-14#,T,8,https://t.co/c6bole53q,1
#2017-08-14#,T,8,#blm,1
#2017-08-14#,T,8,condemned,1
#2017-08-14#,T,8,bocavista,1
#2017-08-14#,T,8,trump,5
