#2017-08-04#,H,1,dark,1
#2017-08-04#,H,1,game,1
#2017-08-04#,H,1,trilobites,1
#2017-08-04#,H,1,jones,1
#2017-08-04#,H,1,judith,1
#2017-08-04#,H,1,thinking,1
#2017-08-04#,H,1,inquiry,1
#2017-08-04#,H,1,australia,2
#2017-08-04#,H,1,house,2
#2017-08-04#,H,1,nears,1
#2017-08-04#,H,1,hope,1
#2017-08-04#,H,1,frustration,1
#2017-08-04#,H,1,marriage,1
#2017-08-04#,H,1,gay,1
#2017-08-04#,H,1,recap,1
#2017-08-04#,H,2,mueller,1
#2017-08-04#,H,2,protect,1
#2017-08-04#,H,2,tech,1
#2017-08-04#,H,2,opinion,1
#2017-08-04#,H,2,white,2
#2017-08-04#,H,2,save,1
#2017-08-04#,H,2,feasting,1
#2017-08-04#,H,2,blow,1
#2017-08-04#,H,2,false,1
#2017-08-04#,H,2,trump,5
#2017-08-04#,H,2,jury,1
#2017-08-04#,H,2,grand,1
#2017-08-04#,H,2,wall,1
#2017-08-04#,H,2,fire,1
#2017-08-04#,H,2,airport,1
#2017-08-04#,H,3,trump,5
#2017-08-04#,H,3,immigration,2
#2017-08-04#,H,3,travel,1
#2017-08-04#,H,3,legal,1
#2017-08-04#,H,3,tom,1
#2017-08-04#,H,3,lightning,1
#2017-08-04#,H,3,air,1
#2017-08-04#,H,3,europe,1
#2017-08-04#,H,3,live,1
#2017-08-04#,H,3,maine,1
#2017-08-04#,H,3,erin,1
#2017-08-04#,H,3,destination,1
#2017-08-04#,H,3,french,1
#2017-08-04#,H,3,dining,1
#2017-08-04#,H,3,tiny,1
#2017-08-04#,H,4,care,1
#2017-08-04#,H,4,health,1
#2017-08-04#,H,4,play,1
#2017-08-04#,H,4,recommendation,1
#2017-08-04#,H,4,letter,1
#2017-08-04#,H,4,editorial,1
#2017-08-04#,H,4,shocker,1
#2017-08-04#,H,4,sanctions,1
#2017-08-04#,H,4,congress,1
#2017-08-04#,H,4,war,1
#2017-08-04#,H,4,america,1
#2017-08-04#,H,4,start,2
#2017-08-04#,H,4,trump,5
#2017-08-04#,H,4,russia,1
#2017-08-04#,H,4,republicans,1
#2017-08-04#,H,5,summer,1
#2017-08-04#,H,5,island,1
#2017-08-04#,H,5,hackers,1
#2017-08-04#,H,5,finding,1
#2017-08-04#,H,5,california,1
#2017-08-04#,H,5,search,1
#2017-08-04#,H,5,common,1
#2017-08-04#,H,5,college,1
#2017-08-04#,H,5,firsts,1
#2017-08-04#,H,5,australian,1
#2017-08-04#,H,5,admits,1
#2017-08-04#,H,5,deal,1
#2017-08-04#,H,5,u.s,1
#2017-08-04#,H,5,future,1
#2017-08-04#,H,5,ride,1
#2017-08-04#,H,6,briefing,3
#2017-08-04#,H,6,morning,1
#2017-08-04#,H,6,edition,1
#2017-08-04#,H,6,calls,1
#2017-08-04#,H,6,transcripts,1
#2017-08-04#,H,6,trump's,1
#2017-08-04#,H,6,nuclear,1
#2017-08-04#,H,6,battle,1
#2017-08-04#,H,6,north,1
#2017-08-04#,H,6,threat,1
#2017-08-04#,H,6,system,1
#2017-08-04#,H,6,makes,1
#2017-08-04#,H,6,australia,2
#2017-08-04#,H,6,year-old,1
#2017-08-04#,H,6,looking,1
#2017-08-04#,H,7,president,1
#2017-08-04#,H,7,action,1
#2017-08-04#,H,7,bribery,1
#2017-08-04#,H,7,lawmakers,1
#2017-08-04#,H,7,prosecution,1
#2017-08-04#,H,7,reject,1
#2017-08-04#,H,7,brazilian,1
#2017-08-04#,H,7,admissions,1
#2017-08-04#,H,7,line,1
#2017-08-04#,H,7,affirmative,1
#2017-08-04#,H,7,house,2
#2017-08-04#,H,7,justice,1
#2017-08-04#,H,7,dept,1
#2017-08-04#,H,7,political,2
#2017-08-04#,H,7,temer,1
#2017-08-04#,H,8,puzzle,1
#2017-08-04#,H,8,republican,1
#2017-08-04#,H,8,sale,1
#2017-08-04#,H,8,review,1
#2017-08-04#,H,8,running,1
#2017-08-04#,H,8,switch,1
#2017-08-04#,H,8,ghost,1
#2017-08-04#,H,8,profile,1
#2017-08-04#,H,8,shortz,1
#2017-08-04#,H,8,lifelong,1
#2017-08-04#,H,8,master,1
#2017-08-04#,H,8,plan,1
#2017-08-04#,H,8,scaramucci,1
#2017-08-04#,H,8,announces,1
#2017-08-04#,H,8,governor,1
#2017-08-04#,T,1,#firehannity,1
#2017-08-04#,T,1,jim,2
#2017-08-04#,T,1,cnn,2
#2017-08-04#,T,1,time,1
#2017-08-04#,T,1,#cnn,1
#2017-08-04#,T,1,foxnews,1
#2017-08-04#,T,1,#thursdaythoughts,1
#2017-08-04#,T,1,instead,1
#2017-08-04#,T,1,rt,3
#2017-08-04#,T,1,angryrepublica,1
#2017-08-04#,T,1,sean,1
#2017-08-04#,T,1,#fakenews,1
#2017-08-04#,T,1,https://t.co/p3smbz0fwb,1
#2017-08-04#,T,1,pveritas_action,1
#2017-08-04#,T,1,actual,1
#2017-08-04#,T,2,acosta,1
#2017-08-04#,T,2,miller,2
#2017-08-04#,T,2,immigration,2
#2017-08-04#,T,2,stephen,3
#2017-08-04#,T,2,cosmopolitan,1
#2017-08-04#,T,2,view,1
#2017-08-04#,T,2,jrcheneyjohn,1
#2017-08-04#,T,2,schools,1
#2017-08-04#,T,2,#buildthewall,1
#2017-08-04#,T,2,#raise,1
#2017-08-04#,T,2,listening,1
#2017-08-04#,T,2,red,1
#2017-08-04#,T,2,jim,2
#2017-08-04#,T,2,roses,1
#2017-08-04#,T,2,violets,1
#2017-08-04#,T,3,media,1
#2017-08-04#,T,3,basic,1
#2017-08-04#,T,3,#trumprussia,1
#2017-08-04#,T,3,oh,1
#2017-08-04#,T,3,told,1
#2017-08-04#,T,3,story,1
#2017-08-04#,T,3,stop,1
#2017-08-04#,T,3,history,1
#2017-08-04#,T,3,#mueller,1
#2017-08-04#,T,3,russian,1
#2017-08-04#,T,3,dear,1
#2017-08-04#,T,3,law,1
#2017-08-04#,T,3,means,1
#2017-08-04#,T,3,rt,3
#2017-08-04#,T,3,realdonaldtrump,3
#2017-08-04#,T,4,political,2
#2017-08-04#,T,4,journalism,1
#2017-08-04#,T,4,donald,1
#2017-08-04#,T,4,trump,5
#2017-08-04#,T,4,week,1
#2017-08-04#,T,4,straight,1
#2017-08-04#,T,4,worst,1
#2017-08-04#,T,4,onto,1
#2017-08-04#,T,4,page,1
#2017-08-04#,T,4,weeks,1
#2017-08-04#,T,4,log,1
#2017-08-04#,T,4,hrenee,1
#2017-08-04#,T,4,msn,1
#2017-08-04#,T,4,facebook,1
#2017-08-04#,T,4,la,1
#2017-08-04#,T,5,american,1
#2017-08-04#,T,5,liberty,1
#2017-08-04#,T,5,statue,1
#2017-08-04#,T,5,acosta's,1
#2017-08-04#,T,5,correct,1
#2017-08-04#,T,5,didn't,1
#2017-08-04#,T,5,realdonaldtrump,3
#2017-08-04#,T,5,reporting,1
#2017-08-04#,T,5,narrative,1
#2017-08-04#,T,5,fec,1
#2017-08-04#,T,5,stephen,3
#2017-08-04#,T,5,rt,3
#2017-08-04#,T,5,blame,1
#2017-08-04#,T,5,miller,2
#2017-08-04#,T,5,sources,1
#2017-08-04#,T,6,cnn,2
#2017-08-04#,T,6,world,1
#2017-08-04#,T,6,nytimes,1
#2017-08-04#,T,6,msnbc,1
#2017-08-04#,T,6,sebgorka,1
#2017-08-04#,T,6,washingtonpost,1
#2017-08-04#,T,6,huffpost,1
#2017-08-04#,T,6,politico,1
#2017-08-04#,T,6,rest,1
#2017-08-04#,T,6,start,2
#2017-08-04#,T,6,clock,1
#2017-08-04#,T,6,realdonaldtrump,3
#2017-08-04#,T,6,potus,1
#2017-08-04#,T,6,michaelbeatty,1
#2017-08-04#,T,6,https://t.co/cs2ac5zxv,1
#2017-08-04#,T,7,watch,1
#2017-08-04#,T,7,#maga,1
#2017-08-04#,T,7,#trump,1
#2017-08-04#,T,7,trump,5
#2017-08-04#,T,7,real,1
#2017-08-04#,T,7,news,1
#2017-08-04#,T,7,reporter,1
#2017-08-04#,T,7,today's,1
#2017-08-04#,T,7,cnn's,1
#2017-08-04#,T,7,miller's,1
#2017-08-04#,T,7,epic,1
#2017-08-04#,T,7,white,2
#2017-08-04#,T,7,lucianwintrich,1
#2017-08-04#,T,7,shutdown,1
#2017-08-04#,T,7,briefing,3
#2017-08-04#,T,8,press,1
#2017-08-04#,T,8,fakenews,1
#2017-08-04#,T,8,using,1
#2017-08-04#,T,8,drmartyfox,1
#2017-08-04#,T,8,expose,1
#2017-08-04#,T,8,exchange,1
#2017-08-04#,T,8,ignorance,1
#2017-08-04#,T,8,via,1
#2017-08-04#,T,8,hard,1
#2017-08-04#,T,8,wh,1
#2017-08-04#,T,8,briefing,3
#2017-08-04#,T,8,exactly,1
#2017-08-04#,T,8,stephen,3
#2017-08-04#,T,8,di,1
#2017-08-04#,T,8,rodstryker,1
#2017-08-05#,H,1,grand,1
#2017-08-05#,H,1,media,2
#2017-08-05#,H,1,jury,1
#2017-08-05#,H,1,makes,1
#2017-08-05#,H,1,wall,1
#2017-08-05#,H,1,leak,1
#2017-08-05#,H,1,rent,1
#2017-08-05#,H,1,sessions,2
#2017-08-05#,H,1,hours,1
#2017-08-05#,H,1,campus,1
#2017-08-05#,H,1,disrupted,1
#2017-08-05#,H,1,vicente,1
#2017-08-05#,H,1,fox,2
#2017-08-05#,H,1,app,1
#2017-08-05#,H,1,comeback,1
#2017-08-05#,H,2,month,1
#2017-08-05#,H,2,review,1
#2017-08-05#,H,2,city,1
#2017-08-05#,H,2,leaks,1
#2017-08-05#,H,2,suicide,1
#2017-08-05#,H,2,jail,1
#2017-08-05#,H,2,mountain,1
#2017-08-05#,H,2,trail,1
#2017-08-05#,H,2,goats,1
#2017-08-05#,H,2,search,1
#2017-08-05#,H,2,dark,1
#2017-08-05#,H,2,texting,1
#2017-08-05#,H,2,lot,1
#2017-08-05#,H,2,carter,1
#2017-08-05#,H,2,michelle,1
#2017-08-05#,H,3,trump,2
#2017-08-05#,H,3,briefing,1
#2017-08-05#,H,3,australia,1
#2017-08-05#,H,3,morning,1
#2017-08-05#,H,3,edition,1
#2017-08-05#,H,3,book,1
#2017-08-05#,H,3,system,1
#2017-08-05#,H,3,immigration,1
#2017-08-05#,H,3,tv,1
#2017-08-05#,H,3,trilobites,1
#2017-08-05#,H,3,wave,1
#2017-08-05#,H,3,heat,1
#2017-08-05#,H,3,looks,1
#2017-08-05#,H,3,overhauling,1
#2017-08-05#,H,3,scientists,1
#2017-08-05#,H,4,poster,1
#2017-08-05#,H,4,sentences,1
#2017-08-05#,H,4,seven,1
#2017-08-05#,H,4,cut,1
#2017-08-05#,H,4,musical,1
#2017-08-05#,H,4,tower,1
#2017-08-05#,H,4,report,2
#2017-08-05#,H,4,dept,1
#2017-08-05#,H,4,justice,1
#2017-08-05#,H,4,jobs,1
#2017-08-05#,H,4,fake,2
#2017-08-05#,H,4,russia,2
#2017-08-05#,H,4,help,1
#2017-08-05#,H,4,beer,1
#2017-08-05#,H,4,dubai,1
#2017-08-05#,H,5,puzzle,1
#2017-08-05#,H,5,questions,1
#2017-08-05#,H,5,crisis,1
#2017-08-05#,H,5,hard,1
#2017-08-05#,H,5,california,1
#2017-08-05#,H,5,play,1
#2017-08-05#,H,5,opioid,1
#2017-08-05#,H,5,answers,1
#2017-08-05#,H,5,short,1
#2017-08-05#,H,5,food,1
#2017-08-05#,H,5,korea,1
#2017-08-05#,H,5,north,1
#2017-08-05#,H,5,probe,1
#2017-08-05#,H,5,master,1
#2017-08-05#,H,5,age,2
#2017-08-05#,H,6,lightning,1
#2017-08-05#,H,6,photography,1
#2017-08-05#,H,6,adventures,1
#2017-08-05#,H,6,flash,1
#2017-08-05#,H,6,dance,1
#2017-08-05#,H,6,opinion,1
#2017-08-05#,H,6,editorial,1
#2017-08-05#,H,6,notebook,1
#2017-08-05#,H,6,brooks,1
#2017-08-05#,H,6,u.s,1
#2017-08-05#,H,6,democrats,1
#2017-08-05#,H,6,age,2
#2017-08-05#,H,6,change,1
#2017-08-05#,H,6,middle,1
#2017-08-05#,H,6,taylor,1
#2017-08-05#,H,7,agree,1
#2017-08-05#,H,7,york,1
#2017-08-05#,H,7,banana,1
#2017-08-05#,H,7,message,2
#2017-08-05#,H,7,police,1
#2017-08-05#,H,7,congress,1
#2017-08-05#,H,7,secret,1
#2017-08-05#,H,7,republicans,1
#2017-08-05#,H,7,hunt,1
#2017-08-05#,H,7,payday,1
#2017-08-05#,H,7,drug,1
#2017-08-05#,H,7,barrier,1
#2017-08-05#,H,7,financial,1
#2017-08-05#,H,7,companies,1
#2017-08-05#,H,7,developing,1
#2017-08-05#,H,8,deadliest,1
#2017-08-05#,H,8,town,1
#2017-08-05#,H,8,photos,1
#2017-08-05#,H,8,china,1
#2017-08-05#,H,8,plot,1
#2017-08-05#,H,8,week,1
#2017-08-05#,H,8,isis,1
#2017-08-05#,H,8,nasa,1
#2017-08-05#,H,8,border,1
#2017-08-05#,H,8,prince,1
#2017-08-05#,H,8,program,1
#2017-08-05#,H,8,firm,1
#2017-08-05#,H,8,inquiry,1
#2017-08-05#,H,8,visa,1
#2017-08-05#,H,8,kushner,1
#2017-08-05#,T,1,story,1
#2017-08-05#,T,1,fake,2
#2017-08-05#,T,1,dloesch,1
#2017-08-05#,T,1,journalism,1
#2017-08-05#,T,1,jamesokeefeiii,1
#2017-08-05#,T,1,nytimes,1
#2017-08-05#,T,1,#nra,1
#2017-08-05#,T,1,project_veritas,1
#2017-08-05#,T,1,nratv,1
#2017-08-05#,T,1,realdonaldtrump,2
#2017-08-05#,T,1,non-#fakenews,1
#2017-08-05#,T,1,message,2
#2017-08-05#,T,1,drivers,1
#2017-08-05#,T,1,fear,1
#2017-08-05#,T,1,key,1
#2017-08-05#,T,2,trump,2
#2017-08-05#,T,2,potus,2
#2017-08-05#,T,2,boy,1
#2017-08-05#,T,2,newsweek,2
#2017-08-05#,T,2,russia,2
#2017-08-05#,T,2,lazy,1
#2017-08-05#,T,2,list,1
#2017-08-05#,T,2,americanvoterus,1
#2017-08-05#,T,2,reporters,1
#2017-08-05#,T,2,president,1
#2017-08-05#,T,2,foxnews,1
#2017-08-05#,T,2,accomplishments,1
#2017-08-05#,T,2,carrieksada,1
#2017-08-05#,T,2,dummies,1
#2017-08-05#,T,2,live,1
#2017-08-05#,T,3,call,1
#2017-08-05#,T,3,stop,1
#2017-08-05#,T,3,we're,1
#2017-08-05#,T,3,matter,1
#2017-08-05#,T,3,bocavista,1
#2017-08-05#,T,3,elected,1
#2017-08-05#,T,3,lvnancy,1
#2017-08-05#,T,3,#trumparmy,1
#2017-08-05#,T,3,spins,1
#2017-08-05#,T,3,subpoena,1
#2017-08-05#,T,3,#leaks,1
#2017-08-05#,T,3,reporting,1
#2017-08-05#,T,3,sessions,2
#2017-08-05#,T,3,#nyt,1
#2017-08-05#,T,3,jeff,1
#2017-08-05#,T,4,american,1
#2017-08-05#,T,4,won't,1
#2017-08-05#,T,4,cnn,1
#2017-08-05#,T,4,#obamaday,1
#2017-08-05#,T,4,supporters,1
#2017-08-05#,T,4,months,1
#2017-08-05#,T,4,#trumprally,1
#2017-08-05#,T,4,dying,1
#2017-08-05#,T,4,michelle's,1
#2017-08-05#,T,4,joan,1
#2017-08-05#,T,4,bama's,1
#2017-08-05#,T,4,bamas,1
#2017-08-05#,T,4,rivers,1
#2017-08-05#,T,4,outed,1
#2017-08-05#,T,4,fought,1
#2017-08-05#,T,5,tweet,1
#2017-08-05#,T,5,abt,1
#2017-08-05#,T,5,person,1
#2017-08-05#,T,5,job,1
#2017-08-05#,T,5,#cnnfakenews,1
#2017-08-05#,T,5,jojoh,1
#2017-08-05#,T,5,hahahahahaha,1
#2017-08-05#,T,5,remixed,1
#2017-08-05#,T,5,https://t.co/7u5me6pflg,1
#2017-08-05#,T,5,vacation,1
#2017-08-05#,T,5,cover-up,1
#2017-08-05#,T,5,golf,1
#2017-08-05#,T,5,plans,1
#2017-08-05#,T,5,eat,1
#2017-08-05#,T,5,organize,1
#2017-08-05#,T,6,knp2bp,1
#2017-08-05#,T,6,watch,1
#2017-08-05#,T,6,hillary,1
#2017-08-05#,T,6,fakenews,1
#2017-08-05#,T,6,#maga,1
#2017-08-05#,T,6,aren't,1
#2017-08-05#,T,6,win,1
#2017-08-05#,T,6,weren't,1
#2017-08-05#,T,6,fooled,1
#2017-08-05#,T,6,batch,1
#2017-08-05#,T,6,pollsters,1
#2017-08-05#,T,6,landslide,1
#2017-08-05#,T,6,predicting,1
#2017-08-05#,T,6,newsweek,2
#2017-08-05#,T,6,potus,2
#2017-08-05#,T,7,realdonaldtrump,2
#2017-08-05#,T,7,press,1
#2017-08-05#,T,7,fair,1
#2017-08-05#,T,7,free,1
#2017-08-05#,T,7,/,1
#2017-08-05#,T,7,rt,1
#2017-08-05#,T,7,#fakenews,1
#2017-08-05#,T,7,america,1
#2017-08-05#,T,7,liberal,1
#2017-08-05#,T,7,#deepstate,1
#2017-08-05#,T,7,acosta,1
#2017-08-05#,T,7,christichat,1
#2017-08-05#,T,7,exposed,1
#2017-08-05#,T,7,blue,1
#2017-08-05#,T,7,real,1
#2017-08-05#,T,8,#firehannity,1
#2017-08-05#,T,8,media,2
#2017-08-05#,T,8,liars,1
#2017-08-05#,T,8,news,1
#2017-08-05#,T,8,fox,2
#2017-08-05#,T,8,#potus,1
#2017-08-05#,T,8,own,1
#2017-08-05#,T,8,bias,1
#2017-08-05#,T,8,listen,1
#2017-08-05#,T,8,russian,1
#2017-08-05#,T,8,ppl,1
#2017-08-05#,T,8,read,1
#2017-08-05#,T,8,the_trump_train,1
#2017-08-05#,T,8,report,2
#2017-08-05#,T,8,panel,1
#2017-08-06#,H,1,poster,1
#2017-08-06#,H,1,musical,1
#2017-08-06#,H,1,eclipse,1
#2017-08-06#,H,1,editorial,1
#2017-08-06#,H,1,book,1
#2017-08-06#,H,1,australia,2
#2017-08-06#,H,1,trump,4
#2017-08-06#,H,1,korean,1
#2017-08-06#,H,1,immigration,1
#2017-08-06#,H,1,seven,1
#2017-08-06#,H,1,cut,1
#2017-08-06#,H,1,control,1
#2017-08-06#,H,1,marines,1
#2017-08-06#,H,1,missing,1
#2017-08-06#,H,1,solar,1
#2017-08-06#,H,2,leaks,2
#2017-08-06#,H,2,city,1
#2017-08-06#,H,2,australia,2
#2017-08-06#,H,2,notebook,1
#2017-08-06#,H,2,tv,1
#2017-08-06#,H,2,plane,1
#2017-08-06#,H,2,isis,1
#2017-08-06#,H,2,seek,1
#2017-08-06#,H,2,news,2
#2017-08-06#,H,2,cool,1
#2017-08-06#,H,2,hot,1
#2017-08-06#,H,2,summer,1
#2017-08-06#,H,2,kitchen,1
#2017-08-06#,H,2,solution,1
#2017-08-06#,H,2,nights,1
#2017-08-06#,H,3,mcmaster,1
#2017-08-06#,H,3,puzzle,1
#2017-08-06#,H,3,trump,4
#2017-08-06#,H,3,opinion,1
#2017-08-06#,H,3,disrupted,1
#2017-08-06#,H,3,campus,1
#2017-08-06#,H,3,ice,1
#2017-08-06#,H,3,thin,1
#2017-08-06#,H,3,master,1
#2017-08-06#,H,3,play,1
#2017-08-06#,H,3,diversity,1
#2017-08-06#,H,3,hard,1
#2017-08-06#,H,3,wave,1
#2017-08-06#,H,3,air-conditioning,1
#2017-08-06#,H,3,heat,1
#2017-08-06#,H,4,sentences,1
#2017-08-06#,H,4,living,1
#2017-08-06#,H,4,editing,1
#2017-08-06#,H,4,gene,1
#2017-08-06#,H,4,russian,1
#2017-08-06#,H,4,beaches,1
#2017-08-06#,H,4,vacation,1
#2017-08-06#,H,4,spies,1
#2017-08-06#,H,4,door,1
#2017-08-06#,H,4,actually,1
#2017-08-06#,H,4,takes,1
#2017-08-06#,H,4,presence,1
#2017-08-06#,H,4,ground,1
#2017-08-06#,H,4,afghanistan,1
#2017-08-06#,H,4,iran,1
#2017-08-06#,H,5,york,1
#2017-08-06#,H,5,hit,1
#2017-08-06#,H,5,reinvented,1
#2017-08-06#,H,5,shepard,1
#2017-08-06#,H,5,sam,1
#2017-08-06#,H,5,downtown,1
#2017-08-06#,H,5,escort,1
#2017-08-06#,H,5,bullied,1
#2017-08-06#,H,5,bikers,1
#2017-08-06#,H,5,school,1
#2017-08-06#,H,5,kid,1
#2017-08-06#,H,5,u.a.w,1
#2017-08-06#,H,5,nissan,1
#2017-08-06#,H,5,vote,1
#2017-08-06#,H,5,join,1
#2017-08-06#,H,6,morning,1
#2017-08-06#,H,6,briefing,1
#2017-08-06#,H,6,deal,1
#2017-08-06#,H,6,system,1
#2017-08-06#,H,6,edition,1
#2017-08-06#,H,6,adventures,1
#2017-08-06#,H,6,flawed,1
#2017-08-06#,H,6,asylum,1
#2017-08-06#,H,6,mexico,1
#2017-08-06#,H,6,collins,1
#2017-08-06#,H,6,wall,1
#2017-08-06#,H,6,changed,1
#2017-08-06#,H,6,era,1
#2017-08-06#,H,6,flash,1
#2017-08-06#,H,6,security,1
#2017-08-06#,H,7,white,1
#2017-08-06#,H,7,woman,1
#2017-08-06#,H,7,week,1
#2017-08-06#,H,7,flynn,1
#2017-08-06#,H,7,north,1
#2017-08-06#,H,7,house,1
#2017-08-06#,H,7,korea,1
#2017-08-06#,H,7,economic,1
#2017-08-06#,H,7,seeks,1
#2017-08-06#,H,7,drug,1
#2017-08-06#,H,7,mueller,1
#2017-08-06#,H,7,gop,1
#2017-08-06#,H,7,compete,1
#2017-08-06#,H,7,qualifies,1
#2017-08-06#,H,7,call,1
#2017-08-06#,H,8,lightning,1
#2017-08-06#,H,8,age,1
#2017-08-06#,H,8,game,1
#2017-08-06#,H,8,nasa,1
#2017-08-06#,H,8,real,1
#2017-08-06#,H,8,home,1
#2017-08-06#,H,8,force,1
#2017-08-06#,H,8,percent,1
#2017-08-06#,H,8,build,1
#2017-08-06#,H,8,stake,1
#2017-08-06#,H,8,mazda,1
#2017-08-06#,H,8,joint,1
#2017-08-06#,H,8,plant,1
#2017-08-06#,H,8,toyota,1
#2017-08-06#,H,8,drivers,1
#2017-08-06#,T,1,boy,1
#2017-08-06#,T,1,reporters,1
#2017-08-06#,T,1,lazy,1
#2017-08-06#,T,1,stop,1
#2017-08-06#,T,1,list,1
#2017-08-06#,T,1,accomplishments,1
#2017-08-06#,T,1,dummies,1
#2017-08-06#,T,1,carrieksada,1
#2017-08-06#,T,1,potus,2
#2017-08-06#,T,1,president,2
#2017-08-06#,T,1,trump,4
#2017-08-06#,T,1,shame,1
#2017-08-06#,T,1,embarrassing,1
#2017-08-06#,T,1,#trump,1
#2017-08-06#,T,1,nyt,1
#2017-08-06#,T,2,democrat,1
#2017-08-06#,T,2,media,2
#2017-08-06#,T,2,de,1
#2017-08-06#,T,2,acosta,1
#2017-08-06#,T,2,doj,1
#2017-08-06#,T,2,w/,1
#2017-08-06#,T,2,here's,1
#2017-08-06#,T,2,party,1
#2017-08-06#,T,2,meeting,1
#2017-08-06#,T,2,colluding,1
#2017-08-06#,T,2,tarmac,1
#2017-08-06#,T,2,clinton/lynch,1
#2017-08-06#,T,2,bury,1
#2017-08-06#,T,2,operates,1
#2017-08-06#,T,2,politicalshort,1
#2017-08-06#,T,3,american,1
#2017-08-06#,T,3,lies,1
#2017-08-06#,T,3,#draintheswamp,1
#2017-08-06#,T,3,#obamaday,1
#2017-08-06#,T,3,dying,1
#2017-08-06#,T,3,bamas,1
#2017-08-06#,T,3,joan,1
#2017-08-06#,T,3,michelle's,1
#2017-08-06#,T,3,fought,1
#2017-08-06#,T,3,outed,1
#2017-08-06#,T,3,rivers,1
#2017-08-06#,T,3,bama's,1
#2017-08-06#,T,3,kwilli,1
#2017-08-06#,T,3,swamp,1
#2017-08-06#,T,3,corruption,1
#2017-08-06#,T,4,#maga,1
#2017-08-06#,T,4,media,2
#2017-08-06#,T,4,report,1
#2017-08-06#,T,4,months,1
#2017-08-06#,T,4,america,1
#2017-08-06#,T,4,jobs,1
#2017-08-06#,T,4,million,1
#2017-08-06#,T,4,won't,1
#2017-08-06#,T,4,winning,1
#2017-08-06#,T,4,created,1
#2017-08-06#,T,4,georgiadirtroad,1
#2017-08-06#,T,4,vs,1
#2017-08-06#,T,4,#winning,1
#2017-08-06#,T,4,trumps,1
#2017-08-06#,T,4,jrcheneyjohn,1
#2017-08-06#,T,5,coming,1
#2017-08-06#,T,5,nytimes,1
#2017-08-06#,T,5,story,1
#2017-08-06#,T,5,dloesch,1
#2017-08-06#,T,5,foxnews,1
#2017-08-06#,T,5,#nra,1
#2017-08-06#,T,5,nratv,1
#2017-08-06#,T,5,message,1
#2017-08-06#,T,5,non-#fakenews,1
#2017-08-06#,T,5,ericbolling,1
#2017-08-06#,T,5,#firehannity,1
#2017-08-06#,T,5,huffpost,1
#2017-08-06#,T,5,americanvoterus,2
#2017-08-06#,T,5,targeted,1
#2017-08-06#,T,5,le,1
#2017-08-06#,T,6,cnn,1
#2017-08-06#,T,6,fake,2
#2017-08-06#,T,6,realdonaldtrump,2
#2017-08-06#,T,6,washingtonpost,1
#2017-08-06#,T,6,they're,1
#2017-08-06#,T,6,fakenews,1
#2017-08-06#,T,6,watch,1
#2017-08-06#,T,6,news,2
#2017-08-06#,T,6,cost,1
#2017-08-06#,T,6,wait,1
#2017-08-06#,T,6,rt,1
#2017-08-06#,T,6,alyssa_milano,1
#2017-08-06#,T,6,retweeting,1
#2017-08-06#,T,6,president,2
#2017-08-06#,T,6,worry,1
#2017-08-06#,T,7,leaks,2
#2017-08-06#,T,7,trump,4
#2017-08-06#,T,7,wokers,1
#2017-08-06#,T,7,supports,1
#2017-08-06#,T,7,paul,1
#2017-08-06#,T,7,ryan,1
#2017-08-06#,T,7,pnehlen,1
#2017-08-06#,T,7,d'oh,1
#2017-08-06#,T,7,tweet,1
#2017-08-06#,T,7,realdonaldtrump,2
#2017-08-06#,T,7,abt,1
#2017-08-06#,T,7,allegations,1
#2017-08-06#,T,7,ravennightmyst,1
#2017-08-06#,T,7,kurtz,1
#2017-08-06#,T,7,#prosecuted,1
#2017-08-06#,T,8,potus,2
#2017-08-06#,T,8,press,1
#2017-08-06#,T,8,obama,1
#2017-08-06#,T,8,fake,2
#2017-08-06#,T,8,americanvoterus,2
#2017-08-06#,T,8,polls,1
#2017-08-06#,T,8,msm,1
#2017-08-06#,T,8,#flashbackfriday,1
#2017-08-06#,T,8,garbage,1
#2017-08-06#,T,8,polling,1
#2017-08-06#,T,8,human,1
#2017-08-06#,T,8,events,1
#2017-08-06#,T,8,associated,1
#2017-08-06#,T,8,firm,1
#2017-08-06#,T,8,favors,1
#2017-08-07#,H,1,search,1
#2017-08-07#,H,1,report,1
#2017-08-07#,H,1,eclipse,1
#2017-08-07#,H,1,push,1
#2017-08-07#,H,1,news,3
#2017-08-07#,H,1,wins,1
#2017-08-07#,H,1,trump,5
#2017-08-07#,H,1,text,1
#2017-08-07#,H,1,messages,1
#2017-08-07#,H,1,lewd,1
#2017-08-07#,H,1,fox,1
#2017-08-07#,H,1,suspends,1
#2017-08-07#,H,1,wealthy,1
#2017-08-07#,H,1,blasio,1
#2017-08-07#,H,1,tax,1
#2017-08-07#,H,2,north,1
#2017-08-07#,H,2,poster,1
#2017-08-07#,H,2,white,1
#2017-08-07#,H,2,sanctions,1
#2017-08-07#,H,2,korea,2
#2017-08-07#,H,2,trump,5
#2017-08-07#,H,2,punishing,1
#2017-08-07#,H,2,grand,1
#2017-08-07#,H,2,u.n,1
#2017-08-07#,H,2,korea's,1
#2017-08-07#,H,2,kim,1
#2017-08-07#,H,2,lines,1
#2017-08-07#,H,2,makes,1
#2017-08-07#,H,2,mark,1
#2017-08-07#,H,2,threat,1
#2017-08-07#,H,3,briefing,1
#2017-08-07#,H,3,woman,1
#2017-08-07#,H,3,lightning,1
#2017-08-07#,H,3,europe,1
#2017-08-07#,H,3,internet,1
#2017-08-07#,H,3,adventures,1
#2017-08-07#,H,3,dance,1
#2017-08-07#,H,3,photography,1
#2017-08-07#,H,3,flash,1
#2017-08-07#,H,3,outrage,1
#2017-08-07#,H,3,professors,1
#2017-08-07#,H,3,targets,1
#2017-08-07#,H,3,vacation,2
#2017-08-07#,H,3,race,1
#2017-08-07#,H,3,photos,1
#2017-08-07#,H,4,australia,1
#2017-08-07#,H,4,sentences,1
#2017-08-07#,H,4,notebook,1
#2017-08-07#,H,4,pence,2
#2017-08-07#,H,4,police,1
#2017-08-07#,H,4,address,1
#2017-08-07#,H,4,fire,1
#2017-08-07#,H,4,family,1
#2017-08-07#,H,4,deadly,1
#2017-08-07#,H,4,skin,1
#2017-08-07#,H,4,edition,1
#2017-08-07#,H,4,tillerson,1
#2017-08-07#,H,4,run,1
#2017-08-07#,H,4,blasts,1
#2017-08-07#,H,4,critic's,1
#2017-08-07#,H,5,play,1
#2017-08-07#,H,5,deal,1
#2017-08-07#,H,5,trump,5
#2017-08-07#,H,5,u.s,1
#2017-08-07#,H,5,immigration,1
#2017-08-07#,H,5,age,1
#2017-08-07#,H,5,elusive,1
#2017-08-07#,H,5,douthat,1
#2017-08-07#,H,5,compromise,1
#2017-08-07#,H,5,media,3
#2017-08-07#,H,5,book,1
#2017-08-07#,H,5,tech,1
#2017-08-07#,H,5,meeting,1
#2017-08-07#,H,5,missing,1
#2017-08-07#,H,5,care,1
#2017-08-07#,H,6,city,1
#2017-08-07#,H,6,heat,1
#2017-08-07#,H,6,wave,1
#2017-08-07#,H,6,beaches,1
#2017-08-07#,H,6,hot,1
#2017-08-07#,H,6,diversity,1
#2017-08-07#,H,6,poetry,1
#2017-08-07#,H,6,northwest,1
#2017-08-07#,H,6,pacific,1
#2017-08-07#,H,6,america,2
#2017-08-07#,H,6,conquered,1
#2017-08-07#,H,6,air-conditioning,1
#2017-08-07#,H,6,kitchen,1
#2017-08-07#,H,6,solution,1
#2017-08-07#,H,6,nights,1
#2017-08-07#,H,7,tv,1
#2017-08-07#,H,7,leaks,1
#2017-08-07#,H,7,black,1
#2017-08-07#,H,7,world's,1
#2017-08-07#,H,7,master,1
#2017-08-07#,H,7,korea,2
#2017-08-07#,H,7,puzzle,1
#2017-08-07#,H,7,school,1
#2017-08-07#,H,7,netflix,1
#2017-08-07#,H,7,ohio,1
#2017-08-07#,H,7,accident,1
#2017-08-07#,H,7,review,1
#2017-08-07#,H,7,gene,1
#2017-08-07#,H,7,editing,1
#2017-08-07#,H,7,difference,1
#2017-08-07#,H,8,hit,1
#2017-08-07#,H,8,upper,1
#2017-08-07#,H,8,sam,1
#2017-08-07#,H,8,york,1
#2017-08-07#,H,8,downtown,1
#2017-08-07#,H,8,reinvented,1
#2017-08-07#,H,8,shepard,1
#2017-08-07#,H,8,fires,1
#2017-08-07#,H,8,forest,1
#2017-08-07#,H,8,woodpecker,1
#2017-08-07#,H,8,star,1
#2017-08-07#,H,8,semester,1
#2017-08-07#,H,8,hate,1
#2017-08-07#,H,8,real,2
#2017-08-07#,H,8,home,1
#2017-08-07#,T,1,clinton,1
#2017-08-07#,T,1,security,1
#2017-08-07#,T,1,national,1
#2017-08-07#,T,1,responsible,1
#2017-08-07#,T,1,lvnancy,1
#2017-08-07#,T,1,attorney,1
#2017-08-07#,T,1,#dnc,1
#2017-08-07#,T,1,hire,1
#2017-08-07#,T,1,buries,1
#2017-08-07#,T,1,risk,1
#2017-08-07#,T,1,represent,1
#2017-08-07#,T,1,priced,1
#2017-08-07#,T,1,ericbolling,1
#2017-08-07#,T,1,huffpost,1
#2017-08-07#,T,1,accused,1
#2017-08-07#,T,2,que,1
#2017-08-07#,T,2,de,1
#2017-08-07#,T,2,american,1
#2017-08-07#,T,2,las,1
#2017-08-07#,T,2,los,1
#2017-08-07#,T,2,months,1
#2017-08-07#,T,2,larissacostas,1
#2017-08-07#,T,2,medios,1
#2017-08-07#,T,2,colectivos,1
#2017-08-07#,T,2,del,1
#2017-08-07#,T,2,cuando,1
#2017-08-07#,T,2,tell,1
#2017-08-07#,T,2,fuerte,1
#2017-08-07#,T,2,armas,1
#2017-08-07#,T,2,paramacay,1
#2017-08-07#,T,3,real,2
#2017-08-07#,T,3,regime,1
#2017-08-07#,T,3,cnn,2
#2017-08-07#,T,3,potus,1
#2017-08-07#,T,3,silent,1
#2017-08-07#,T,3,venezuela,1
#2017-08-07#,T,3,lying,1
#2017-08-07#,T,3,democrats,1
#2017-08-07#,T,3,bolling,1
#2017-08-07#,T,3,maduro,1
#2017-08-07#,T,3,wellingmichael,1
#2017-08-07#,T,3,eric,1
#2017-08-07#,T,3,trump,5
#2017-08-07#,T,3,tried,1
#2017-08-07#,T,3,girl,1
#2017-08-07#,T,4,foxnews,1
#2017-08-07#,T,4,#maga,2
#2017-08-07#,T,4,#breaking,1
#2017-08-07#,T,4,accuser,1
#2017-08-07#,T,4,lvourpotus,1
#2017-08-07#,T,4,fail,1
#2017-08-07#,T,4,revealed,1
#2017-08-07#,T,4,#ericboling's,1
#2017-08-07#,T,4,reinstate,1
#2017-08-07#,T,4,stop,1
#2017-08-07#,T,4,country,1
#2017-08-07#,T,4,el,1
#2017-08-07#,T,4,covers,1
#2017-08-07#,T,4,depending,1
#2017-08-07#,T,4,standardkenya,1
#2017-08-07#,T,5,cnn,2
#2017-08-07#,T,5,nytimes,1
#2017-08-07#,T,5,pence,2
#2017-08-07#,T,5,truth,1
#2017-08-07#,T,5,debunked,1
#2017-08-07#,T,5,america,2
#2017-08-07#,T,5,acosta,1
#2017-08-07#,T,5,anti,1
#2017-08-07#,T,5,completely,1
#2017-08-07#,T,5,posting,1
#2017-08-07#,T,5,ten_gop,1
#2017-08-07#,T,5,#maga,2
#2017-08-07#,T,5,mitchellvii,1
#2017-08-07#,T,5,hi,1
#2017-08-07#,T,5,ny,1
#2017-08-07#,T,6,believe,1
#2017-08-07#,T,6,news,3
#2017-08-07#,T,6,media,3
#2017-08-07#,T,6,russia,1
#2017-08-07#,T,6,fake,2
#2017-08-07#,T,6,president,1
#2017-08-07#,T,6,worry,1
#2017-08-07#,T,6,supporters,1
#2017-08-07#,T,6,anymore,1
#2017-08-07#,T,6,washington,1
#2017-08-07#,T,6,realdonaldtrump,2
#2017-08-07#,T,6,cost,1
#2017-08-07#,T,6,michaelbeatty,1
#2017-08-07#,T,6,americanvoterus,1
#2017-08-07#,T,6,total,1
#2017-08-07#,T,7,fake,2
#2017-08-07#,T,7,vacation,2
#2017-08-07#,T,7,trump,5
#2017-08-07#,T,7,msnbc,1
#2017-08-07#,T,7,#draintheswamp,1
#2017-08-07#,T,7,media,3
#2017-08-07#,T,7,time,1
#2017-08-07#,T,7,story,2
#2017-08-07#,T,7,trusted,1
#2017-08-07#,T,7,news,3
#2017-08-07#,T,7,dloesch,1
#2017-08-07#,T,7,#cnn,1
#2017-08-07#,T,7,leave,1
#2017-08-07#,T,7,propaganda,1
#2017-08-07#,T,7,mainstream,1
#2017-08-07#,T,8,realdonaldtrump,2
#2017-08-07#,T,8,coming,1
#2017-08-07#,T,8,mycalynn,1
#2017-08-07#,T,8,#lies,1
#2017-08-07#,T,8,sound,1
#2017-08-07#,T,8,#istandwithericbolling,1
#2017-08-07#,T,8,story,2
#2017-08-07#,T,8,dtrumpexposed,1
#2017-08-07#,T,8,everyhumanknows,1
#2017-08-07#,T,8,pikminister,1
#2017-08-07#,T,8,wait,1
#2017-08-07#,T,8,alyssa_milano,1
#2017-08-07#,T,8,retweeting,1
#2017-08-07#,T,8,mean,1
#2017-08-07#,T,8,leaked,1
#2017-08-08#,H,1,women,1
#2017-08-08#,H,1,deal,1
#2017-08-08#,H,1,california,1
#2017-08-08#,H,1,solo,1
#2017-08-08#,H,1,u.n,1
#2017-08-08#,H,1,middle,1
#2017-08-08#,H,1,editorial,1
#2017-08-08#,H,1,school,1
#2017-08-08#,H,1,leaks,1
#2017-08-08#,H,1,airline,1
#2017-08-08#,H,1,skip,1
#2017-08-08#,H,1,seat,1
#2017-08-08#,H,1,flying,1
#2017-08-08#,H,1,escort,1
#2017-08-08#,H,1,bikers,1
#2017-08-08#,H,2,sanctions,1
#2017-08-08#,H,2,korea,1
#2017-08-08#,H,2,north,1
#2017-08-08#,H,2,immigration,1
#2017-08-08#,H,2,care,1
#2017-08-08#,H,2,puzzle,1
#2017-08-08#,H,2,health,1
#2017-08-08#,H,2,u.s,1
#2017-08-08#,H,2,isis,1
#2017-08-08#,H,2,plane,1
#2017-08-08#,H,2,briefing,2
#2017-08-08#,H,2,lie,1
#2017-08-08#,H,2,politicians,1
#2017-08-08#,H,2,australia,2
#2017-08-08#,H,2,tillerson,1
#2017-08-08#,H,3,trump,4
#2017-08-08#,H,3,chicago,1
#2017-08-08#,H,3,dark,1
#2017-08-08#,H,3,australia,2
#2017-08-08#,H,3,story,2
#2017-08-08#,H,3,week,2
#2017-08-08#,H,3,model,1
#2017-08-08#,H,3,vietnam,1
#2017-08-08#,H,3,news,2
#2017-08-08#,H,3,watch,2
#2017-08-08#,H,3,unlikely,1
#2017-08-08#,H,3,de,2
#2017-08-08#,H,3,subway,1
#2017-08-08#,H,3,wealthy,1
#2017-08-08#,H,3,push,1
#2017-08-08#,H,4,morning,1
#2017-08-08#,H,4,edition,1
#2017-08-08#,H,4,briefing,2
#2017-08-08#,H,4,war,2
#2017-08-08#,H,4,summer,1
#2017-08-08#,H,4,ride,1
#2017-08-08#,H,4,gains,1
#2017-08-08#,H,4,europe,1
#2017-08-08#,H,4,art,1
#2017-08-08#,H,4,island,1
#2017-08-08#,H,4,poster,1
#2017-08-08#,H,4,brooklyn,1
#2017-08-08#,H,4,francine,1
#2017-08-08#,H,4,firsts,1
#2017-08-08#,H,4,finding,1
#2017-08-08#,H,5,darren,1
#2017-08-08#,H,5,daulton,1
#2017-08-08#,H,5,town,1
#2017-08-08#,H,5,dance,1
#2017-08-08#,H,5,lightning,1
#2017-08-08#,H,5,adventures,1
#2017-08-08#,H,5,photography,1
#2017-08-08#,H,5,flash,1
#2017-08-08#,H,5,opinion,1
#2017-08-08#,H,5,stalled,1
#2017-08-08#,H,5,lurch,1
#2017-08-08#,H,5,trade,1
#2017-08-08#,H,5,industries,1
#2017-08-08#,H,5,plans,1
#2017-08-08#,H,5,vegas,1
#2017-08-08#,H,6,season,1
#2017-08-08#,H,6,calls,1
#2017-08-08#,H,6,south,1
#2017-08-08#,H,6,pence,2
#2017-08-08#,H,6,defendants,1
#2017-08-08#,H,6,vote,1
#2017-08-08#,H,6,test,1
#2017-08-08#,H,6,sentences,1
#2017-08-08#,H,6,president,2
#2017-08-08#,H,6,quits,1
#2017-08-08#,H,6,nissan,1
#2017-08-08#,H,6,u.a.w,1
#2017-08-08#,H,6,racially,1
#2017-08-08#,H,6,charged,1
#2017-08-08#,H,6,report,2
#2017-08-08#,H,7,real,2
#2017-08-08#,H,7,affirmative,1
#2017-08-08#,H,7,action,1
#2017-08-08#,H,7,star,1
#2017-08-08#,H,7,hit,1
#2017-08-08#,H,7,home,1
#2017-08-08#,H,7,campus,1
#2017-08-08#,H,7,disrupted,1
#2017-08-08#,H,7,rent,1
#2017-08-08#,H,7,tech,1
#2017-08-08#,H,7,political,1
#2017-08-08#,H,7,mislead,1
#2017-08-08#,H,7,calculus,1
#2017-08-08#,H,7,example,1
#2017-08-08#,H,7,polls,1
#2017-08-08#,H,8,play,1
#2017-08-08#,H,8,refugee,1
#2017-08-08#,H,8,rally,1
#2017-08-08#,H,8,game,1
#2017-08-08#,H,8,largest,1
#2017-08-08#,H,8,eclipse,1
#2017-08-08#,H,8,vacation,2
#2017-08-08#,H,8,internet,1
#2017-08-08#,H,8,evidence,1
#2017-08-08#,H,8,world's,1
#2017-08-08#,H,8,media,3
#2017-08-08#,H,8,tougher,1
#2017-08-08#,H,8,mouse,1
#2017-08-08#,H,8,censors,1
#2017-08-08#,H,8,cat,1
#2017-08-08#,T,1,de,2
#2017-08-08#,T,1,la,1
#2017-08-08#,T,1,que,1
#2017-08-08#,T,1,nytimes,2
#2017-08-08#,T,1,en,1
#2017-08-08#,T,1,un,1
#2017-08-08#,T,1,via,1
#2017-08-08#,T,1,del,1
#2017-08-08#,T,1,po,1
#2017-08-08#,T,1,buraka,1
#2017-08-08#,T,1,tylko,1
#2017-08-08#,T,1,sok,1
#2017-08-08#,T,1,lodowej,1
#2017-08-08#,T,1,makowski_m,1
#2017-08-08#,T,1,dziennym,1
#2017-08-08#,T,2,#trump,1
#2017-08-08#,T,2,th,1
#2017-08-08#,T,2,#maga,2
#2017-08-08#,T,2,fakenews,1
#2017-08-08#,T,2,coming,1
#2017-08-08#,T,2,story,2
#2017-08-08#,T,2,#lies,1
#2017-08-08#,T,2,#mondaymotivation,1
#2017-08-08#,T,2,mycalynn,1
#2017-08-08#,T,2,straight,1
#2017-08-08#,T,2,sound,1
#2017-08-08#,T,2,#istandwithericbolling,1
#2017-08-08#,T,2,donnawr,1
#2017-08-08#,T,2,post,1
#2017-08-08#,T,2,rt,5
#2017-08-08#,T,3,#realnews,1
#2017-08-08#,T,3,network,1
#2017-08-08#,T,3,trump,4
#2017-08-08#,T,3,live,1
#2017-08-08#,T,3,#msm,1
#2017-08-08#,T,3,trumps,1
#2017-08-08#,T,3,launch,1
#2017-08-08#,T,3,challenges,1
#2017-08-08#,T,3,#alexjonesshow,1
#2017-08-08#,T,3,realalexjones,1
#2017-08-08#,T,3,https://t.co/ukmqgfdy5f,1
#2017-08-08#,T,3,real,2
#2017-08-08#,T,3,w/,1
#2017-08-08#,T,3,ratings,1
#2017-08-08#,T,3,wonder,1
#2017-08-08#,T,4,realdonaldtrump,2
#2017-08-08#,T,4,potus,1
#2017-08-08#,T,4,#maga,2
#2017-08-08#,T,4,media,3
#2017-08-08#,T,4,lying,1
#2017-08-08#,T,4,georgiadirtroad,1
#2017-08-08#,T,4,report,2
#2017-08-08#,T,4,won't,1
#2017-08-08#,T,4,believes,1
#2017-08-08#,T,4,lies,1
#2017-08-08#,T,4,fool,1
#2017-08-08#,T,4,#istandwithtrump,1
#2017-08-08#,T,4,alozrast,1
#2017-08-08#,T,4,enjoy,1
#2017-08-08#,T,4,accomplishments,1
#2017-08-08#,T,5,president,2
#2017-08-08#,T,5,doing,1
#2017-08-08#,T,5,pence,2
#2017-08-08#,T,5,trump,4
#2017-08-08#,T,5,covering,1
#2017-08-08#,T,5,trumptv,1
#2017-08-08#,T,5,simple,1
#2017-08-08#,T,5,call,1
#2017-08-08#,T,5,vp,1
#2017-08-08#,T,5,demand,1
#2017-08-08#,T,5,ryanafournier,1
#2017-08-08#,T,5,#resistfakenews,1
#2017-08-08#,T,5,rt,5
#2017-08-08#,T,5,completely,1
#2017-08-08#,T,5,nytimes,2
#2017-08-08#,T,6,news,2
#2017-08-08#,T,6,house,1
#2017-08-08#,T,6,propaganda,1
#2017-08-08#,T,6,white,1
#2017-08-08#,T,6,tv,1
#2017-08-08#,T,6,#trumptv,1
#2017-08-08#,T,6,trump,4
#2017-08-08#,T,6,#trumprussia,1
#2017-08-08#,T,6,country,1
#2017-08-08#,T,6,war,2
#2017-08-08#,T,6,vacation,2
#2017-08-08#,T,6,rt,5
#2017-08-08#,T,6,spread,1
#2017-08-08#,T,6,launched,1
#2017-08-08#,T,6,week,2
#2017-08-08#,T,7,cnn,1
#2017-08-08#,T,7,media,3
#2017-08-08#,T,7,foxnews,1
#2017-08-08#,T,7,rt,5
#2017-08-08#,T,7,watch,2
#2017-08-08#,T,7,tell,1
#2017-08-08#,T,7,gop,1
#2017-08-08#,T,7,realdonaldtrump,2
#2017-08-08#,T,7,russia,1
#2017-08-08#,T,7,the_trump_train,1
#2017-08-08#,T,7,liberal,1
#2017-08-08#,T,7,fail,1
#2017-08-08#,T,7,#fakenews,1
#2017-08-08#,T,7,yes,1
#2017-08-08#,T,7,guess,1
#2017-08-08#,T,8,didn't,1
#2017-08-08#,T,8,funder,1
#2017-08-08#,T,8,tdameritrade,1
#2017-08-08#,T,8,contact,1
#2017-08-08#,T,8,washtimes,1
#2017-08-08#,T,8,fake,1
#2017-08-08#,T,8,saying,1
#2017-08-08#,T,8,fox,1
#2017-08-08#,T,8,lied,1
#2017-08-08#,T,8,agree,1
#2017-08-08#,T,8,told,1
#2017-08-08#,T,8,fire,1
#2017-08-08#,T,8,hannity,1
#2017-08-08#,T,8,#firehannity-that,1
#2017-08-08#,T,8,rt,5
#2017-08-09#,H,1,refugee,1
#2017-08-09#,H,1,rent,1
#2017-08-09#,H,1,desperate,1
#2017-08-09#,H,1,obstinacy,1
#2017-08-09#,H,1,tax,1
#2017-08-09#,H,1,editorial,1
#2017-08-09#,H,1,netflix,1
#2017-08-09#,H,1,sale,1
#2017-08-09#,H,1,pay,1
#2017-08-09#,H,1,david,1
#2017-08-09#,H,1,reform,1
#2017-08-09#,H,1,own,1
#2017-08-09#,H,1,traveling,1
#2017-08-09#,H,1,bills,1
#2017-08-09#,H,1,apps,1
#2017-08-09#,H,2,tack,1
#2017-08-09#,H,2,millions,1
#2017-08-09#,H,2,star,1
#2017-08-09#,H,2,finally,1
#2017-08-09#,H,2,real,1
#2017-08-09#,H,2,base,1
#2017-08-09#,H,2,vote,3
#2017-08-09#,H,2,notebook,1
#2017-08-09#,H,2,killed,1
#2017-08-09#,H,2,reporter's,1
#2017-08-09#,H,2,truth,1
#2017-08-09#,H,2,tries,1
#2017-08-09#,H,2,delays,1
#2017-08-09#,H,2,m.t.a,1
#2017-08-09#,H,2,bitcoin,1
#2017-08-09#,H,3,briefing,1
#2017-08-09#,H,3,morning,1
#2017-08-09#,H,3,report,2
#2017-08-09#,H,3,women,2
#2017-08-09#,H,3,solo,1
#2017-08-09#,H,3,edition,1
#2017-08-09#,H,3,affirmative,1
#2017-08-09#,H,3,action,1
#2017-08-09#,H,3,trump,4
#2017-08-09#,H,3,climate,2
#2017-08-09#,H,3,europe,1
#2017-08-09#,H,3,takes,1
#2017-08-09#,H,3,crisis,1
#2017-08-09#,H,3,bring,1
#2017-08-09#,H,3,taliban,1
#2017-08-09#,H,4,moves,1
#2017-08-09#,H,4,world's,1
#2017-08-09#,H,4,shot,1
#2017-08-09#,H,4,left,1
#2017-08-09#,H,4,justice,1
#2017-08-09#,H,4,google,2
#2017-08-09#,H,4,memo,1
#2017-08-09#,H,4,react,1
#2017-08-09#,H,4,gender,1
#2017-08-09#,H,4,protect,1
#2017-08-09#,H,4,inside,1
#2017-08-09#,H,4,opinion,1
#2017-08-09#,H,4,sports,1
#2017-08-09#,H,4,brand,1
#2017-08-09#,H,4,chinese,1
#2017-08-09#,H,5,trump,4
#2017-08-09#,H,5,immigration,1
#2017-08-09#,H,5,dance,1
#2017-08-09#,H,5,photography,1
#2017-08-09#,H,5,flash,1
#2017-08-09#,H,5,adventures,1
#2017-08-09#,H,5,lightning,1
#2017-08-09#,H,5,getting,1
#2017-08-09#,H,5,amid,1
#2017-08-09#,H,5,mueller,1
#2017-08-09#,H,5,bathroom,1
#2017-08-09#,H,5,transgender,1
#2017-08-09#,H,5,bill,1
#2017-08-09#,H,5,texas,1
#2017-08-09#,H,5,opposition,1
#2017-08-09#,H,6,south,1
#2017-08-09#,H,6,california,1
#2017-08-09#,H,6,stop,1
#2017-08-09#,H,6,philippines,1
#2017-08-09#,H,6,road,1
#2017-08-09#,H,6,phish,1
#2017-08-09#,H,6,master,1
#2017-08-09#,H,6,test,1
#2017-08-09#,H,6,vote,3
#2017-08-09#,H,6,tech,1
#2017-08-09#,H,6,fertility,1
#2017-08-09#,H,6,warned,1
#2017-08-09#,H,6,doctor,1
#2017-08-09#,H,6,marketing,1
#2017-08-09#,H,6,baby,1
#2017-08-09#,H,7,street,1
#2017-08-09#,H,7,u.s,1
#2017-08-09#,H,7,york,2
#2017-08-09#,H,7,readers,1
#2017-08-09#,H,7,reach,1
#2017-08-09#,H,7,children,1
#2017-08-09#,H,7,deal,1
#2017-08-09#,H,7,explore,1
#2017-08-09#,H,7,home,1
#2017-08-09#,H,7,fire,2
#2017-08-09#,H,7,mazda,1
#2017-08-09#,H,7,percent,1
#2017-08-09#,H,7,toyota,1
#2017-08-09#,H,7,plant,1
#2017-08-09#,H,7,stake,1
#2017-08-09#,H,8,north,1
#2017-08-09#,H,8,korea,1
#2017-08-09#,H,8,puzzle,1
#2017-08-09#,H,8,nuclear,1
#2017-08-09#,H,8,threat,1
#2017-08-09#,H,8,sanctions,1
#2017-08-09#,H,8,play,1
#2017-08-09#,H,8,professor,1
#2017-08-09#,H,8,universe,1
#2017-08-09#,H,8,chicago,1
#2017-08-09#,H,8,warns,1
#2017-08-09#,H,8,vows,1
#2017-08-09#,H,8,game,1
#2017-08-09#,H,8,voyager,1
#2017-08-09#,H,8,loyal,1
#2017-08-09#,T,1,#cnn,1
#2017-08-09#,T,1,#msm,1
#2017-08-09#,T,1,seanhannity,1
#2017-08-09#,T,1,doing,1
#2017-08-09#,T,1,claims,1
#2017-08-09#,T,1,propaganda,1
#2017-08-09#,T,1,returns,1
#2017-08-09#,T,1,false,1
#2017-08-09#,T,1,#trump,2
#2017-08-09#,T,1,tuckercarlson,1
#2017-08-09#,T,1,fake,2
#2017-08-09#,T,1,leave,1
#2017-08-09#,T,1,evil,1
#2017-08-09#,T,1,spawn,1
#2017-08-09#,T,1,murdoch's,1
#2017-08-09#,T,2,cnn,2
#2017-08-09#,T,2,fake,2
#2017-08-09#,T,2,saying,1
#2017-08-09#,T,2,voters,1
#2017-08-09#,T,2,msm,1
#2017-08-09#,T,2,nytimes,1
#2017-08-09#,T,2,vote,3
#2017-08-09#,T,2,liberal,1
#2017-08-09#,T,2,ignore,1
#2017-08-09#,T,2,via,1
#2017-08-09#,T,2,president,1
#2017-08-09#,T,2,trump,4
#2017-08-09#,T,2,allowed,1
#2017-08-09#,T,2,#fakenews,2
#2017-08-09#,T,2,rt,3
#2017-08-09#,T,3,realdonaldtrump,1
#2017-08-09#,T,3,potus,1
#2017-08-09#,T,3,newsweek,1
#2017-08-09#,T,3,stacylstiles,1
#2017-08-09#,T,3,lies,1
#2017-08-09#,T,3,months,1
#2017-08-09#,T,3,boy,1
#2017-08-09#,T,3,entire,1
#2017-08-09#,T,3,harder,1
#2017-08-09#,T,3,st,1
#2017-08-09#,T,3,lazy,1
#2017-08-09#,T,3,ratings,1
#2017-08-09#,T,3,#bho,1
#2017-08-09#,T,3,/,1
#2017-08-09#,T,3,russian,1
#2017-08-09#,T,4,lying,1
#2017-08-09#,T,4,fakenews,1
#2017-08-09#,T,4,sean,1
#2017-08-09#,T,4,york,2
#2017-08-09#,T,4,conspiracy,1
#2017-08-09#,T,4,o'keefe,1
#2017-08-09#,T,4,deejay,1
#2017-08-09#,T,4,https://t.co/ymg4xla5ep,1
#2017-08-09#,T,4,get'em,1
#2017-08-09#,T,4,teased,1
#2017-08-09#,T,4,rats,1
#2017-08-09#,T,4,alozrast,1
#2017-08-09#,T,4,hillary,1
#2017-08-09#,T,4,spread,1
#2017-08-09#,T,4,debunked,1
#2017-08-09#,T,5,#firehannity,1
#2017-08-09#,T,5,evidence,1
#2017-08-09#,T,5,email,1
#2017-08-09#,T,5,nyt,1
#2017-08-09#,T,5,soliciting,1
#2017-08-09#,T,5,proves,1
#2017-08-09#,T,5,teams,1
#2017-08-09#,T,5,#leakers,1
#2017-08-09#,T,5,trump,4
#2017-08-09#,T,5,#impeachtrump,1
#2017-08-09#,T,5,maddow,1
#2017-08-09#,T,5,impeach_d_trump,1
#2017-08-09#,T,5,alanilagan,1
#2017-08-09#,T,5,rosie,1
#2017-08-09#,T,5,#lockdonjrup,1
#2017-08-09#,T,6,funder,1
#2017-08-09#,T,6,fox,1
#2017-08-09#,T,6,local,2
#2017-08-09#,T,6,hannity,1
#2017-08-09#,T,6,didn't,1
#2017-08-09#,T,6,told,1
#2017-08-09#,T,6,agree,1
#2017-08-09#,T,6,fire,2
#2017-08-09#,T,6,washtimes,1
#2017-08-09#,T,6,#firehannity-that,1
#2017-08-09#,T,6,contact,1
#2017-08-09#,T,6,tdameritrade,1
#2017-08-09#,T,6,media,1
#2017-08-09#,T,6,rt,3
#2017-08-09#,T,6,pro-trump,1
#2017-08-09#,T,7,news,1
#2017-08-09#,T,7,poll,1
#2017-08-09#,T,7,hear,1
#2017-08-09#,T,7,women,2
#2017-08-09#,T,7,local,2
#2017-08-09#,T,7,rt,3
#2017-08-09#,T,7,oh,1
#2017-08-09#,T,7,#fakenews,2
#2017-08-09#,T,7,cnn,2
#2017-08-09#,T,7,stories,1
#2017-08-09#,T,7,mean,1
#2017-08-09#,T,7,bad,1
#2017-08-09#,T,7,google,2
#2017-08-09#,T,7,scrowder,1
#2017-08-09#,T,7,msnbc,1
#2017-08-09#,T,8,report,2
#2017-08-09#,T,8,th,1
#2017-08-09#,T,8,call,1
#2017-08-09#,T,8,climate,2
#2017-08-09#,T,8,#maga,1
#2017-08-09#,T,8,house,1
#2017-08-09#,T,8,scientists,1
#2017-08-09#,T,8,claim,1
#2017-08-09#,T,8,foxnewspolitics,1
#2017-08-09#,T,8,incorrect,1
#2017-08-09#,T,8,ny,1
#2017-08-09#,T,8,https://t.co/ufyoylo0x,1
#2017-08-09#,T,8,davidkwilliams,1
#2017-08-09#,T,8,times,1
#2017-08-09#,T,8,#trump,2
#2017-08-10#,H,1,u.s,1
#2017-08-10#,H,1,homes,1
#2017-08-10#,H,1,land,1
#2017-08-10#,H,1,rent,1
#2017-08-10#,H,1,bill,2
#2017-08-10#,H,1,search,1
#2017-08-10#,H,1,murray,1
#2017-08-10#,H,1,opposite,1
#2017-08-10#,H,1,job,2
#2017-08-10#,H,1,sea,1
#2017-08-10#,H,1,america,1
#2017-08-10#,H,1,north,4
#2017-08-10#,H,1,perfume,1
#2017-08-10#,H,1,french,1
#2017-08-10#,H,1,devotee,1
#2017-08-10#,H,2,briefing,2
#2017-08-10#,H,2,fire,1
#2017-08-10#,H,2,valley,1
#2017-08-10#,H,2,silicon,1
#2017-08-10#,H,2,morning,1
#2017-08-10#,H,2,wars,1
#2017-08-10#,H,2,culture,1
#2017-08-10#,H,2,fury,1
#2017-08-10#,H,2,golf,1
#2017-08-10#,H,2,edition,1
#2017-08-10#,H,2,attack,1
#2017-08-10#,H,2,seesaw,1
#2017-08-10#,H,2,taliban,1
#2017-08-10#,H,2,conflict,1
#2017-08-10#,H,2,fallen,1
#2017-08-10#,H,3,times,2
#2017-08-10#,H,3,drug,1
#2017-08-10#,H,3,glen,1
#2017-08-10#,H,3,campbell,1
#2017-08-10#,H,3,live,1
#2017-08-10#,H,3,night,1
#2017-08-10#,H,3,mayoral,1
#2017-08-10#,H,3,colbert,1
#2017-08-10#,H,3,mike,1
#2017-08-10#,H,3,star,1
#2017-08-10#,H,3,election,1
#2017-08-10#,H,3,briefing,2
#2017-08-10#,H,3,lost,1
#2017-08-10#,H,3,pain,1
#2017-08-10#,H,3,mayor,1
#2017-08-10#,H,4,home,1
#2017-08-10#,H,4,russia,2
#2017-08-10#,H,4,google,1
#2017-08-10#,H,4,trump,5
#2017-08-10#,H,4,killed,1
#2017-08-10#,H,4,inside,1
#2017-08-10#,H,4,play,1
#2017-08-10#,H,4,paul,1
#2017-08-10#,H,4,game,1
#2017-08-10#,H,4,resistance,1
#2017-08-10#,H,4,voice,1
#2017-08-10#,H,4,deal,1
#2017-08-10#,H,4,senate,1
#2017-08-10#,H,4,music,1
#2017-08-10#,H,4,guide,1
#2017-08-10#,H,5,north,4
#2017-08-10#,H,5,korea,3
#2017-08-10#,H,5,report,2
#2017-08-10#,H,5,time,2
#2017-08-10#,H,5,talk,1
#2017-08-10#,H,5,bruni,1
#2017-08-10#,H,5,inspired,1
#2017-08-10#,H,5,kim,1
#2017-08-10#,H,5,sorry,1
#2017-08-10#,H,5,woman,1
#2017-08-10#,H,5,card,1
#2017-08-10#,H,5,map,1
#2017-08-10#,H,5,slavitt,1
#2017-08-10#,H,5,andy,1
#2017-08-10#,H,5,unite,1
#2017-08-10#,H,6,trump,5
#2017-08-10#,H,6,war,2
#2017-08-10#,H,6,korea,3
#2017-08-10#,H,6,refugee,1
#2017-08-10#,H,6,house,2
#2017-08-10#,H,6,paris,1
#2017-08-10#,H,6,car,1
#2017-08-10#,H,6,soldiers,1
#2017-08-10#,H,6,slams,1
#2017-08-10#,H,6,kenya,1
#2017-08-10#,H,6,mcconnell,1
#2017-08-10#,H,6,real,1
#2017-08-10#,H,6,north,4
#2017-08-10#,H,6,chief,1
#2017-08-10#,H,6,white,2
#2017-08-10#,H,7,trump's,1
#2017-08-10#,H,7,nuclear,1
#2017-08-10#,H,7,editorial,1
#2017-08-10#,H,7,subways,1
#2017-08-10#,H,7,arsenal,1
#2017-08-10#,H,7,douthat,1
#2017-08-10#,H,7,instagram,1
#2017-08-10#,H,7,claims,1
#2017-08-10#,H,7,millions,1
#2017-08-10#,H,7,crumbling,1
#2017-08-10#,H,7,calls,1
#2017-08-10#,H,7,fix,1
#2017-08-10#,H,7,tapper,1
#2017-08-10#,H,7,york,2
#2017-08-10#,H,7,climate,1
#2017-08-10#,H,8,threat,1
#2017-08-10#,H,8,restaurant,1
#2017-08-10#,H,8,asia,1
#2017-08-10#,H,8,democrats,1
#2017-08-10#,H,8,puzzle,1
#2017-08-10#,H,8,guam,1
#2017-08-10#,H,8,vote,1
#2017-08-10#,H,8,review,1
#2017-08-10#,H,8,mueller,1
#2017-08-10#,H,8,braving,1
#2017-08-10#,H,8,amid,1
#2017-08-10#,H,8,cancer,1
#2017-08-10#,H,8,chaos,1
#2017-08-10#,H,8,syria,1
#2017-08-10#,H,8,feature,1
#2017-08-10#,T,1,fakenews,1
#2017-08-10#,T,1,trump,5
#2017-08-10#,T,1,didn't,1
#2017-08-10#,T,1,north,4
#2017-08-10#,T,1,realdonaldtrump,3
#2017-08-10#,T,1,media,3
#2017-08-10#,T,1,le,1
#2017-08-10#,T,1,rt,5
#2017-08-10#,T,1,co,1
#2017-08-10#,T,1,trust,3
#2017-08-10#,T,1,story,1
#2017-08-10#,T,1,kill,1
#2017-08-10#,T,1,americans,1
#2017-08-10#,T,1,#fakenews,1
#2017-08-10#,T,1,agenda,1
#2017-08-10#,T,2,cnn,2
#2017-08-10#,T,2,economy,1
#2017-08-10#,T,2,kelliwardaz,2
#2017-08-10#,T,2,trust,3
#2017-08-10#,T,2,realdonaldtrump,3
#2017-08-10#,T,2,tell,2
#2017-08-10#,T,2,mean,1
#2017-08-10#,T,2,american,3
#2017-08-10#,T,2,job,2
#2017-08-10#,T,2,msm,1
#2017-08-10#,T,2,political,1
#2017-08-10#,T,2,told,1
#2017-08-10#,T,2,pushing,1
#2017-08-10#,T,2,broken,1
#2017-08-10#,T,2,warming,1
#2017-08-10#,T,3,#trumprussia,1
#2017-08-10#,T,3,#northkorea,1
#2017-08-10#,T,3,#resist,1
#2017-08-10#,T,3,#impeachtrump,1
#2017-08-10#,T,3,#theresistance,1
#2017-08-10#,T,3,benfrancis,1
#2017-08-10#,T,3,#25thamendmentnow,1
#2017-08-10#,T,3,#trumpageddon,1
#2017-08-10#,T,3,#nuclearwar,1
#2017-08-10#,T,3,realdonaldtrump,3
#2017-08-10#,T,3,trust,3
#2017-08-10#,T,3,rt,5
#2017-08-10#,T,3,american,3
#2017-08-10#,T,3,#hannity,1
#2017-08-10#,T,3,#maga,2
#2017-08-10#,T,4,potus,1
#2017-08-10#,T,4,cnn,2
#2017-08-10#,T,4,news,1
#2017-08-10#,T,4,=,1
#2017-08-10#,T,4,gingrich_of_pa,1
#2017-08-10#,T,4,russia,2
#2017-08-10#,T,4,hear,1
#2017-08-10#,T,4,rt,5
#2017-08-10#,T,4,time,2
#2017-08-10#,T,4,trump,5
#2017-08-10#,T,4,poll,1
#2017-08-10#,T,4,#msm,1
#2017-08-10#,T,4,ratings,1
#2017-08-10#,T,4,media,3
#2017-08-10#,T,4,trying,1
#2017-08-10#,T,5,#trump,1
#2017-08-10#,T,5,report,2
#2017-08-10#,T,5,exposed,1
#2017-08-10#,T,5,donnawr,1
#2017-08-10#,T,5,won't,1
#2017-08-10#,T,5,#trumpsarmy,1
#2017-08-10#,T,5,answers,1
#2017-08-10#,T,5,questions,1
#2017-08-10#,T,5,stop,1
#2017-08-10#,T,5,trump,5
#2017-08-10#,T,5,et,1
#2017-08-10#,T,5,fake,1
#2017-08-10#,T,5,president,1
#2017-08-10#,T,5,send,1
#2017-08-10#,T,5,rt,5
#2017-08-10#,T,6,trolls,1
#2017-08-10#,T,6,la,1
#2017-08-10#,T,6,korea,3
#2017-08-10#,T,6,blame,1
#2017-08-10#,T,6,donald,1
#2017-08-10#,T,6,bill,2
#2017-08-10#,T,6,media,3
#2017-08-10#,T,6,situation,1
#2017-08-10#,T,6,americanvoterus,1
#2017-08-10#,T,6,read,1
#2017-08-10#,T,6,current,1
#2017-08-10#,T,6,realalexjones,1
#2017-08-10#,T,6,armed,1
#2017-08-10#,T,6,liberal,1
#2017-08-10#,T,6,di,1
#2017-08-10#,T,7,truth,1
#2017-08-10#,T,7,war,2
#2017-08-10#,T,7,#maga,2
#2017-08-10#,T,7,white,2
#2017-08-10#,T,7,house,2
#2017-08-10#,T,7,own,1
#2017-08-10#,T,7,fox,1
#2017-08-10#,T,7,winning,1
#2017-08-10#,T,7,im_theantitrump,1
#2017-08-10#,T,7,tell,2
#2017-08-10#,T,7,#donthecon,1
#2017-08-10#,T,7,power,1
#2017-08-10#,T,7,knowledge,1
#2017-08-10#,T,7,american,3
#2017-08-10#,T,7,kelliwardaz,2
#2017-08-10#,T,8,times,2
#2017-08-10#,T,8,york,2
#2017-08-10#,T,8,#wednesdaywisdom,1
#2017-08-10#,T,8,coming,1
#2017-08-10#,T,8,#nra,1
#2017-08-10#,T,8,eissolomon,1
#2017-08-10#,T,8,#thelyingpress,1
#2017-08-10#,T,8,#danaloesch,1
#2017-08-10#,T,8,nyt,1
#2017-08-10#,T,8,foxnews,1
#2017-08-10#,T,8,die,1
#2017-08-10#,T,8,support,1
#2017-08-10#,T,8,rt,5
#2017-08-10#,T,8,spread,1
#2017-08-10#,T,8,mccain,1
#2017-08-11#,H,1,north,2
#2017-08-11#,H,1,korea,3
#2017-08-11#,H,1,homes,1
#2017-08-11#,H,1,president,2
#2017-08-11#,H,1,home,1
#2017-08-11#,H,1,react,1
#2017-08-11#,H,1,crisis,1
#2017-08-11#,H,1,leader,1
#2017-08-11#,H,1,island,1
#2017-08-11#,H,1,u.a.w,1
#2017-08-11#,H,1,workers,1
#2017-08-11#,H,1,reject,1
#2017-08-11#,H,1,accuses,1
#2017-08-11#,H,1,nissan,1
#2017-08-11#,H,1,bid,1
#2017-08-11#,H,2,threat,1
#2017-08-11#,H,2,guam,1
#2017-08-11#,H,2,korea,3
#2017-08-11#,H,2,bring,1
#2017-08-11#,H,2,free,1
#2017-08-11#,H,2,eyes,1
#2017-08-11#,H,2,india,1
#2017-08-11#,H,2,users,1
#2017-08-11#,H,2,swift,1
#2017-08-11#,H,2,hell,1
#2017-08-11#,H,2,north,2
#2017-08-11#,H,2,saudi,1
#2017-08-11#,H,2,taylor,1
#2017-08-11#,H,2,instagram,2
#2017-08-11#,H,2,alaskan,1
#2017-08-11#,H,3,fire,1
#2017-08-11#,H,3,asia,1
#2017-08-11#,H,3,plans,1
#2017-08-11#,H,3,health,1
#2017-08-11#,H,3,near,1
#2017-08-11#,H,3,west,1
#2017-08-11#,H,3,choking,1
#2017-08-11#,H,3,seattle,1
#2017-08-11#,H,3,smoke,1
#2017-08-11#,H,3,late,2
#2017-08-11#,H,3,missiles,1
#2017-08-11#,H,3,five,1
#2017-08-11#,H,3,attack,1
#2017-08-11#,H,3,d.c,1
#2017-08-11#,H,3,medical,1
#2017-08-11#,H,4,trump,5
#2017-08-11#,H,4,world's,1
#2017-08-11#,H,4,letter,1
#2017-08-11#,H,4,recommendation,1
#2017-08-11#,H,4,transgender,1
#2017-08-11#,H,4,game,1
#2017-08-11#,H,4,russia,1
#2017-08-11#,H,4,review,1
#2017-08-11#,H,4,ban,1
#2017-08-11#,H,4,military,1
#2017-08-11#,H,4,listen,1
#2017-08-11#,H,4,puzzle,1
#2017-08-11#,H,4,play,1
#2017-08-11#,H,4,mom,1
#2017-08-11#,H,4,gauguin,1
#2017-08-11#,H,5,house,1
#2017-08-11#,H,5,california,1
#2017-08-11#,H,5,city,1
#2017-08-11#,H,5,probably,1
#2017-08-11#,H,5,google,1
#2017-08-11#,H,5,democrats,2
#2017-08-11#,H,5,questions,2
#2017-08-11#,H,5,york,2
#2017-08-11#,H,5,hunting,1
#2017-08-11#,H,5,majorca,1
#2017-08-11#,H,5,instagram,2
#2017-08-11#,H,5,remarks,1
#2017-08-11#,H,5,memo,1
#2017-08-11#,H,5,rihanna's,1
#2017-08-11#,H,5,catch,1
#2017-08-11#,H,6,fight,1
#2017-08-11#,H,6,front,1
#2017-08-11#,H,6,trump,5
#2017-08-11#,H,6,london,1
#2017-08-11#,H,6,bus,1
#2017-08-11#,H,6,mcconnell,1
#2017-08-11#,H,6,pregnancy,1
#2017-08-11#,H,6,programs,1
#2017-08-11#,H,6,risk,1
#2017-08-11#,H,6,teenage,1
#2017-08-11#,H,6,silicon,1
#2017-08-11#,H,6,valley,1
#2017-08-11#,H,6,alt-right,1
#2017-08-11#,H,6,europe,1
#2017-08-11#,H,6,books,1
#2017-08-11#,H,7,war,3
#2017-08-11#,H,7,trump's,1
#2017-08-11#,H,7,morning,1
#2017-08-11#,H,7,briefing,1
#2017-08-11#,H,7,golf,1
#2017-08-11#,H,7,tax,1
#2017-08-11#,H,7,shadow,1
#2017-08-11#,H,7,confederate,1
#2017-08-11#,H,7,edges,1
#2017-08-11#,H,7,ole,1
#2017-08-11#,H,7,edition,1
#2017-08-11#,H,7,miss,1
#2017-08-11#,H,7,times,2
#2017-08-11#,H,7,night,1
#2017-08-11#,H,7,cannibal,1
#2017-08-11#,H,8,food,1
#2017-08-11#,H,8,u.s,1
#2017-08-11#,H,8,editorial,1
#2017-08-11#,H,8,deal,1
#2017-08-11#,H,8,trump,5
#2017-08-11#,H,8,fears,1
#2017-08-11#,H,8,despite,1
#2017-08-11#,H,8,tensions,1
#2017-08-11#,H,8,judge,1
#2017-08-11#,H,8,democratic,1
#2017-08-11#,H,8,wall,1
#2017-08-11#,H,8,lowly,1
#2017-08-11#,H,8,roll,1
#2017-08-11#,H,8,drama,1
#2017-08-11#,H,8,buttered,1
#2017-08-11#,T,1,americanvoterus,1
#2017-08-11#,T,1,paul,1
#2017-08-11#,T,1,subscribers,1
#2017-08-11#,T,1,loses,1
#2017-08-11#,T,1,panic,1
#2017-08-11#,T,1,peace,1
#2017-08-11#,T,1,copy,1
#2017-08-11#,T,1,jake,1
#2017-08-11#,T,1,#dabonthehaters,1
#2017-08-11#,T,1,neckdeepuk,1
#2017-08-11#,T,1,pre-order,1
#2017-08-11#,T,1,foxnews,1
#2017-08-11#,T,1,support,1
#2017-08-11#,T,1,air,1
#2017-08-11#,T,1,mccain,1
#2017-08-11#,T,2,coming,1
#2017-08-11#,T,2,times,2
#2017-08-11#,T,2,#nra,1
#2017-08-11#,T,2,york,2
#2017-08-11#,T,2,#wednesdaywisdom,1
#2017-08-11#,T,2,eissolomon,1
#2017-08-11#,T,2,#danaloesch,1
#2017-08-11#,T,2,#thelyingpress,1
#2017-08-11#,T,2,polling,1
#2017-08-11#,T,2,trump,5
#2017-08-11#,T,2,potus,1
#2017-08-11#,T,2,cnn,2
#2017-08-11#,T,2,majority,1
#2017-08-11#,T,2,survey,1
#2017-08-11#,T,2,christiec,1
#2017-08-11#,T,3,news,1
#2017-08-11#,T,3,#maga,1
#2017-08-11#,T,3,fox,1
#2017-08-11#,T,3,eric,1
#2017-08-11#,T,3,cnn,2
#2017-08-11#,T,3,yashar,1
#2017-08-11#,T,3,fake,1
#2017-08-11#,T,3,journalist,1
#2017-08-11#,T,3,believe,1
#2017-08-11#,T,3,time,1
#2017-08-11#,T,3,war,3
#2017-08-11#,T,3,sues,1
#2017-08-11#,T,3,photo,1
#2017-08-11#,T,3,host,1
#2017-08-11#,T,3,allegation,1
#2017-08-11#,T,4,trust,2
#2017-08-11#,T,4,realdonaldtrump,2
#2017-08-11#,T,4,truth,2
#2017-08-11#,T,4,kelliwardaz,4
#2017-08-11#,T,4,american,3
#2017-08-11#,T,4,tell,4
#2017-08-11#,T,4,kwilli,1
#2017-08-11#,T,4,base,1
#2017-08-11#,T,4,reported,1
#2017-08-11#,T,4,learn,1
#2017-08-11#,T,4,post,1
#2017-08-11#,T,4,wash,1
#2017-08-11#,T,4,return,1
#2017-08-11#,T,4,drifting,1
#2017-08-11#,T,4,rt,4
#2017-08-11#,T,5,democrats,2
#2017-08-11#,T,5,#trump,1
#2017-08-11#,T,5,world,1
#2017-08-11#,T,5,report,1
#2017-08-11#,T,5,weathers,1
#2017-08-11#,T,5,jrcheneyjohn,1
#2017-08-11#,T,5,rhinos,1
#2017-08-11#,T,5,storms,1
#2017-08-11#,T,5,exposed,1
#2017-08-11#,T,5,won't,1
#2017-08-11#,T,5,donnawr,1
#2017-08-11#,T,5,questions,2
#2017-08-11#,T,5,#trumpsarmy,1
#2017-08-11#,T,5,answers,1
#2017-08-11#,T,5,media,2
#2017-08-11#,T,6,realdonaldtrump,2
#2017-08-11#,T,6,tell,4
#2017-08-11#,T,6,fakenews,1
#2017-08-11#,T,6,kelliwardaz,4
#2017-08-11#,T,6,american,3
#2017-08-11#,T,6,truth,2
#2017-08-11#,T,6,trust,2
#2017-08-11#,T,6,die,1
#2017-08-11#,T,6,und,1
#2017-08-11#,T,6,job,1
#2017-08-11#,T,6,rt,4
#2017-08-11#,T,6,hasn't,1
#2017-08-11#,T,6,zeitmagazin,1
#2017-08-11#,T,6,gegen,1
#2017-08-11#,T,6,beim,1
#2017-08-11#,T,7,media,2
#2017-08-11#,T,7,trump,5
#2017-08-11#,T,7,rt,4
#2017-08-11#,T,7,tell,4
#2017-08-11#,T,7,bill,1
#2017-08-11#,T,7,liberal,1
#2017-08-11#,T,7,donald,1
#2017-08-11#,T,7,korea,3
#2017-08-11#,T,7,blame,1
#2017-08-11#,T,7,kelliwardaz,4
#2017-08-11#,T,7,current,1
#2017-08-11#,T,7,war,3
#2017-08-11#,T,7,propaganda,1
#2017-08-11#,T,7,actually,1
#2017-08-11#,T,7,situation,1
#2017-08-11#,T,8,didn't,1
#2017-08-11#,T,8,president,2
#2017-08-11#,T,8,netanyahu,1
#2017-08-11#,T,8,nytimes,1
#2017-08-11#,T,8,american,3
#2017-08-11#,T,8,le,1
#2017-08-11#,T,8,kelliwardaz,4
#2017-08-11#,T,8,rt,4
#2017-08-11#,T,8,left,1
#2017-08-11#,T,8,agree,1
#2017-08-11#,T,8,read,1
#2017-08-11#,T,8,davidmweissman,1
#2017-08-11#,T,8,#northkorea,1
#2017-08-11#,T,8,late,2
#2017-08-11#,T,8,tell,4
#2017-08-12#,H,1,briefing,1
#2017-08-12#,H,1,morning,1
#2017-08-12#,H,1,strike,1
#2017-08-12#,H,1,edition,1
#2017-08-12#,H,1,times,1
#2017-08-12#,H,1,employee,1
#2017-08-12#,H,1,cancels,1
#2017-08-12#,H,1,google,1
#2017-08-12#,H,1,fears,1
#2017-08-12#,H,1,harassment,1
#2017-08-12#,H,1,meeting,1
#2017-08-12#,H,1,books,1
#2017-08-12#,H,1,game,1
#2017-08-12#,H,1,teacher,1
#2017-08-12#,H,1,retaliation,1
#2017-08-12#,H,2,bomb,1
#2017-08-12#,H,2,week,1
#2017-08-12#,H,2,fight,1
#2017-08-12#,H,2,happened,1
#2017-08-12#,H,2,teenage,1
#2017-08-12#,H,2,pregnancy,1
#2017-08-12#,H,2,programs,1
#2017-08-12#,H,2,risk,1
#2017-08-12#,H,2,cut,1
#2017-08-12#,H,2,police,1
#2017-08-12#,H,2,nuclear,2
#2017-08-12#,H,2,attack,1
#2017-08-12#,H,2,military,1
#2017-08-12#,H,2,america,1
#2017-08-12#,H,2,business,1
#2017-08-12#,H,3,north,3
#2017-08-12#,H,3,trump,4
#2017-08-12#,H,3,korea,4
#2017-08-12#,H,3,kim,1
#2017-08-12#,H,3,guam,1
#2017-08-12#,H,3,warns,1
#2017-08-12#,H,3,elliott,1
#2017-08-12#,H,3,allies,1
#2017-08-12#,H,3,korea's,1
#2017-08-12#,H,3,posts,1
#2017-08-12#,H,3,acts,1
#2017-08-12#,H,3,power,1
#2017-08-12#,H,3,book,1
#2017-08-12#,H,3,voters,1
#2017-08-12#,H,3,scandal,1
#2017-08-12#,H,4,play,1
#2017-08-12#,H,4,trump's,1
#2017-08-12#,H,4,missile,1
#2017-08-12#,H,4,hope,1
#2017-08-12#,H,4,economy,1
#2017-08-12#,H,4,opinion,1
#2017-08-12#,H,4,puzzle,1
#2017-08-12#,H,4,taylor,1
#2017-08-12#,H,4,swift,1
#2017-08-12#,H,4,seeing,1
#2017-08-12#,H,4,flagging,1
#2017-08-12#,H,4,korean,1
#2017-08-12#,H,4,stay,1
#2017-08-12#,H,4,india,1
#2017-08-12#,H,4,defense,1
#2017-08-12#,H,5,instagram,1
#2017-08-12#,H,5,brooks,1
#2017-08-12#,H,5,c.e.o,1
#2017-08-12#,H,5,pichai,1
#2017-08-12#,H,5,resign,1
#2017-08-12#,H,5,sundar,1
#2017-08-12#,H,5,dead,1
#2017-08-12#,H,5,photos,1
#2017-08-12#,H,5,david,1
#2017-08-12#,H,5,catch,1
#2017-08-12#,H,5,chris,1
#2017-08-12#,H,5,rihanna's,1
#2017-08-12#,H,5,attention,1
#2017-08-12#,H,5,brown's,1
#2017-08-12#,H,5,compromise,1
#2017-08-12#,H,6,food,1
#2017-08-12#,H,6,review,1
#2017-08-12#,H,6,editorial,1
#2017-08-12#,H,6,roll,1
#2017-08-12#,H,6,redux,1
#2017-08-12#,H,6,lowly,1
#2017-08-12#,H,6,breakfast,1
#2017-08-12#,H,6,drama,1
#2017-08-12#,H,6,buttered,1
#2017-08-12#,H,6,britain,1
#2017-08-12#,H,6,policing,1
#2017-08-12#,H,6,course,1
#2017-08-12#,H,6,correction,1
#2017-08-12#,H,6,deal,1
#2017-08-12#,H,6,city,1
#2017-08-12#,H,7,u.s,1
#2017-08-12#,H,7,mcconnell,1
#2017-08-12#,H,7,health,1
#2017-08-12#,H,7,hours,1
#2017-08-12#,H,7,risks,1
#2017-08-12#,H,7,ally,1
#2017-08-12#,H,7,fury,1
#2017-08-12#,H,7,alienating,1
#2017-08-12#,H,7,twitter,1
#2017-08-12#,H,7,key,1
#2017-08-12#,H,7,lot,1
#2017-08-12#,H,7,house,1
#2017-08-12#,H,7,washington,2
#2017-08-12#,H,7,korea,4
#2017-08-12#,H,7,trump,4
#2017-08-12#,H,8,threat,1
#2017-08-12#,H,8,sentences,1
#2017-08-12#,H,8,california,1
#2017-08-12#,H,8,world's,1
#2017-08-12#,H,8,change,1
#2017-08-12#,H,8,climate,1
#2017-08-12#,H,8,president,1
#2017-08-12#,H,8,election,1
#2017-08-12#,H,8,sues,1
#2017-08-12#,H,8,nuclear,2
#2017-08-12#,H,8,victor,1
#2017-08-12#,H,8,declared,1
#2017-08-12#,H,8,kenyan,1
#2017-08-12#,H,8,stuck,1
#2017-08-12#,H,8,missing,1
#2017-08-12#,T,1,foxnews,1
#2017-08-12#,T,1,americanvoterus,1
#2017-08-12#,T,1,support,1
#2017-08-12#,T,1,air,1
#2017-08-12#,T,1,constantly,1
#2017-08-12#,T,1,opinions,1
#2017-08-12#,T,1,trumpers,1
#2017-08-12#,T,1,mccain,1
#2017-08-12#,T,1,graham,1
#2017-08-12#,T,1,via,1
#2017-08-12#,T,1,rt,4
#2017-08-12#,T,1,contro,1
#2017-08-12#,T,1,washington,2
#2017-08-12#,T,1,war,1
#2017-08-12#,T,1,lies,1
#2017-08-12#,T,2,de,1
#2017-08-12#,T,2,#defendeurope,1
#2017-08-12#,T,2,la,2
#2017-08-12#,T,2,won't,1
#2017-08-12#,T,2,un,1
#2017-08-12#,T,2,defendeuropeid,1
#2017-08-12#,T,2,rt,4
#2017-08-12#,T,2,ha,1
#2017-08-12#,T,2,der,1
#2017-08-12#,T,2,#cnn,1
#2017-08-12#,T,2,que,1
#2017-08-12#,T,2,nytimes,1
#2017-08-12#,T,2,une,1
#2017-08-12#,T,2,#trump,1
#2017-08-12#,T,2,es,1
#2017-08-12#,T,3,trump,4
#2017-08-12#,T,3,beat,1
#2017-08-12#,T,3,polnewsforever,1
#2017-08-12#,T,3,badly,1
#2017-08-12#,T,3,derangement,1
#2017-08-12#,T,3,syndrome,1
#2017-08-12#,T,3,infected,1
#2017-08-12#,T,3,north,3
#2017-08-12#,T,3,russia,1
#2017-08-12#,T,3,rt,4
#2017-08-12#,T,3,korea,4
#2017-08-12#,T,3,polling,1
#2017-08-12#,T,3,la,2
#2017-08-12#,T,3,news,2
#2017-08-12#,T,3,cnn,2
#2017-08-12#,T,4,washingtonpost,1
#2017-08-12#,T,4,time,1
#2017-08-12#,T,4,lawsuit,1
#2017-08-12#,T,4,hefty,1
#2017-08-12#,T,4,shujarabbani,1
#2017-08-12#,T,4,afghanistan,1
#2017-08-12#,T,4,fires,1
#2017-08-12#,T,4,journalists,1
#2017-08-12#,T,4,slander,1
#2017-08-12#,T,4,paul,1
#2017-08-12#,T,4,peace,1
#2017-08-12#,T,4,jake,1
#2017-08-12#,T,4,copy,1
#2017-08-12#,T,4,panic,1
#2017-08-12#,T,4,political,1
#2017-08-12#,T,5,jessebwatters,1
#2017-08-12#,T,5,danrather,1
#2017-08-12#,T,5,bradcrain,1
#2017-08-12#,T,5,fake,1
#2017-08-12#,T,5,news,2
#2017-08-12#,T,5,jrcheneyjohn,1
#2017-08-12#,T,5,wasn't,1
#2017-08-12#,T,5,#fridayfeeling,1
#2017-08-12#,T,5,cool,1
#2017-08-12#,T,5,https://t.co/zvveo48obn,1
#2017-08-12#,T,5,legacy,1
#2017-08-12#,T,5,#cstar,1
#2017-08-12#,T,5,christiec,1
#2017-08-12#,T,5,die,1
#2017-08-12#,T,5,carrieksada,1
#2017-08-12#,T,6,cnn,2
#2017-08-12#,T,6,korea,4
#2017-08-12#,T,6,north,3
#2017-08-12#,T,6,trump,4
#2017-08-12#,T,6,#maga,1
#2017-08-12#,T,6,network,1
#2017-08-12#,T,6,propaganda,1
#2017-08-12#,T,6,israel,1
#2017-08-12#,T,6,realdonaldtrump,3
#2017-08-12#,T,6,officially,1
#2017-08-12#,T,6,the_trump_train,1
#2017-08-12#,T,6,abc,1
#2017-08-12#,T,6,sided,1
#2017-08-12#,T,6,united,1
#2017-08-12#,T,6,netanyahu,1
#2017-08-12#,T,7,realdonaldtrump,3
#2017-08-12#,T,7,democrats,1
#2017-08-12#,T,7,harlan,1
#2017-08-12#,T,7,told,1
#2017-08-12#,T,7,fraud,1
#2017-08-12#,T,7,voter,1
#2017-08-12#,T,7,exist,1
#2017-08-12#,T,7,https://t.co/ep4rd0uffc,1
#2017-08-12#,T,7,world,1
#2017-08-12#,T,7,talk,1
#2017-08-12#,T,7,#fakenews,1
#2017-08-12#,T,7,report,1
#2017-08-12#,T,7,rt,4
#2017-08-12#,T,7,truth,1
#2017-08-12#,T,7,weathers,1
#2017-08-12#,T,8,msm,1
#2017-08-12#,T,8,elites,1
#2017-08-12#,T,8,globalists,1
#2017-08-12#,T,8,we'll,1
#2017-08-12#,T,8,leftists,1
#2017-08-12#,T,8,rodstryker,1
#2017-08-12#,T,8,celebritards,1
#2017-08-12#,T,8,rino's,1
#2017-08-12#,T,8,islamofascists,1
#2017-08-12#,T,8,looney,1
#2017-08-12#,T,8,commies,1
#2017-08-12#,T,8,potus,1
#2017-08-12#,T,8,fakenews,1
#2017-08-12#,T,8,realdonaldtrump,3
#2017-08-12#,T,8,story,1
#2017-08-13#,H,1,tough,1
#2017-08-13#,H,1,york,1
#2017-08-13#,H,1,charlottesville,1
#2017-08-13#,H,1,car,1
#2017-08-13#,H,1,trump,7
#2017-08-13#,H,1,move,1
#2017-08-13#,H,1,west,1
#2017-08-13#,H,1,comment,1
#2017-08-13#,H,1,race,1
#2017-08-13#,H,1,reopens,1
#2017-08-13#,H,1,crime,1
#2017-08-13#,H,1,mom,1
#2017-08-13#,H,1,split,1
#2017-08-13#,H,1,board,1
#2017-08-13#,H,1,crowd,1
#2017-08-13#,H,2,white,3
#2017-08-13#,H,2,pay,1
#2017-08-13#,H,2,week,1
#2017-08-13#,H,2,editorial,1
#2017-08-13#,H,2,police,1
#2017-08-13#,H,2,deal,1
#2017-08-13#,H,2,president,2
#2017-08-13#,H,2,instagram,1
#2017-08-13#,H,2,aide,1
#2017-08-13#,H,2,house,1
#2017-08-13#,H,2,happened,1
#2017-08-13#,H,2,commuters,1
#2017-08-13#,H,2,share,1
#2017-08-13#,H,2,photos,1
#2017-08-13#,H,2,uproar,1
#2017-08-13#,H,3,kim,1
#2017-08-13#,H,3,korea,3
#2017-08-13#,H,3,trump,7
#2017-08-13#,H,3,north,3
#2017-08-13#,H,3,confederate,1
#2017-08-13#,H,3,military,1
#2017-08-13#,H,3,trump's,1
#2017-08-13#,H,3,watch,1
#2017-08-13#,H,3,nerd,1
#2017-08-13#,H,3,jong,1
#2017-08-13#,H,3,un,1
#2017-08-13#,H,3,regime,1
#2017-08-13#,H,3,exactly,1
#2017-08-13#,H,3,donald,2
#2017-08-13#,H,3,opinion,1
#2017-08-13#,H,4,behavior,1
#2017-08-13#,H,4,play,1
#2017-08-13#,H,4,reining,1
#2017-08-13#,H,4,beach-spreading,1
#2017-08-13#,H,4,bad,1
#2017-08-13#,H,4,inquiry,1
#2017-08-13#,H,4,puzzle,1
#2017-08-13#,H,4,curvy,1
#2017-08-13#,H,4,wife,1
#2017-08-13#,H,4,trolled,1
#2017-08-13#,H,4,praising,1
#2017-08-13#,H,4,husband,1
#2017-08-13#,H,4,stuck,1
#2017-08-13#,H,4,found,1
#2017-08-13#,H,4,dead,1
#2017-08-13#,H,5,north,3
#2017-08-13#,H,5,korea,3
#2017-08-13#,H,5,threats,1
#2017-08-13#,H,5,guam,1
#2017-08-13#,H,5,island,1
#2017-08-13#,H,5,taylor,1
#2017-08-13#,H,5,swift,1
#2017-08-13#,H,5,crisis,1
#2017-08-13#,H,5,fight,1
#2017-08-13#,H,5,trump,7
#2017-08-13#,H,5,brokaw,1
#2017-08-13#,H,5,barbed,1
#2017-08-13#,H,5,friends,1
#2017-08-13#,H,5,wire,1
#2017-08-13#,H,5,tom,1
#2017-08-13#,H,6,morning,1
#2017-08-13#,H,6,briefing,1
#2017-08-13#,H,6,edition,1
#2017-08-13#,H,6,city,1
#2017-08-13#,H,6,kitchen,1
#2017-08-13#,H,6,feature,1
#2017-08-13#,H,6,cool,1
#2017-08-13#,H,6,sale,1
#2017-08-13#,H,6,homes,1
#2017-08-13#,H,6,golf,1
#2017-08-13#,H,6,pulls,1
#2017-08-13#,H,6,cancer,1
#2017-08-13#,H,6,cop,1
#2017-08-13#,H,6,syria,1
#2017-08-13#,H,6,china,1
#2017-08-13#,H,7,review,1
#2017-08-13#,H,7,hours,1
#2017-08-13#,H,7,rally,1
#2017-08-13#,H,7,white,3
#2017-08-13#,H,7,virginia,1
#2017-08-13#,H,7,nationalists,1
#2017-08-13#,H,7,return,1
#2017-08-13#,H,7,shorty,1
#2017-08-13#,H,7,cannibal,1
#2017-08-13#,H,7,protesters,1
#2017-08-13#,H,7,marks,1
#2017-08-13#,H,7,suggest,1
#2017-08-13#,H,7,ritual,1
#2017-08-13#,H,7,britain,1
#2017-08-13#,H,7,ancient,1
#2017-08-13#,H,8,food,1
#2017-08-13#,H,8,breakfast,1
#2017-08-13#,H,8,redux,1
#2017-08-13#,H,8,lowly,1
#2017-08-13#,H,8,roll,1
#2017-08-13#,H,8,buttered,1
#2017-08-13#,H,8,begets,1
#2017-08-13#,H,8,drama,1
#2017-08-13#,H,8,valley,1
#2017-08-13#,H,8,silicon,1
#2017-08-13#,H,8,collins,1
#2017-08-13#,H,8,tweets,1
#2017-08-13#,H,8,eyes,1
#2017-08-13#,H,8,talk,1
#2017-08-13#,H,8,india,1
#2017-08-13#,T,1,cnn,2
#2017-08-13#,T,1,foxnews,1
#2017-08-13#,T,1,fake,1
#2017-08-13#,T,1,media,1
#2017-08-13#,T,1,russia,1
#2017-08-13#,T,1,#medialiesmatter,1
#2017-08-13#,T,1,#maga,1
#2017-08-13#,T,1,abc,1
#2017-08-13#,T,1,#cutthecable,1
#2017-08-13#,T,1,#trump,1
#2017-08-13#,T,1,poltoons,1
#2017-08-13#,T,1,#fakenewsmedia,1
#2017-08-13#,T,1,tell,1
#2017-08-13#,T,1,cbs,1
#2017-08-13#,T,1,nbc,1
#2017-08-13#,T,2,trump,7
#2017-08-13#,T,2,ready,1
#2017-08-13#,T,2,north,3
#2017-08-13#,T,2,korea,3
#2017-08-13#,T,2,march,1
#2017-08-13#,T,2,eating,2
#2017-08-13#,T,2,pretending,2
#2017-08-13#,T,2,neo,2
#2017-08-13#,T,2,mitchellvii,2
#2017-08-13#,T,2,question,2
#2017-08-13#,T,2,nazi,2
#2017-08-13#,T,2,supporters,2
#2017-08-13#,T,2,badly,1
#2017-08-13#,T,2,cnn,2
#2017-08-13#,T,2,derangement,1
#2017-08-13#,T,3,time,1
#2017-08-13#,T,3,washingtonpost,1
#2017-08-13#,T,3,journalists,1
#2017-08-13#,T,3,les,1
#2017-08-13#,T,3,fires,1
#2017-08-13#,T,3,shujarabbani,1
#2017-08-13#,T,3,afghanistan,1
#2017-08-13#,T,3,lawsuit,1
#2017-08-13#,T,3,hefty,1
#2017-08-13#,T,3,slander,1
#2017-08-13#,T,3,mightybusterbro,1
#2017-08-13#,T,3,#potus,1
#2017-08-13#,T,3,#russiaprobe,1
#2017-08-13#,T,3,#witchhunt,1
#2017-08-13#,T,3,hunt,1
#2017-08-13#,T,4,donald,2
#2017-08-13#,T,4,crap,1
#2017-08-13#,T,4,david,1
#2017-08-13#,T,4,duke,1
#2017-08-13#,T,4,little,1
#2017-08-13#,T,4,disavowed,1
#2017-08-13#,T,4,cut,1
#2017-08-13#,T,4,sparklesoup,1
#2017-08-13#,T,4,multiple,1
#2017-08-13#,T,4,occasions,1
#2017-08-13#,T,4,whiny,1
#2017-08-13#,T,4,parasite,1
#2017-08-13#,T,4,divisive,1
#2017-08-13#,T,4,trump,7
#2017-08-13#,T,4,#defendeurope,1
#2017-08-13#,T,5,los,1
#2017-08-13#,T,5,dirt,1
#2017-08-13#,T,5,digging,1
#2017-08-13#,T,5,continue,1
#2017-08-13#,T,5,disappointed,1
#2017-08-13#,T,5,globalists,1
#2017-08-13#,T,5,realalexjones,1
#2017-08-13#,T,5,https://t.co/hfszjtvurg,1
#2017-08-13#,T,5,fines,1
#2017-08-13#,T,5,medios,1
#2017-08-13#,T,5,es,1
#2017-08-13#,T,5,que,1
#2017-08-13#,T,5,und,1
#2017-08-13#,T,5,ya,1
#2017-08-13#,T,5,das,1
#2017-08-13#,T,6,potus,1
#2017-08-13#,T,6,#msm,1
#2017-08-13#,T,6,realdonaldtrump,1
#2017-08-13#,T,6,he's,1
#2017-08-13#,T,6,saying,1
#2017-08-13#,T,6,usa,1
#2017-08-13#,T,6,obama,1
#2017-08-13#,T,6,nut,1
#2017-08-13#,T,6,bomb,1
#2017-08-13#,T,6,criticizing,1
#2017-08-13#,T,6,georgiadirtroad,1
#2017-08-13#,T,6,bill,1
#2017-08-13#,T,6,reason,1
#2017-08-13#,T,6,rhetoric,1
#2017-08-13#,T,6,liberals,1
#2017-08-13#,T,7,president,2
#2017-08-13#,T,7,attack,1
#2017-08-13#,T,7,davidmweissman,1
#2017-08-13#,T,7,israel,1
#2017-08-13#,T,7,netanyahu,1
#2017-08-13#,T,7,infiltrated,1
#2017-08-13#,T,7,pm,1
#2017-08-13#,T,7,#standwithnetanyahu,1
#2017-08-13#,T,7,news,1
#2017-08-13#,T,7,stop,1
#2017-08-13#,T,7,=,1
#2017-08-13#,T,7,anymore,1
#2017-08-13#,T,7,brentbozell,1
#2017-08-13#,T,7,network,1
#2017-08-13#,T,7,trump,7
#2017-08-13#,T,8,#antifa,1
#2017-08-13#,T,8,thanks,1
#2017-08-13#,T,8,care,1
#2017-08-13#,T,8,americanvoterus,1
#2017-08-13#,T,8,supporters,2
#2017-08-13#,T,8,dear,1
#2017-08-13#,T,8,white,3
#2017-08-13#,T,8,voice,1
#2017-08-13#,T,8,nazi,2
#2017-08-13#,T,8,question,2
#2017-08-13#,T,8,mitchellvii,2
#2017-08-13#,T,8,neo,2
#2017-08-13#,T,8,trump,7
#2017-08-13#,T,8,pretending,2
#2017-08-13#,T,8,eating,2
